k_hMpc,P_LCDM,P_convA,P_convB,T_k,dsigma2_dlnk
1.000000000000000048e-04,4.216319654191665904e+02,4.216319654191665904e+02,4.216319654191665904e+02,1.000000000000000000e+00,2.136012218612748372e-11
1.003460715821765650e-04,4.230391216512068127e+02,4.230391216512068127e+02,4.230391216512068127e+02,1.000000000000000000e+00,2.165468444827834848e-11
1.006933408197530414e-04,4.244509684620412031e+02,4.244509684620412031e+02,4.244509684620412031e+02,1.000000000000000000e+00,2.195330857755049214e-11
1.010418118574743924e-04,4.258675216477886352e+02,4.258675216477886352e+02,4.258675216477886352e+02,1.000000000000000000e+00,2.225605050865673324e-11
1.013914888544294223e-04,4.272887970588915891e+02,4.272887970588915891e+02,4.272887970588915891e+02,1.000000000000000000e+00,2.256296704297826356e-11
1.017423759841003017e-04,4.287148106003079988e+02,4.287148106003079988e+02,4.287148106003079988e+02,1.000000000000000000e+00,2.287411577268909593e-11
1.020944774344125227e-04,4.301455782317181047e+02,4.301455782317181047e+02,4.301455782317181047e+02,1.000000000000000000e+00,2.318955503091099101e-11
1.024477974077846767e-04,4.315811159676995317e+02,4.315811159676995317e+02,4.315811159676995317e+02,1.000000000000000000e+00,2.350934400742087392e-11
1.028023401211788435e-04,4.330214398779366434e+02,4.330214398779366434e+02,4.330214398779366434e+02,1.000000000000000000e+00,2.383354269932695265e-11
1.031581098061507213e-04,4.344665660874089212e+02,4.344665660874089212e+02,4.344665660874089212e+02,1.000000000000000000e+00,2.416221188858579711e-11
1.035151107089002999e-04,4.359165107765837206e+02,4.359165107765837206e+02,4.359165107765837206e+02,1.000000000000000000e+00,2.449541325923450177e-11
1.038733470903224120e-04,4.373712901811895222e+02,4.373712901811895222e+02,4.373712901811895222e+02,1.000000000000000000e+00,2.483320929160563318e-11
1.042328232260576493e-04,4.388309205142655287e+02,4.388309205142655287e+02,4.388309205142655287e+02,1.000000000000000000e+00,2.517566334754368687e-11
1.045935434065433750e-04,4.402954178745695231e+02,4.402954178745695231e+02,4.402954178745695231e+02,1.000000000000000000e+00,2.552283969954069237e-11
1.049555119370649246e-04,4.417647983918267869e+02,4.417647983918267869e+02,4.417647983918267869e+02,1.000000000000000000e+00,2.587480337491353206e-11
1.053187331378070246e-04,4.432390782486027661e+02,4.432390782486027661e+02,4.432390782486027661e+02,1.000000000000000000e+00,2.623162044624691628e-11
1.056832113439053596e-04,4.447182736804584238e+02,4.447182736804584238e+02,4.447182736804584238e+02,1.000000000000000000e+00,2.659335778241203187e-11
1.060489509054982077e-04,4.462024009761494199e+02,4.462024009761494199e+02,4.462024009761494199e+02,1.000000000000000000e+00,2.696008325396540472e-11
1.064159561877784819e-04,4.476914764777705500e+02,4.476914764777705500e+02,4.476914764777705500e+02,1.000000000000000000e+00,2.733186562555107782e-11
1.067842315710458670e-04,4.491855165809445225e+02,4.491855165809445225e+02,4.491855165809445225e+02,1.000000000000000000e+00,2.770877464838002729e-11
1.071537814507588475e-04,4.506845377349835644e+02,4.506845377349835644e+02,4.506845377349835644e+02,1.000000000000000000e+00,2.809088095135502494e-11
1.075246102375875082e-04,4.521885564430708655e+02,4.521885564430708655e+02,4.521885564430708655e+02,1.000000000000000000e+00,2.847825619181297635e-11
1.078967223574659015e-04,4.536975892624233211e+02,4.536975892624233211e+02,4.536975892624233211e+02,1.000000000000000000e+00,2.887097309233443233e-11
1.082701222516450510e-04,4.552116528044809911e+02,4.552116528044809911e+02,4.552116528044809911e+02,1.000000000000000000e+00,2.926910524372414672e-11
1.086448143767458066e-04,4.567307637350613732e+02,4.567307637350613732e+02,4.567307637350613732e+02,1.000000000000000000e+00,2.967272728605313406e-11
1.090208032048122004e-04,4.582549387745552281e+02,4.582549387745552281e+02,4.582549387745552281e+02,1.000000000000000000e+00,3.008191497520632244e-11
1.093980932233646952e-04,4.597841946926219521e+02,4.597841946926219521e+02,4.597841946926219521e+02,1.000000000000000000e+00,3.049674495428338152e-11
1.097766889354537842e-04,4.613185482720514869e+02,4.613185482720514869e+02,4.613185482720514869e+02,1.000000000000000000e+00,3.091729511203474841e-11
1.101565948597137406e-04,4.628580163308216697e+02,4.628580163308216697e+02,4.628580163308216697e+02,1.000000000000000000e+00,3.134364423714830843e-11
1.105378155304165836e-04,4.644026157411839222e+02,4.644026157411839222e+02,4.644026157411839222e+02,1.000000000000000000e+00,3.177587229300668966e-11
1.109203554975261125e-04,4.659523634299316655e+02,4.659523634299316655e+02,4.659523634299316655e+02,1.000000000000000000e+00,3.221406036664771822e-11
1.113042193267522523e-04,4.675072763785763641e+02,4.675072763785763641e+02,4.675072763785763641e+02,1.000000000000000000e+00,3.265829055632583515e-11
1.116894115996056161e-04,4.690673716235124289e+02,4.690673716235124289e+02,4.690673716235124289e+02,1.000000000000000000e+00,3.310864618875922588e-11
1.120759369134520674e-04,4.706326662561968988e+02,4.706326662561968988e+02,4.706326662561968988e+02,1.000000000000000000e+00,3.356521173763751788e-11
1.124637998815676489e-04,4.722031774233072952e+02,4.722031774233072952e+02,4.722031774233072952e+02,1.000000000000000000e+00,3.402807280108916748e-11
1.128530051331936733e-04,4.737789223269367653e+02,4.737789223269367653e+02,4.737789223269367653e+02,1.000000000000000000e+00,3.449731610901413170e-11
1.132435573135919362e-04,4.753599182247431258e+02,4.753599182247431258e+02,4.753599182247431258e+02,1.000000000000000000e+00,3.497302977516161520e-11
1.136354610841000784e-04,4.769461824301424144e+02,4.769461824301424144e+02,4.769461824301424144e+02,1.000000000000000000e+00,3.545530287869037243e-11
1.140287211221874492e-04,4.785377323124682789e+02,4.785377323124682789e+02,4.785377323124682789e+02,1.000000000000000000e+00,3.594422589958167346e-11
1.144233421215107126e-04,4.801345852971621184e+02,4.801345852971621184e+02,4.801345852971621184e+02,1.000000000000000000e+00,3.643989045181321746e-11
1.148193287919699275e-04,4.817367588679413757e+02,4.817367588679413757e+02,4.817367588679413757e+02,1.000000000000000000e+00,3.694238953825245386e-11
1.152166858597648179e-04,4.833442706610815094e+02,4.833442706610815094e+02,4.833442706610815094e+02,1.000000000000000000e+00,3.745181735094846065e-11
1.156154180674510837e-04,4.849571385072485441e+02,4.849571385072485441e+02,4.849571385072485441e+02,1.000000000000000000e+00,3.796826946920482699e-11
1.160155301739971721e-04,4.865753803074321695e+02,4.865753803074321695e+02,4.865753803074321695e+02,1.000000000000000000e+00,3.849184270393838303e-11
1.164170269548408458e-04,4.881990140229087274e+02,4.881990140229087274e+02,4.881990140229087274e+02,1.000000000000000000e+00,3.902263519879713143e-11
1.168199132019463884e-04,4.898280576754556250e+02,4.898280576754556250e+02,4.898280576754556250e+02,1.000000000000000000e+00,3.956074659695959576e-11
1.172241937238616469e-04,4.914625293475333478e+02,4.914625293475333478e+02,4.914625293475333478e+02,1.000000000000000000e+00,4.010627770491871088e-11
1.176298733457755352e-04,4.931024471825282944e+02,4.931024471825282944e+02,4.931024471825282944e+02,1.000000000000000000e+00,4.065933094278621112e-11
1.180369569095755236e-04,4.947478293849262627e+02,4.947478293849262627e+02,4.947478293849262627e+02,1.000000000000000000e+00,4.122000994360118457e-11
1.184454492739055761e-04,4.963986942205377204e+02,4.963986942205377204e+02,4.963986942205377204e+02,1.000000000000000000e+00,4.178841994315305059e-11
1.188553553142239114e-04,4.980550600167085804e+02,4.980550600167085804e+02,4.980550600167085804e+02,1.000000000000000000e+00,4.236466737596323886e-11
1.192666799228614275e-04,4.997169451625160264e+02,4.997169451625160264e+02,4.997169451625160264e+02,1.000000000000000000e+00,4.294886049220703684e-11
1.196794280090799235e-04,5.013843681090041855e+02,5.013843681090041855e+02,5.013843681090041855e+02,1.000000000000000000e+00,4.354110869590318375e-11
1.200936044991308092e-04,5.030573473693606843e+02,5.030573473693606843e+02,5.030573473693606843e+02,1.000000000000000000e+00,4.414152316476533318e-11
1.205092143363138148e-04,5.047359015191648837e+02,5.047359015191648837e+02,5.047359015191648837e+02,1.000000000000000000e+00,4.475021644266723885e-11
1.209262624810360253e-04,5.064200491604520380e+02,5.064200491604520380e+02,5.064200491604520380e+02,1.000000000000000000e+00,4.536730270495377578e-11
1.213447539108711190e-04,5.081098087862478678e+02,5.081098087862478678e+02,5.081098087862478678e+02,1.000000000000000000e+00,4.599289762723751940e-11
1.217646936206187271e-04,5.098051988990536643e+02,5.098051988990536643e+02,5.098051988990536643e+02,1.000000000000000000e+00,4.662711850371413030e-11
1.221860866223640520e-04,5.115062380611121284e+02,5.115062380611121284e+02,5.115062380611121284e+02,1.000000000000000000e+00,4.727008426298122050e-11
1.226089379455376873e-04,5.132129448946177490e+02,5.132129448946177490e+02,5.132129448946177490e+02,1.000000000000000000e+00,4.792191547943650814e-11
1.230332526369756969e-04,5.149253380818971664e+02,5.149253380818971664e+02,5.149253380818971664e+02,1.000000000000000000e+00,4.858273438464243251e-11
1.234590357609797605e-04,5.166434363655811239e+02,5.166434363655811239e+02,5.166434363655811239e+02,1.000000000000000000e+00,4.925266477889273358e-11
1.238862923993777133e-04,5.183672585488187678e+02,5.183672585488187678e+02,5.183672585488187678e+02,1.000000000000000000e+00,4.993183230777190814e-11
1.243150276515841252e-04,5.200968234954447098e+02,5.200968234954447098e+02,5.200968234954447098e+02,1.000000000000000000e+00,5.062036440923003581e-11
1.247452466346611795e-04,5.218321501301951457e+02,5.218321501301951457e+02,5.218321501301951457e+02,1.000000000000000000e+00,5.131838999059969152e-11
1.251769544833797939e-04,5.235732574388642888e+02,5.235732574388642888e+02,5.235732574388642888e+02,1.000000000000000000e+00,5.202604010987860323e-11
1.256101563502808787e-04,5.253201644685158271e+02,5.253201644685158271e+02,5.253201644685158271e+02,1.000000000000000000e+00,5.274344725027307443e-11
1.260448574057367564e-04,5.270728903276793744e+02,5.270728903276793744e+02,5.270728903276793744e+02,1.000000000000000000e+00,5.347074600476455533e-11
1.264810628380129886e-04,5.288314541865204319e+02,5.288314541865204319e+02,5.288314541865204319e+02,1.000000000000000000e+00,5.420807282105811692e-11
1.269187778533302296e-04,5.305958752811491195e+02,5.305958752811491195e+02,5.305958752811491195e+02,1.000000000000000000e+00,5.495556580982269491e-11
1.273580076759263781e-04,5.323661729954964130e+02,5.323661729954964130e+02,5.323661729954964130e+02,1.000000000000000000e+00,5.571336503666806803e-11
1.277987575481190005e-04,5.341423668583094013e+02,5.341423668583094013e+02,5.341423668583094013e+02,1.000000000000000000e+00,5.648161287985546915e-11
1.282410327303677808e-04,5.359244764662555554e+02,5.359244764662555554e+02,5.359244764662555554e+02,1.000000000000000000e+00,5.726045307611850509e-11
1.286848385013373230e-04,5.377125214809791487e+02,5.377125214809791487e+02,5.377125214809791487e+02,1.000000000000000000e+00,5.805003190052467633e-11
1.291301801579602514e-04,5.395065216293135109e+02,5.395065216293135109e+02,5.395065216293135109e+02,1.000000000000000000e+00,5.885049714759315653e-11
1.295770630155003390e-04,5.413064967034925985e+02,5.413064967034925985e+02,5.413064967034925985e+02,1.000000000000000000e+00,5.966199911245471421e-11
1.300254924076160138e-04,5.431124665613683646e+02,5.431124665613683646e+02,5.431124665613683646e+02,1.000000000000000000e+00,6.048468984349746732e-11
1.304754736864239205e-04,5.449244511266379050e+02,5.449244511266379050e+02,5.449244511266379050e+02,1.000000000000000000e+00,6.131872364235437561e-11
1.309270122225628889e-04,5.467424703890505953e+02,5.467424703890505953e+02,5.467424703890505953e+02,1.000000000000000000e+00,6.216425686978178051e-11
1.313801134052580092e-04,5.485665444046163657e+02,5.485665444046163657e+02,5.485665444046163657e+02,1.000000000000000000e+00,6.302144810038886368e-11
1.318347826423849263e-04,5.503966932958614962e+02,5.503966932958614962e+02,5.503966932958614962e+02,1.000000000000000000e+00,6.389045792587204585e-11
1.322910253605344845e-04,5.522329372519993740e+02,5.522329372519993740e+02,5.522329372519993740e+02,1.000000000000000000e+00,6.477144939376833418e-11
1.327488470050772922e-04,5.540752965291960663e+02,5.540752965291960663e+02,5.540752965291960663e+02,1.000000000000000000e+00,6.566458767007617719e-11
1.332082530402288825e-04,5.559237914507651794e+02,5.559237914507651794e+02,5.559237914507651794e+02,1.000000000000000000e+00,6.657004026725161897e-11
1.336692489491149547e-04,5.577784424143579827e+02,5.577784424143579827e+02,5.577784424143579827e+02,1.000000000000000000e+00,6.748797677464746953e-11
1.341318402338366976e-04,5.596392699061896110e+02,5.596392699061896110e+02,5.596392699061896110e+02,1.000000000000000000e+00,6.841856944861326506e-11
1.345960324155364655e-04,5.615062944845635684e+02,5.615062944845635684e+02,5.615062944845635684e+02,1.000000000000000000e+00,6.936199265380592757e-11
1.350618310344638053e-04,5.633795367762535307e+02,5.633795367762535307e+02,5.633795367762535307e+02,1.000000000000000000e+00,7.031842345482521790e-11
1.355292416500414039e-04,5.652590174767361759e+02,5.652590174767361759e+02,5.652590174767361759e+02,1.000000000000000000e+00,7.128804105554170806e-11
1.359982698409315763e-04,5.671447573504209458e+02,5.671447573504209458e+02,5.671447573504209458e+02,1.000000000000000000e+00,7.227102732193001341e-11
1.364689212051028631e-04,5.690367772308769645e+02,5.690367772308769645e+02,5.690367772308769645e+02,1.000000000000000000e+00,7.326756636272799136e-11
1.369412013598966273e-04,5.709350980210689386e+02,5.709350980210689386e+02,5.709350980210689386e+02,1.000000000000000000e+00,7.427784535075542223e-11
1.374151159420944107e-04,5.728397406935770277e+02,5.728397406935770277e+02,5.728397406935770277e+02,1.000000000000000000e+00,7.530205344298112268e-11
1.378906706079849646e-04,5.747507262908446819e+02,5.747507262908446819e+02,5.747507262908446819e+02,1.000000000000000000e+00,7.634038275020098012e-11
1.383678710334319308e-04,5.766680759254078339e+02,5.766680759254078339e+02,5.766680759254078339e+02,1.000000000000000000e+00,7.739302798955602437e-11
1.388467229139413064e-04,5.785918107801165888e+02,5.785918107801165888e+02,5.785918107801165888e+02,1.000000000000000000e+00,7.846018650204549560e-11
1.393272319647299114e-04,5.805219521083876089e+02,5.805219521083876089e+02,5.805219521083876089e+02,1.000000000000000000e+00,7.954205834471436587e-11
1.398094039207930421e-04,5.824585212344156844e+02,5.824585212344156844e+02,5.824585212344156844e+02,1.000000000000000000e+00,8.063884630928585377e-11
1.402932445369733732e-04,5.844015395368203372e+02,5.844015395368203372e+02,5.844015395368203372e+02,1.000000000000000000e+00,8.175075616411453248e-11
1.407787595880293158e-04,5.863510282771102311e+02,5.863510282771102311e+02,5.863510282771102311e+02,1.000000000000000000e+00,8.287799627465395732e-11
1.412659548687041360e-04,5.883070086664798737e+02,5.883070086664798737e+02,5.883070086664798737e+02,1.000000000000000000e+00,8.402077800620779120e-11
1.417548361937950722e-04,5.902695019816416107e+02,5.902695019816416107e+02,5.902695019816416107e+02,1.000000000000000000e+00,8.517931545790658084e-11
1.422454093982227516e-04,5.922385295669004108e+02,5.922385295669004108e+02,5.922385295669004108e+02,1.000000000000000000e+00,8.635382586116171773e-11
1.427376803371006875e-04,5.942141128343214405e+02,5.942141128343214405e+02,5.942141128343214405e+02,1.000000000000000000e+00,8.754452929693569929e-11
1.432316548858054268e-04,5.961962732639634623e+02,5.961962732639634623e+02,5.961962732639634623e+02,1.000000000000000000e+00,8.875164902086829910e-11
1.437273389400464002e-04,5.981850324040694886e+02,5.981850324040694886e+02,5.981850324040694886e+02,1.000000000000000000e+00,8.997541133241510769e-11
1.442247384159364763e-04,6.001804118712735772e+02,6.001804118712735772e+02,6.001804118712735772e+02,1.000000000000000000e+00,9.121604551812769330e-11
1.447238592500625436e-04,6.021824333508247946e+02,6.021824333508247946e+02,6.021824333508247946e+02,1.000000000000000000e+00,9.247378418092476129e-11
1.452247073995561999e-04,6.041911185967559277e+02,6.041911185967559277e+02,6.041911185967559277e+02,1.000000000000000000e+00,9.374886303101511987e-11
1.457272888421651204e-04,6.062064894321238171e+02,6.062064894321238171e+02,6.062064894321238171e+02,1.000000000000000000e+00,9.504152090623675888e-11
1.462316095763242351e-04,6.082285677492104696e+02,6.082285677492104696e+02,6.082285677492104696e+02,1.000000000000000000e+00,9.635200041870163603e-11
1.467376756212272326e-04,6.102573755097156436e+02,6.102573755097156436e+02,6.102573755097156436e+02,1.000000000000000000e+00,9.768054688555234191e-11
1.472454930168987401e-04,6.122929347460013787e+02,6.122929347460013787e+02,6.122929347460013787e+02,1.000000000000000000e+00,9.902740936609804467e-11
1.477550678242659898e-04,6.143352676810789035e+02,6.143352676810789035e+02,6.143352676810789035e+02,1.000000000000000000e+00,1.003928405524131848e-10
1.482664061252314872e-04,6.163843968437582816e+02,6.163843968437582816e+02,6.163843968437582816e+02,1.000000000000000000e+00,1.017770961017368050e-10
1.487795140227454087e-04,6.184403448646917241e+02,6.184403448646917241e+02,6.184403448646917241e+02,1.000000000000000000e+00,1.031804355744106948e-10
1.492943976408785144e-04,6.205031344501734338e+02,6.205031344501734338e+02,6.205031344501734338e+02,1.000000000000000000e+00,1.046031221405970118e-10
1.498110631248952775e-04,6.225727883823801676e+02,6.225727883823801676e+02,6.225727883823801676e+02,1.000000000000000000e+00,1.060454224451154311e-10
1.503295166413271217e-04,6.246493295196506779e+02,6.246493295196506779e+02,6.246493295196506779e+02,1.000000000000000000e+00,1.075076069514913311e-10
1.508497643780461477e-04,6.267327807967120634e+02,6.267327807967120634e+02,6.267327807967120634e+02,1.000000000000000000e+00,1.089899495661977294e-10
1.513718125443388584e-04,6.288231652249644412e+02,6.288231652249644412e+02,6.288231652249644412e+02,1.000000000000000000e+00,1.104927283880916843e-10
1.518956673709803999e-04,6.309205058927242362e+02,6.309205058927242362e+02,6.309205058927242362e+02,1.000000000000000000e+00,1.120162250103282449e-10
1.524213351103088020e-04,6.330248259654883896e+02,6.330248259654883896e+02,6.330248259654883896e+02,1.000000000000000000e+00,1.135607250300141630e-10
1.529488220362996802e-04,6.351361486861858339e+02,6.351361486861858339e+02,6.351361486861858339e+02,1.000000000000000000e+00,1.151265180769290900e-10
1.534781344446411262e-04,6.372544973754456805e+02,6.372544973754456805e+02,6.372544973754456805e+02,1.000000000000000000e+00,1.167138975140462452e-10
1.540092786528087356e-04,6.393798954318612004e+02,6.393798954318612004e+02,6.393798954318612004e+02,1.000000000000000000e+00,1.183231610368274709e-10
1.545422610001412301e-04,6.415123663322397078e+02,6.415123663322397078e+02,6.415123663322397078e+02,1.000000000000000000e+00,1.199546103754934905e-10
1.550770878479158647e-04,6.436519335976091725e+02,6.436519335976091725e+02,6.436519335976091725e+02,1.000000000000000000e+00,1.216085511498997879e-10
1.556137655794244835e-04,6.457986205953975514e+02,6.457986205953975514e+02,6.457986205953975514e+02,1.000000000000000000e+00,1.232852935206788259e-10
1.561523006000497128e-04,6.479524506723689683e+02,6.479524506723689683e+02,6.479524506723689683e+02,1.000000000000000000e+00,1.249851515803775752e-10
1.566926993373413970e-04,6.501134472494059082e+02,6.501134472494059082e+02,6.501134472494059082e+02,1.000000000000000000e+00,1.267084441480620738e-10
1.572349682410933058e-04,6.522816338220204671e+02,6.522816338220204671e+02,6.522816338220204671e+02,1.000000000000000000e+00,1.284554940499377319e-10
1.577791137834200859e-04,6.544570339605871823e+02,6.544570339605871823e+02,6.544570339605871823e+02,1.000000000000000000e+00,1.302266285642766523e-10
1.583251424588345098e-04,6.566396713105830258e+02,6.566396713105830258e+02,6.566396713105830258e+02,1.000000000000000000e+00,1.320221798746187205e-10
1.588730607843250780e-04,6.588295695927982933e+02,6.588295695927982933e+02,6.588295695927982933e+02,1.000000000000000000e+00,1.338424843439407545e-10
1.594228752994337290e-04,6.610267526035602259e+02,6.610267526035602259e+02,6.610267526035602259e+02,1.000000000000000000e+00,1.356878831350646852e-10
1.599745925663338480e-04,6.632312442149976732e+02,6.632312442149976732e+02,6.632312442149976732e+02,1.000000000000000000e+00,1.375587219890297628e-10
1.605282191699086811e-04,6.654430683752325422e+02,6.654430683752325422e+02,6.654430683752325422e+02,1.000000000000000000e+00,1.394553515979052629e-10
1.610837617178298323e-04,6.676622491086304763e+02,6.676622491086304763e+02,6.676622491086304763e+02,1.000000000000000000e+00,1.413781273826982561e-10
1.616412268406362471e-04,6.698888105160289115e+02,6.698888105160289115e+02,6.698888105160289115e+02,1.000000000000000000e+00,1.433274094385003671e-10
1.622006211918132512e-04,6.721227767749633131e+02,6.721227767749633131e+02,6.721227767749633131e+02,1.000000000000000000e+00,1.453035634295607343e-10
1.627619514478719680e-04,6.743641721456729101e+02,6.743641721456729101e+02,6.743641721456729101e+02,1.000000000000000000e+00,1.473069594192731555e-10
1.633252243084290620e-04,6.766130211824666958e+02,6.766130211824666958e+02,6.766130211824666958e+02,1.000000000000000000e+00,1.493379728988135913e-10
1.638904464962866712e-04,6.788693487984238573e+02,6.788693487984238573e+02,6.788693487984238573e+02,1.000000000000000000e+00,1.513969846688293753e-10
1.644576247575125843e-04,6.811331800092167441e+02,6.811331800092167441e+02,6.811331800092167441e+02,1.000000000000000000e+00,1.534843805585547082e-10
1.650267658615209049e-04,6.834045399153884546e+02,6.834045399153884546e+02,6.834045399153884546e+02,1.000000000000000000e+00,1.556005518061870521e-10
1.655978766011526894e-04,6.856834537026670660e+02,6.856834537026670660e+02,6.856834537026670660e+02,1.000000000000000000e+00,1.577458952735203624e-10
1.661709637927570723e-04,6.879699466422434853e+02,6.879699466422434853e+02,6.879699466422434853e+02,1.000000000000000000e+00,1.599208129554896693e-10
1.667460342762727167e-04,6.902640440910820416e+02,6.902640440910820416e+02,6.902640440910820416e+02,1.000000000000000000e+00,1.621257124564811136e-10
1.673230949153092925e-04,6.925657714922090236e+02,6.925657714922090236e+02,6.925657714922090236e+02,1.000000000000000000e+00,1.643610072078910201e-10
1.679021525972294686e-04,6.948751543750162227e+02,6.948751543750162227e+02,6.948751543750162227e+02,1.000000000000000000e+00,1.666271161524308657e-10
1.684832142332312046e-04,6.971922183555532229e+02,6.971922183555532229e+02,6.971922183555532229e+02,1.000000000000000000e+00,1.689244640494556700e-10
1.690662867584300682e-04,6.995169891368411754e+02,6.995169891368411754e+02,6.995169891368411754e+02,1.000000000000000000e+00,1.712534816054354005e-10
1.696513771319421498e-04,7.018494925091584946e+02,7.018494925091584946e+02,7.018494925091584946e+02,1.000000000000000000e+00,1.736146052447037269e-10
1.702384923369669770e-04,7.041897543503566794e+02,7.041897543503566794e+02,7.041897543503566794e+02,1.000000000000000000e+00,1.760082776905638782e-10
1.708276393808710522e-04,7.065378006261519204e+02,7.065378006261519204e+02,7.065378006261519204e+02,1.000000000000000000e+00,1.784349475566065164e-10
1.714188252952713091e-04,7.088936572444064268e+02,7.088936572444064268e+02,7.088936572444064268e+02,1.000000000000000000e+00,1.808950696216623229e-10
1.720120571361191111e-04,7.112573495821092138e+02,7.112573495821092138e+02,7.112573495821092138e+02,1.000000000000000000e+00,1.833891049317905250e-10
1.726073419837845485e-04,7.136289029317417771e+02,7.136289029317417771e+02,7.136289029317417771e+02,1.000000000000000000e+00,1.859175205864324151e-10
1.732046869431407346e-04,7.160083426624170215e+02,7.160083426624170215e+02,7.160083426624170215e+02,1.000000000000000000e+00,1.884807904629513354e-10
1.738040991436488078e-04,7.183956942201029960e+02,7.183956942201029960e+02,7.183956942201029960e+02,1.000000000000000000e+00,1.910793946189343003e-10
1.744055857394429595e-04,7.207909831278107049e+02,7.207909831278107049e+02,7.207909831278107049e+02,1.000000000000000000e+00,1.937138198877178354e-10
1.750091539094157341e-04,7.231942349858137504e+02,7.231942349858137504e+02,7.231942349858137504e+02,1.000000000000000000e+00,1.963845598331629375e-10
1.756148108573038708e-04,7.256054754718494451e+02,7.256054754718494451e+02,7.256054754718494451e+02,1.000000000000000000e+00,1.990921147024419052e-10
1.762225638117741178e-04,7.280247303413328837e+02,7.280247303413328837e+02,7.280247303413328837e+02,1.000000000000000000e+00,2.018369917517010013e-10
1.768324200265096165e-04,7.304520254275539628e+02,7.304520254275539628e+02,7.304520254275539628e+02,1.000000000000000000e+00,2.046197050129706487e-10
1.774443867802965018e-04,7.328873866418914531e+02,7.328873866418914531e+02,7.328873866418914531e+02,1.000000000000000000e+00,2.074407758100805385e-10
1.780584713771105575e-04,7.353308399740357117e+02,7.353308399740357117e+02,7.353308399740357117e+02,1.000000000000000000e+00,2.103007325265314237e-10
1.786746811462047106e-04,7.377824114921696719e+02,7.377824114921696719e+02,7.377824114921696719e+02,1.000000000000000000e+00,2.132001109374132568e-10
1.792930234421963103e-04,7.402421273432051976e+02,7.402421273432051976e+02,7.402421273432051976e+02,1.000000000000000000e+00,2.161394539750966656e-10
1.799135056451548940e-04,7.427100137824512558e+02,7.427100137824512558e+02,7.427100137824512558e+02,1.000000000000000000e+00,2.191193122626396725e-10
1.805361351606904138e-04,7.451860976666938541e+02,7.451860976666938541e+02,7.451860976666938541e+02,1.000000000000000000e+00,2.221402442196582318e-10
1.811609194200414371e-04,7.476704063876177315e+02,7.476704063876177315e+02,7.476704063876177315e+02,1.000000000000000000e+00,2.252028156217713341e-10
1.817878658801639691e-04,7.501629674443871636e+02,7.501629674443871636e+02,7.501629674443871636e+02,1.000000000000000000e+00,2.283076006811440939e-10
1.824169820238204394e-04,7.526638084296281477e+02,7.526638084296281477e+02,7.526638084296281477e+02,1.000000000000000000e+00,2.314551810406386063e-10
1.830482753596690125e-04,7.551729570297695773e+02,7.551729570297695773e+02,7.551729570297695773e+02,1.000000000000000000e+00,2.346461464034580129e-10
1.836817534223531435e-04,7.576904410253639526e+02,7.576904410253639526e+02,7.576904410253639526e+02,1.000000000000000000e+00,2.378810951742097968e-10
1.843174237725915391e-04,7.602162882914196871e+02,7.602162882914196871e+02,7.602162882914196871e+02,1.000000000000000000e+00,2.411606331542144556e-10
1.849552939972684182e-04,7.627505267977155654e+02,7.627505267977155654e+02,7.627505267977155654e+02,1.000000000000000000e+00,2.444853751550809323e-10
1.855953717095240694e-04,7.652931846091590842e+02,7.652931846091590842e+02,7.652931846091590842e+02,1.000000000000000000e+00,2.478559440819181215e-10
1.862376645488457070e-04,7.678442898860871537e+02,7.678442898860871537e+02,7.678442898860871537e+02,1.000000000000000000e+00,2.512729716771666954e-10
1.868821801811585445e-04,7.704038708846115924e+02,7.704038708846115924e+02,7.704038708846115924e+02,1.000000000000000000e+00,2.547370979887494736e-10
1.875289262989175449e-04,7.729719559569724652e+02,7.729719559569724652e+02,7.729719559569724652e+02,1.000000000000000000e+00,2.582489725178147156e-10
1.881779106211989273e-04,7.755485735518403771e+02,7.755485735518403771e+02,7.755485735518403771e+02,1.000000000000000000e+00,2.618092532914908485e-10
1.888291408937925139e-04,7.781337522143829801e+02,7.781337522143829801e+02,7.781337522143829801e+02,1.000000000000000000e+00,2.654186074180926794e-10
1.894826248892940500e-04,7.807275204203557450e+02,7.807275204203557450e+02,7.807275204203557450e+02,1.000000000000000000e+00,2.690777110923557945e-10
1.901383704071981197e-04,7.833299062942420505e+02,7.833299062942420505e+02,7.833299062942420505e+02,1.000000000000000000e+00,2.727872501615698784e-10
1.907963852739910627e-04,7.859409379760832053e+02,7.859409379760832053e+02,7.859409379760832053e+02,1.000000000000000000e+00,2.765479191044506662e-10
1.914566773432444316e-04,7.885606436947986140e+02,7.885606436947986140e+02,7.885606436947986140e+02,1.000000000000000000e+00,2.803604226299558872e-10
1.921192544957088576e-04,7.911890517684838642e+02,7.911890517684838642e+02,7.911890517684838642e+02,1.000000000000000000e+00,2.842254750408119692e-10
1.927841246394079689e-04,7.938261906046396916e+02,7.938261906046396916e+02,7.938261906046396916e+02,1.000000000000000000e+00,2.881437999914295519e-10
1.934512957097328251e-04,7.964720887004592669e+02,7.964720887004592669e+02,7.964720887004592669e+02,1.000000000000000000e+00,2.921161316749362027e-10
1.941207756695365408e-04,7.991267746430884245e+02,7.991267746430884245e+02,7.991267746430884245e+02,1.000000000000000000e+00,2.961432139749732678e-10
1.947925725092295324e-04,8.017902771099043093e+02,8.017902771099043093e+02,8.017902771099043093e+02,1.000000000000000000e+00,3.002258014567717769e-10
1.954666942468746577e-04,8.044626248687713996e+02,8.044626248687713996e+02,8.044626248687713996e+02,1.000000000000000000e+00,3.043646586159676527e-10
1.961431489282830314e-04,8.071438467783356145e+02,8.071438467783356145e+02,8.071438467783356145e+02,1.000000000000000000e+00,3.085605608771212596e-10
1.968219446271100587e-04,8.098339717882465720e+02,8.098339717882465720e+02,8.098339717882465720e+02,1.000000000000000000e+00,3.128142939425640815e-10
1.975030894449517668e-04,8.125330289394936472e+02,8.125330289394936472e+02,8.125330289394936472e+02,1.000000000000000000e+00,3.171266546955372110e-10
1.981865915114415153e-04,8.152410473646330047e+02,8.152410473646330047e+02,8.152410473646330047e+02,1.000000000000000000e+00,3.214984507553862451e-10
1.988724589843469785e-04,8.179580563012885932e+02,8.179580563012885932e+02,8.179580563012885932e+02,1.000000000000000000e+00,3.259305010803629529e-10
1.995607000496675337e-04,8.206840852100513075e+02,8.206840852100513075e+02,8.206840852100513075e+02,1.000000000000000000e+00,3.304236355665426636e-10
2.002513229217320291e-04,8.234191637204302197e+02,8.234191637204302197e+02,8.234191637204302197e+02,1.000000000000000000e+00,3.349786961590137239e-10
2.009443358432967414e-04,8.261633215584039363e+02,8.261633215584039363e+02,8.261633215584039363e+02,1.000000000000000000e+00,3.395965358479950799e-10
2.016397470856438488e-04,8.289165885458633056e+02,8.289165885458633056e+02,8.289165885458633056e+02,1.000000000000000000e+00,3.442780194856372201e-10
2.023375649486799303e-04,8.316789946009369032e+02,8.316789946009369032e+02,8.316789946009369032e+02,1.000000000000000000e+00,3.490240242965735597e-10
2.030377977610353874e-04,8.344505697382526250e+02,8.344505697382526250e+02,8.344505697382526250e+02,1.000000000000000000e+00,3.538354387854465132e-10
2.037404538801634044e-04,8.372313440692770428e+02,8.372313440692770428e+02,8.372313440692770428e+02,1.000000000000000000e+00,3.587131644229361407e-10
2.044455416924401830e-04,8.400213478026051916e+02,8.400213478026051916e+02,8.400213478026051916e+02,1.000000000000000000e+00,3.636581147683647602e-10
2.051530696132646892e-04,8.428206112442652511e+02,8.428206112442652511e+02,8.428206112442652511e+02,1.000000000000000000e+00,3.686712158746997754e-10
2.058630460871591040e-04,8.456291647980272046e+02,8.456291647980272046e+02,8.456291647980272046e+02,1.000000000000000000e+00,3.737534068086061073e-10
2.065754795878697902e-04,8.484470389657080887e+02,8.484470389657080887e+02,8.484470389657080887e+02,1.000000000000000000e+00,3.789056395235743695e-10
2.072903786184683399e-04,8.512742643474747410e+02,8.512742643474747410e+02,8.512742643474747410e+02,1.000000000000000000e+00,3.841288786188659102e-10
2.080077517114530558e-04,8.541108716421701956e+02,8.541108716421701956e+02,8.541108716421701956e+02,1.000000000000000000e+00,3.894241027408963565e-10
2.087276074288508122e-04,8.569568916469296482e+02,8.569568916469296482e+02,8.569568916469296482e+02,1.000000000000000000e+00,3.947923033626586562e-10
2.094499543623190780e-04,8.598123552019732188e+02,8.598123552019732188e+02,8.598123552019732188e+02,1.000000000000000000e+00,4.002344860567720828e-10
2.101748011332488621e-04,8.626772931482295235e+02,8.626772931482295235e+02,8.626772931482295235e+02,1.000000000000000000e+00,4.057516699089486263e-10
2.109021563928671161e-04,8.655517364146078307e+02,8.655517364146078307e+02,8.655517364146078307e+02,1.000000000000000000e+00,4.113448879810744976e-10
2.116320288223403842e-04,8.684357160280096650e+02,8.684357160280096650e+02,8.684357160280096650e+02,1.000000000000000000e+00,4.170151878578258628e-10
2.123644271328782357e-04,8.713292631136348518e+02,8.713292631136348518e+02,8.713292631136348518e+02,1.000000000000000000e+00,4.227636310757974852e-10
2.130993600658371591e-04,8.742324088952891543e+02,8.742324088952891543e+02,8.742324088952891543e+02,1.000000000000000000e+00,4.285912944521462292e-10
2.138368363928251333e-04,8.771451846956581448e+02,8.771451846956581448e+02,8.771451846956581448e+02,1.000000000000000000e+00,4.344992689533765433e-10
2.145768649158061173e-04,8.800676219366285977e+02,8.800676219366285977e+02,8.800676219366285977e+02,1.000000000000000000e+00,4.404886611448789959e-10
2.153194544672051099e-04,8.829997521395669082e+02,8.829997521395669082e+02,8.829997521395669082e+02,1.000000000000000000e+00,4.465605925074258684e-10
2.160646139100137232e-04,8.859416069256333230e+02,8.859416069256333230e+02,8.859416069256333230e+02,1.000000000000000000e+00,4.527161997639983324e-10
2.168123521378957576e-04,8.888932180160853704e+02,8.888932180160853704e+02,8.888932180160853704e+02,1.000000000000000000e+00,4.589566357829370354e-10
2.175626780752936155e-04,8.918546172325651469e+02,8.918546172325651469e+02,8.918546172325651469e+02,1.000000000000000000e+00,4.652830687745469633e-10
2.183156006775344724e-04,8.948258364974159349e+02,8.948258364974159349e+02,8.948258364974159349e+02,1.000000000000000000e+00,4.716966834274025309e-10
2.190711289309374768e-04,8.978069078339819953e+02,8.978069078339819953e+02,8.978069078339819953e+02,1.000000000000000000e+00,4.781986806779915332e-10
2.198292718529208157e-04,9.007978633987246440e+02,9.007978633987246440e+02,9.007978633987246440e+02,1.000000000000000000e+00,4.847902779541204848e-10
2.205900384921094298e-04,9.037987356411031215e+02,9.037987356411031215e+02,9.037987356411031215e+02,1.000000000000000000e+00,4.914727094908139142e-10
2.213534379284429730e-04,9.068095571864039357e+02,9.068095571864039357e+02,9.068095571864039357e+02,1.000000000000000000e+00,4.982472265013954246e-10
2.221194792732841242e-04,9.098303607661758861e+02,9.098303607661758861e+02,9.098303607661758861e+02,1.000000000000000000e+00,5.051150977244655277e-10
2.228881716695275495e-04,9.128611792184829028e+02,9.128611792184829028e+02,9.128611792184829028e+02,1.000000000000000000e+00,5.120776090765417235e-10
2.236595242917087021e-04,9.159020454882410149e+02,9.159020454882410149e+02,9.159020454882410149e+02,1.000000000000000000e+00,5.191360643561965147e-10
2.244335463461135706e-04,9.189529926275461094e+02,9.189529926275461094e+02,9.189529926275461094e+02,1.000000000000000000e+00,5.262917851314448306e-10
2.252102470708885085e-04,9.220140537960451184e+02,9.220140537960451184e+02,9.220140537960451184e+02,1.000000000000000000e+00,5.335461114529378075e-10
2.259896357361504979e-04,9.250852622612377445e+02,9.250852622612377445e+02,9.250852622612377445e+02,1.000000000000000000e+00,5.409004011494850106e-10
2.267717216440976022e-04,9.281666513988745919e+02,9.281666513988745919e+02,9.281666513988745919e+02,1.000000000000000000e+00,5.483560319743002648e-10
2.275565141291203681e-04,9.312582546932743526e+02,9.312582546932743526e+02,9.312582546932743526e+02,1.000000000000000000e+00,5.559143994754511207e-10
2.283440225579128481e-04,9.343601057376541803e+02,9.343601057376541803e+02,9.343601057376541803e+02,1.000000000000000000e+00,5.635769189102404789e-10
2.291342563295846251e-04,9.374722382345184997e+02,9.374722382345184997e+02,9.374722382345184997e+02,1.000000000000000000e+00,5.713450251434424892e-10
2.299272248757729467e-04,9.405946859959982476e+02,9.405946859959982476e+02,9.405946859959982476e+02,1.000000000000000000e+00,5.792201726614430991e-10
2.307229376607551835e-04,9.437274829359641899e+02,9.437274829359641899e+02,9.437274829359641899e+02,1.000000000000000000e+00,5.872038355784417374e-10
2.315214041815620203e-04,9.468706628284568296e+02,9.468706628284568296e+02,9.468706628284568296e+02,1.000000000000000000e+00,5.952975089552676543e-10
2.323226339680905378e-04,9.500242592644243587e+02,9.500242592644243587e+02,9.500242592644243587e+02,1.000000000000000000e+00,6.035027076926570329e-10
2.331266365832181358e-04,9.531883059222572001e+02,9.531883059222572001e+02,9.531883059222572001e+02,1.000000000000000000e+00,6.118209674398215568e-10
2.339334216229166721e-04,9.563628365841266259e+02,9.563628365841266259e+02,9.563628365841266259e+02,1.000000000000000000e+00,6.202538453604160024e-10
2.347429987163668732e-04,9.595478851362646537e+02,9.595478851362646537e+02,9.595478851362646537e+02,1.000000000000000000e+00,6.288029199122282997e-10
2.355553775260733136e-04,9.627434855692775955e+02,9.627434855692775955e+02,9.627434855692775955e+02,1.000000000000000000e+00,6.374697911148233309e-10
2.363705677479797755e-04,9.659496719783930985e+02,9.659496719783930985e+02,9.659496719783930985e+02,1.000000000000000000e+00,6.462560811921681757e-10
2.371885791115849055e-04,9.691664785638396324e+02,9.691664785638396324e+02,9.691664785638396324e+02,1.000000000000000000e+00,6.551634346009465027e-10
2.380094213800584954e-04,9.723939396310569236e+02,9.723939396310569236e+02,9.723939396310569236e+02,1.000000000000000000e+00,6.641935184313448441e-10
2.388331043503577633e-04,9.756320895910491799e+02,9.756320895910491799e+02,9.756320895910491799e+02,1.000000000000000000e+00,6.733480226868228633e-10
2.396596378533444468e-04,9.788809629606505496e+02,9.788809629606505496e+02,9.788809629606505496e+02,1.000000000000000000e+00,6.826286604398104594e-10
2.404890317539020870e-04,9.821405943628607247e+02,9.821405943628607247e+02,9.821405943628607247e+02,1.000000000000000000e+00,6.920371688719739313e-10
2.413212959510539356e-04,9.854110185271091495e+02,9.854110185271091495e+02,9.854110185271091495e+02,1.000000000000000000e+00,7.015753086824372158e-10
2.421564403780807257e-04,9.886922702895693646e+02,9.886922702895693646e+02,9.886922702895693646e+02,1.000000000000000000e+00,7.112448648804518011e-10
2.429944750026396096e-04,9.919843846836101875e+02,9.919843846836101875e+02,9.919843846836101875e+02,1.000000000000000000e+00,7.210476466340758208e-10
2.438354098268828783e-04,9.952873971907778241e+02,9.952873971907778241e+02,9.952873971907778241e+02,1.000000000000000000e+00,7.309854892826991083e-10
2.446792548875774409e-04,9.986013434859901281e+02,9.986013434859901281e+02,9.986013434859901281e+02,1.000000000000000000e+00,7.410602524189838224e-10
2.455260202562246832e-04,1.001926259358950119e+03,1.001926259358950119e+03,1.001926259358950119e+03,1.000000000000000000e+00,7.512738220510270951e-10
2.463757160391805427e-04,1.005262180714542637e+03,1.005262180714542637e+03,1.005262180714542637e+03,1.000000000000000000e+00,7.616281093671598296e-10
2.472283523777762081e-04,1.008609143573164374e+03,1.008609143573164374e+03,1.008609143573164374e+03,1.000000000000000000e+00,7.721250524581975333e-10
2.480839394484390340e-04,1.011967184071092220e+03,1.011967184071092220e+03,1.011967184071092220e+03,1.000000000000000000e+00,7.827666161160378656e-10
2.489424874628141894e-04,1.015336338460852289e+03,1.015336338460852289e+03,1.015336338460852289e+03,1.000000000000000000e+00,7.935547917546774003e-10
2.498040066678864127e-04,1.018716643111591907e+03,1.018716643111591907e+03,1.018716643111591907e+03,1.000000000000000000e+00,8.044915983745783850e-10
2.506685073461024189e-04,1.022108134509431011e+03,1.022108134509431011e+03,1.022108134509431011e+03,1.000000000000000000e+00,8.155790832789136801e-10
2.515359998154934680e-04,1.025510849257850850e+03,1.025510849257850850e+03,1.025510849257850850e+03,1.000000000000000000e+00,8.268193212155738755e-10
2.524064944297985309e-04,1.028924824078026631e+03,1.028924824078026631e+03,1.028924824078026631e+03,1.000000000000000000e+00,8.382144153519079285e-10
2.532800015785881590e-04,1.032350095809228833e+03,1.032350095809228833e+03,1.032350095809228833e+03,1.000000000000000000e+00,8.497664987962450764e-10
2.541565316873879753e-04,1.035786701409184388e+03,1.035786701409184388e+03,1.035786701409184388e+03,1.000000000000000000e+00,8.614777329451156978e-10
2.550360952178036284e-04,1.039234677938621871e+03,1.039234677938621871e+03,1.039234677938621871e+03,1.000000000000000000e+00,8.733503100605153174e-10
2.559187026676452048e-04,1.042694062337700871e+03,1.042694062337700871e+03,1.042694062337700871e+03,1.000000000000000000e+00,8.853864514215536049e-10
2.568043645710528337e-04,1.046164891476715638e+03,1.046164891476715638e+03,1.046164891476715638e+03,1.000000000000000000e+00,8.975884086243950731e-10
2.576930914986223461e-04,1.049647202335165048e+03,1.049647202335165048e+03,1.049647202335165048e+03,1.000000000000000000e+00,9.099584650165532445e-10
2.585848940575313131e-04,1.053141032006838714e+03,1.053141032006838714e+03,1.053141032006838714e+03,1.000000000000000000e+00,9.224989351110586967e-10
2.594797828916657893e-04,1.056646417700151005e+03,1.056646417700151005e+03,1.056646417700151005e+03,1.000000000000000000e+00,9.352121650680611933e-10
2.603777686817472731e-04,1.060163396738499159e+03,1.060163396738499159e+03,1.060163396738499159e+03,1.000000000000000000e+00,9.481005329081808633e-10
2.612788621454602083e-04,1.063692006560545224e+03,1.063692006560545224e+03,1.063692006560545224e+03,1.000000000000000000e+00,9.611664503682360000e-10
2.621830740375799746e-04,1.067232284720590314e+03,1.067232284720590314e+03,1.067232284720590314e+03,1.000000000000000000e+00,9.744123617665162831e-10
2.630904151501009319e-04,1.070784268888887482e+03,1.070784268888887482e+03,1.070784268888887482e+03,1.000000000000000000e+00,9.878407447698370799e-10
2.640008963123657653e-04,1.074347996851953667e+03,1.074347996851953667e+03,1.074347996851953667e+03,1.000000000000000000e+00,1.001454111723962267e-09
2.649145283911942886e-04,1.077923506512953509e+03,1.077923506512953509e+03,1.077923506512953509e+03,1.000000000000000000e+00,1.015255009062682945e-09
2.658313222910132774e-04,1.081510835891969236e+03,1.081510835891969236e+03,1.081510835891969236e+03,1.000000000000000000e+00,1.029246018927109306e-09
2.667512889539866818e-04,1.085110023126391980e+03,1.085110023126391980e+03,1.085110023126391980e+03,1.000000000000000000e+00,1.043429757738838051e-09
2.676744393601461101e-04,1.088721106471535904e+03,1.088721106471535904e+03,1.088721106471535904e+03,1.000000000000000000e+00,1.057808879504448570e-09
2.686007845275219632e-04,1.092344124398661961e+03,1.092344124398661961e+03,1.092344124398661961e+03,1.000000000000000000e+00,1.072386073370110133e-09
2.695303355122750564e-04,1.095979115734028255e+03,1.095979115734028255e+03,1.095979115734028255e+03,1.000000000000000000e+00,1.087164066527558584e-09
2.704631034088281877e-04,1.099626119461612461e+03,1.099626119461612461e+03,1.099626119461612461e+03,1.000000000000000000e+00,1.102145623443964303e-09
2.713990993499988983e-04,1.103285174689314999e+03,1.103285174689314999e+03,1.103285174689314999e+03,1.000000000000000000e+00,1.117333546932048942e-09
2.723383345071323956e-04,1.106956320649314875e+03,1.106956320649314875e+03,1.106956320649314875e+03,1.000000000000000000e+00,1.132730677844155985e-09
2.732808200902345306e-04,1.110639596698490777e+03,1.110639596698490777e+03,1.110639596698490777e+03,1.000000000000000000e+00,1.148339896183977561e-09
2.742265673481059140e-04,1.114335042318764636e+03,1.114335042318764636e+03,1.114335042318764636e+03,1.000000000000000000e+00,1.164164122521282686e-09
2.751755875684759774e-04,1.118042697117535909e+03,1.118042697117535909e+03,1.118042697117535909e+03,1.000000000000000000e+00,1.180206316550201221e-09
2.761278920781378484e-04,1.121762600827999677e+03,1.121762600827999677e+03,1.121762600827999677e+03,1.000000000000000000e+00,1.196469478789162540e-09
2.770834922430834421e-04,1.125494793309594343e+03,1.125494793309594343e+03,1.125494793309594343e+03,1.000000000000000000e+00,1.212956651729172561e-09
2.780423994686391487e-04,1.129239314548346329e+03,1.129239314548346329e+03,1.129239314548346329e+03,1.000000000000000000e+00,1.229670918672510896e-09
2.790046251996019014e-04,1.132996204657277303e+03,1.132996204657277303e+03,1.132996204657277303e+03,1.000000000000000000e+00,1.246615406625592593e-09
2.799701809203760023e-04,1.136765503876793900e+03,1.136765503876793900e+03,1.136765503876793900e+03,1.000000000000000000e+00,1.263793283974876813e-09
2.809390781551096778e-04,1.140547252575060384e+03,1.140547252575060384e+03,1.140547252575060384e+03,1.000000000000000000e+00,1.281207764569823725e-09
2.819113284678333143e-04,1.144341491201780627e+03,1.144341491201780627e+03,1.144341491201780627e+03,1.000000000000000000e+00,1.298862105051419790e-09
2.828869434625969352e-04,1.148148259929780124e+03,1.148148259929780124e+03,1.148148259929780124e+03,1.000000000000000000e+00,1.316759607080883992e-09
2.838659347836088162e-04,1.151967598846658575e+03,1.151967598846658575e+03,1.151967598846658575e+03,1.000000000000000000e+00,1.334903617260024406e-09
2.848483141153747506e-04,1.155799548158872312e+03,1.155799548158872312e+03,1.155799548158872312e+03,1.000000000000000000e+00,1.353297527959253021e-09
2.858340931828370446e-04,1.159644148193660840e+03,1.159644148193660840e+03,1.159644148193660840e+03,1.000000000000000000e+00,1.371944778224401925e-09
2.868232837515149753e-04,1.163501439399406081e+03,1.163501439399406081e+03,1.163501439399406081e+03,1.000000000000000000e+00,1.390848854992129146e-09
2.878158976276445988e-04,1.167371462345957070e+03,1.167371462345957070e+03,1.167371462345957070e+03,1.000000000000000000e+00,1.410013292518806064e-09
2.888119466583202385e-04,1.171254257724945774e+03,1.171254257724945774e+03,1.171254257724945774e+03,1.000000000000000000e+00,1.429441673599733247e-09
2.898114427316356482e-04,1.175149866350127240e+03,1.175149866350127240e+03,1.175149866350127240e+03,1.000000000000000000e+00,1.449137630502671880e-09
2.908143977768257171e-04,1.179058329157673143e+03,1.179058329157673143e+03,1.179058329157673143e+03,1.000000000000000000e+00,1.469104845912251173e-09
2.918208237644093141e-04,1.182979687206529888e+03,1.182979687206529888e+03,1.182979687206529888e+03,1.000000000000000000e+00,1.489347052362554927e-09
2.928307327063314259e-04,1.186913981678734899e+03,1.186913981678734899e+03,1.186913981678734899e+03,1.000000000000000000e+00,1.509868033789492221e-09
2.938441366561074649e-04,1.190861253879752439e+03,1.190861253879752439e+03,1.190861253879752439e+03,1.000000000000000000e+00,1.530671626799643040e-09
2.948610477089662753e-04,1.194821545238795579e+03,1.194821545238795579e+03,1.194821545238795579e+03,1.000000000000000000e+00,1.551761719495259804e-09
2.958814780019950906e-04,1.198794897313320007e+03,1.198794897313320007e+03,1.198794897313320007e+03,1.000000000000000000e+00,1.573142254285378427e-09
2.969054397142840041e-04,1.202781352044685491e+03,1.202781352044685491e+03,1.202781352044685491e+03,1.000000000000000000e+00,1.594817228600725503e-09
2.979329450670715226e-04,1.206780951911037846e+03,1.206780951911037846e+03,1.206780951911037846e+03,1.000000000000000000e+00,1.616790694869571869e-09
2.989640063238903377e-04,1.210793739560419681e+03,1.210793739560419681e+03,1.210793739560419681e+03,1.000000000000000000e+00,1.639066760101450650e-09
2.999986357907138555e-04,1.214819757775808284e+03,1.214819757775808284e+03,1.214819757775808284e+03,1.000000000000000000e+00,1.661649589953211127e-09
3.010368458161028350e-04,1.218859049475511483e+03,1.218859049475511483e+03,1.218859049475511483e+03,1.000000000000000000e+00,1.684543406010476005e-09
3.020786487913530564e-04,1.222911657713578279e+03,1.222911657713578279e+03,1.222911657713578279e+03,1.000000000000000000e+00,1.707752488043326336e-09
3.031240571506428811e-04,1.226977625680239044e+03,1.226977625680239044e+03,1.226977625680239044e+03,1.000000000000000000e+00,1.731281175034579256e-09
3.041730833711818417e-04,1.231056996702309107e+03,1.231056996702309107e+03,1.231056996702309107e+03,1.000000000000000000e+00,1.755133865268448511e-09
3.052257399733597737e-04,1.235149814243573246e+03,1.235149814243573246e+03,1.235149814243573246e+03,1.000000000000000000e+00,1.779315017683621479e-09
3.062820395208956767e-04,1.239256121905252030e+03,1.239256121905252030e+03,1.239256121905252030e+03,1.000000000000000000e+00,1.803829152925008773e-09
3.073419946209883101e-04,1.243375963426397902e+03,1.243375963426397902e+03,1.243375963426397902e+03,1.000000000000000000e+00,1.828680853446382674e-09
3.084056179244661381e-04,1.247509382684297407e+03,1.247509382684297407e+03,1.247509382684297407e+03,1.000000000000000000e+00,1.853874763926515771e-09
3.094729221259386845e-04,1.251656423694925479e+03,1.251656423694925479e+03,1.251656423694925479e+03,1.000000000000000000e+00,1.879415594584254093e-09
3.105439199639479955e-04,1.255817130613346080e+03,1.255817130613346080e+03,1.255817130613346080e+03,1.000000000000000000e+00,1.905308119053174133e-09
3.116186242211203741e-04,1.259991547644257480e+03,1.259991547644257480e+03,1.259991547644257480e+03,1.000000000000000000e+00,1.931557177256227585e-09
3.126970477243191980e-04,1.264179718651533676e+03,1.264179718651533676e+03,1.264179718651533676e+03,1.000000000000000000e+00,1.958167673949766986e-09
3.137792033447982265e-04,1.268381687472507792e+03,1.268381687472507792e+03,1.268381687472507792e+03,1.000000000000000000e+00,1.985144582877097295e-09
3.148651039983545803e-04,1.272597498075466319e+03,1.272597498075466319e+03,1.272597498075466319e+03,1.000000000000000000e+00,2.012492943886350336e-09
3.159547626454835669e-04,1.276827194560047474e+03,1.276827194560047474e+03,1.276827194560047474e+03,1.000000000000000000e+00,2.040217867629064241e-09
3.170481922915329613e-04,1.281070821157651380e+03,1.281070821157651380e+03,1.281070821157651380e+03,1.000000000000000000e+00,2.068324534075215577e-09
3.181454059868584275e-04,1.285328422231760214e+03,1.285328422231760214e+03,1.285328422231760214e+03,1.000000000000000000e+00,2.096818195620259445e-09
3.192464168269792089e-04,1.289600042278251067e+03,1.289600042278251067e+03,1.289600042278251067e+03,1.000000000000000000e+00,2.125704175594732829e-09
3.203512379527343628e-04,1.293885725925833185e+03,1.293885725925833185e+03,1.293885725925833185e+03,1.000000000000000000e+00,2.154987870397318467e-09
3.214598825504395353e-04,1.298185517936305132e+03,1.298185517936305132e+03,1.298185517936305132e+03,1.000000000000000000e+00,2.184674751658904028e-09
3.225723638520447672e-04,1.302499463204992935e+03,1.302499463204992935e+03,1.302499463204992935e+03,1.000000000000000000e+00,2.214770365420359194e-09
3.236886951352918661e-04,1.306827606761017705e+03,1.306827606761017705e+03,1.306827606761017705e+03,1.000000000000000000e+00,2.245280334309896314e-09
3.248088897238732417e-04,1.311169993767744018e+03,1.311169993767744018e+03,1.311169993767744018e+03,1.000000000000000000e+00,2.276210357726850076e-09
3.259329609875907417e-04,1.315526669523035252e+03,1.315526669523035252e+03,1.315526669523035252e+03,1.000000000000000000e+00,2.307566213371481466e-09
3.270609223425154631e-04,1.319897679463823124e+03,1.319897679463823124e+03,1.319897679463823124e+03,1.000000000000000000e+00,2.339353758800747749e-09
3.281927872511474550e-04,1.324283069265582526e+03,1.324283069265582526e+03,1.324283069265582526e+03,1.000000000000000000e+00,2.371578932150094892e-09
3.293285692225767771e-04,1.328682884849322591e+03,1.328682884849322591e+03,1.328682884849322591e+03,1.000000000000000000e+00,2.404247753039263766e-09
3.304682818126448290e-04,1.333097172280031600e+03,1.333097172280031600e+03,1.333097172280031600e+03,1.000000000000000000e+00,2.437366324315272605e-09
3.316119386241055166e-04,1.337525977761981494e+03,1.337525977761981494e+03,1.337525977761981494e+03,1.000000000000000000e+00,2.470940831577819231e-09
3.327595533067883161e-04,1.341969347639166017e+03,1.341969347639166017e+03,1.341969347639166017e+03,1.000000000000000000e+00,2.504977546491843283e-09
3.339111395577607964e-04,1.346427328395624045e+03,1.346427328395624045e+03,1.346427328395624045e+03,1.000000000000000000e+00,2.539482826686221403e-09
3.350667111214921160e-04,1.350899966655877506e+03,1.350899966655877506e+03,1.350899966655877506e+03,1.000000000000000000e+00,2.574463117028269754e-09
3.362262817900172262e-04,1.355387309185282902e+03,1.355387309185282902e+03,1.355387309185282902e+03,1.000000000000000000e+00,2.609924950560890024e-09
3.373898654031013441e-04,1.359889402890428528e+03,1.359889402890428528e+03,1.359889402890428528e+03,1.000000000000000000e+00,2.645874950495070916e-09
3.385574758484052936e-04,1.364406294819514187e+03,1.364406294819514187e+03,1.364406294819514187e+03,1.000000000000000000e+00,2.682319831174213242e-09
3.397291270616509544e-04,1.368938032162760692e+03,1.368938032162760692e+03,1.368938032162760692e+03,1.000000000000000000e+00,2.719266398691023438e-09
3.409048330267877959e-04,1.373484662252778662e+03,1.373484662252778662e+03,1.373484662252778662e+03,1.000000000000000000e+00,2.756721553270292515e-09
3.420846077761599525e-04,1.378046232564977345e+03,1.378046232564977345e+03,1.378046232564977345e+03,1.000000000000000000e+00,2.794692289555928150e-09
3.432684653906734073e-04,1.382622790717930911e+03,1.382622790717930911e+03,1.382622790717930911e+03,1.000000000000000000e+00,2.833185697600663877e-09
3.444564199999640983e-04,1.387214384494755905e+03,1.387214384494755905e+03,1.387214384494755905e+03,1.000000000000000000e+00,2.872208966047017293e-09
3.456484857825667281e-04,1.391821061893137312e+03,1.391821061893137312e+03,1.391821061893137312e+03,1.000000000000000000e+00,2.911769382193179537e-09
3.468446769660837371e-04,1.396442871071104264e+03,1.396442871071104264e+03,1.396442871071104264e+03,1.000000000000000000e+00,2.951874332907303401e-09
3.480450078273554688e-04,1.401079860332876933e+03,1.401079860332876933e+03,1.401079860332876933e+03,1.000000000000000000e+00,2.992531306707354269e-09
3.492494926926301190e-04,1.405732078129248521e+03,1.405732078129248521e+03,1.405732078129248521e+03,1.000000000000000000e+00,3.033747895172872087e-09
3.504581459377351473e-04,1.410399573058010219e+03,1.410399573058010219e+03,1.410399573058010219e+03,1.000000000000000000e+00,3.075531794731973072e-09
3.516709819882484736e-04,1.415082393864327514e+03,1.415082393864327514e+03,1.415082393864327514e+03,1.000000000000000000e+00,3.117890806645864056e-09
3.528880153196710823e-04,1.419780589441231086e+03,1.419780589441231086e+03,1.419780589441231086e+03,1.000000000000000000e+00,3.160832839535509929e-09
3.541092604575993025e-04,1.424494208829926720e+03,1.424494208829926720e+03,1.424494208829926720e+03,1.000000000000000000e+00,3.204365910107879601e-09
3.553347319778986054e-04,1.429223301220273470e+03,1.429223301220273470e+03,1.429223301220273470e+03,1.000000000000000000e+00,3.248498146823825726e-09
3.565644445068774020e-04,1.433967915951183613e+03,1.433967915951183613e+03,1.433967915951183613e+03,1.000000000000000000e+00,3.293237788452985696e-09
3.577984127214613825e-04,1.438728102511029874e+03,1.438728102511029874e+03,1.438728102511029874e+03,1.000000000000000000e+00,3.338593187027314804e-09
3.590366513493691578e-04,1.443503910538056061e+03,1.443503910538056061e+03,1.443503910538056061e+03,1.000000000000000000e+00,3.384572809721022930e-09
3.602791751692876825e-04,1.448295389820819310e+03,1.448295389820819310e+03,1.448295389820819310e+03,1.000000000000000000e+00,3.431185240004355427e-09
3.615259990110487095e-04,1.453102590268693802e+03,1.453102590268693802e+03,1.453102590268693802e+03,1.000000000000000000e+00,3.478439178356321298e-09
3.627771377558058397e-04,1.457925561551794772e+03,1.457925561551794772e+03,1.457925561551794772e+03,1.000000000000000000e+00,3.526343444798161300e-09
3.640326063362122775e-04,1.462764353212580090e+03,1.462764353212580090e+03,1.462764353212580090e+03,1.000000000000000000e+00,3.574906979184776906e-09
3.652924197365985852e-04,1.467619014930545063e+03,1.467619014930545063e+03,1.467619014930545063e+03,1.000000000000000000e+00,3.624138845272767752e-09
3.665565929931520646e-04,1.472489596528196216e+03,1.472489596528196216e+03,1.472489596528196216e+03,1.000000000000000000e+00,3.674048228166324546e-09
3.678251411940959754e-04,1.477376147971360751e+03,1.477376147971360751e+03,1.477376147971360751e+03,1.000000000000000000e+00,3.724644443090226002e-09
3.690980794798695672e-04,1.482278719369553755e+03,1.482278719369553755e+03,1.482278719369553755e+03,1.000000000000000000e+00,3.775936930197835407e-09
3.703754230433088158e-04,1.487197360976286973e+03,1.487197360976286973e+03,1.487197360976286973e+03,1.000000000000000000e+00,3.827935259593323576e-09
3.716571871298279730e-04,1.492132123189475124e+03,1.492132123189475124e+03,1.492132123189475124e+03,1.000000000000000000e+00,3.880649134129304939e-09
3.729433870376010077e-04,1.497083056551739901e+03,1.497083056551739901e+03,1.497083056551739901e+03,1.000000000000000000e+00,3.934088388384820740e-09
3.742340381177448904e-04,1.502050211750753533e+03,1.502050211750753533e+03,1.502050211750753533e+03,1.000000000000000000e+00,3.988262993402916319e-09
3.755291557745022270e-04,1.507033639619623273e+03,1.507033639619623273e+03,1.507033639619623273e+03,1.000000000000000000e+00,4.043183054129593154e-09
3.768287554654253563e-04,1.512033391137210629e+03,1.512033391137210629e+03,1.512033391137210629e+03,1.000000000000000000e+00,4.098858818458889898e-09
3.781328527015607728e-04,1.517049517428494482e+03,1.517049517428494482e+03,1.517049517428494482e+03,1.000000000000000000e+00,4.155300670422741611e-09
3.794414630476344169e-04,1.522082069766458289e+03,1.522082069766458289e+03,1.522082069766458289e+03,1.000000000000000000e+00,4.212519140077899054e-09
3.807546021222372361e-04,1.527131099849002112e+03,1.527131099849002112e+03,1.527131099849002112e+03,1.000000000000000000e+00,4.270524900969047634e-09
3.820722855980117762e-04,1.532196660124917116e+03,1.532196660124917116e+03,1.532196660124917116e+03,1.000000000000000000e+00,4.329328774790652584e-09
3.833945292018389349e-04,1.537278803280277316e+03,1.537278803280277316e+03,1.537278803280277316e+03,1.000000000000000000e+00,4.388941732970047821e-09
3.847213487150261254e-04,1.542377582161805549e+03,1.542377582161805549e+03,1.542377582161805549e+03,1.000000000000000000e+00,4.449374896678067705e-09
3.860527599734951687e-04,1.547493049777446231e+03,1.547493049777446231e+03,1.547493049777446231e+03,1.000000000000000000e+00,4.510639540219384083e-09
3.873887788679717574e-04,1.552625259296718696e+03,1.552625259296718696e+03,1.552625259296718696e+03,1.000000000000000000e+00,4.572747092867005952e-09
3.887294213441745954e-04,1.557774264051239925e+03,1.557774264051239925e+03,1.557774264051239925e+03,1.000000000000000000e+00,4.635709140308491432e-09
3.900747034030061628e-04,1.562940117535145873e+03,1.562940117535145873e+03,1.562940117535145873e+03,1.000000000000000000e+00,4.699537427705745103e-09
3.914246411007435899e-04,1.568122873405590781e+03,1.568122873405590781e+03,1.568122873405590781e+03,1.000000000000000000e+00,4.764243861176268523e-09
3.927792505492298022e-04,1.573322585483162356e+03,1.573322585483162356e+03,1.573322585483162356e+03,1.000000000000000000e+00,4.829840510898724641e-09
3.941385479160667790e-04,1.578539307752424293e+03,1.578539307752424293e+03,1.578539307752424293e+03,1.000000000000000000e+00,4.896339611003831018e-09
3.955025494248076202e-04,1.583773094362284155e+03,1.583773094362284155e+03,1.583773094362284155e+03,1.000000000000000000e+00,4.963753566776503962e-09
3.968712713551506726e-04,1.589023999626545674e+03,1.589023999626545674e+03,1.589023999626545674e+03,1.000000000000000000e+00,5.032094950111407649e-09
3.982447300431337105e-04,1.594292078024289140e+03,1.594292078024289140e+03,1.594292078024289140e+03,1.000000000000000000e+00,5.101376508396233671e-09
3.996229418813287125e-04,1.599577384068849824e+03,1.599577384068849824e+03,1.599577384068849824e+03,1.000000000000000000e+00,5.171611162000935725e-09
4.010059233190379937e-04,1.604879971430590786e+03,1.604879971430590786e+03,1.604879971430590786e+03,1.000000000000000000e+00,5.242812006257851941e-09
4.023936908624899046e-04,1.610199893465829291e+03,1.610199893465829291e+03,1.610199893465829291e+03,1.000000000000000000e+00,5.314992313412596295e-09
4.037862610750363721e-04,1.615537203674151442e+03,1.615537203674151442e+03,1.615537203674151442e+03,1.000000000000000000e+00,5.388165538578533132e-09
4.051836505773502789e-04,1.620891955701191364e+03,1.620891955701191364e+03,1.620891955701191364e+03,1.000000000000000000e+00,5.462345321809766231e-09
4.065858760476240893e-04,1.626264203338989091e+03,1.626264203338989091e+03,1.626264203338989091e+03,1.000000000000000000e+00,5.537545488503577891e-09
4.079929542217685290e-04,1.631654000526201571e+03,1.631654000526201571e+03,1.631654000526201571e+03,1.000000000000000000e+00,5.613780055242297706e-09
4.094049018936126751e-04,1.637061401348460549e+03,1.637061401348460549e+03,1.637061401348460549e+03,1.000000000000000000e+00,5.691063229821573944e-09
4.108217359151043161e-04,1.642486460038642008e+03,1.642486460038642008e+03,1.642486460038642008e+03,1.000000000000000000e+00,5.769409415054530863e-09
4.122434731965109091e-04,1.647929230977201314e+03,1.647929230977201314e+03,1.647929230977201314e+03,1.000000000000000000e+00,5.848833210500044313e-09
4.136701307066216753e-04,1.653389768692418556e+03,1.653389768692418556e+03,1.653389768692418556e+03,1.000000000000000000e+00,5.929349417599630950e-09
4.151017254729499656e-04,1.658868127860746426e+03,1.658868127860746426e+03,1.658868127860746426e+03,1.000000000000000000e+00,6.010973038906184203e-09
4.165382745819363867e-04,1.664364363307078520e+03,1.664364363307078520e+03,1.664364363307078520e+03,1.000000000000000000e+00,6.093719283692824618e-09
4.179797951791530642e-04,1.669878530005090397e+03,1.669878530005090397e+03,1.669878530005090397e+03,1.000000000000000000e+00,6.177603568912273034e-09
4.194263044695079067e-04,1.675410683090673047e+03,1.675410683090673047e+03,1.675410683090673047e+03,1.000000000000000000e+00,6.262641522348287120e-09
4.208778197174503329e-04,1.680960878480934298e+03,1.680960878480934298e+03,1.680960878480934298e+03,1.000000000000000000e+00,6.348848990682756015e-09
4.223343582471766736e-04,1.686529173149265944e+03,1.686529173149265944e+03,1.686529173149265944e+03,1.000000000000000000e+00,6.436242038660827764e-09
4.237959374428379054e-04,1.692115624307928783e+03,1.692115624307928783e+03,1.692115624307928783e+03,1.000000000000000000e+00,6.524836952751719540e-09
4.252625747487463531e-04,1.697720289341051057e+03,1.697720289341051057e+03,1.697720289341051057e+03,1.000000000000000000e+00,6.614650244142907977e-09
4.267342876695840738e-04,1.703343225805049315e+03,1.703343225805049315e+03,1.703343225805049315e+03,1.000000000000000000e+00,6.705698647627572072e-09
4.282110937706121081e-04,1.708984491429166610e+03,1.708984491429166610e+03,1.708984491429166610e+03,1.000000000000000000e+00,6.797999130555016631e-09
4.296930106778796220e-04,1.714644144115872905e+03,1.714644144115872905e+03,1.714644144115872905e+03,1.000000000000000000e+00,6.891568890445085035e-09
4.311800560784346224e-04,1.720322241941419861e+03,1.720322241941419861e+03,1.720322241941419861e+03,1.000000000000000000e+00,6.986425363149167008e-09
4.326722477205350507e-04,1.726018843156271714e+03,1.726018843156271714e+03,1.726018843156271714e+03,1.000000000000000000e+00,7.082586221359913628e-09
4.341696034138604193e-04,1.731734006185611861e+03,1.731734006185611861e+03,1.731734006185611861e+03,1.000000000000000000e+00,7.180069382417115769e-09
4.356721410297244778e-04,1.737467789629794652e+03,1.737467789629794652e+03,1.737467789629794652e+03,1.000000000000000000e+00,7.278893007731554617e-09
4.371798785012885298e-04,1.743220252264893816e+03,1.743220252264893816e+03,1.743220252264893816e+03,1.000000000000000000e+00,7.379075507993807609e-09
4.386928338237754544e-04,1.748991453043094680e+03,1.748991453043094680e+03,1.748991453043094680e+03,1.000000000000000000e+00,7.480635547997054687e-09
4.402110250546845951e-04,1.754781451093237365e+03,1.754781451093237365e+03,1.754781451093237365e+03,1.000000000000000000e+00,7.583592046547101728e-09
4.417344703140069738e-04,1.760590305487108481e+03,1.760590305487108481e+03,1.760590305487108481e+03,1.000000000000000000e+00,7.687964182107037057e-09
4.432631877844419145e-04,1.766418074358421336e+03,1.766418074358421336e+03,1.766418074358421336e+03,1.000000000000000000e+00,7.793771391520996808e-09
4.447971957116138297e-04,1.772264815671246197e+03,1.772264815671246197e+03,1.772264815671246197e+03,1.000000000000000000e+00,7.901033374489585930e-09
4.463365124042899279e-04,1.778130587545775597e+03,1.778130587545775597e+03,1.778130587545775597e+03,1.000000000000000000e+00,8.009770103108762881e-09
4.478811562345991681e-04,1.784015448258779543e+03,1.784015448258779543e+03,1.784015448258779543e+03,1.000000000000000000e+00,8.120001821410052937e-09
4.494311456382509441e-04,1.789919456243863806e+03,1.789919456243863806e+03,1.789919456243863806e+03,1.000000000000000000e+00,8.231749051299475038e-09
4.509864991147555019e-04,1.795842670091800528e+03,1.795842670091800528e+03,1.795842670091800528e+03,1.000000000000000000e+00,8.345032595797287296e-09
4.525472352276445212e-04,1.801785148550804479e+03,1.801785148550804479e+03,1.801785148550804479e+03,1.000000000000000000e+00,8.459873542297803226e-09
4.541133726046932685e-04,1.807746950526907540e+03,1.807746950526907540e+03,1.807746950526907540e+03,1.000000000000000000e+00,8.576293268176945062e-09
4.556849299381416653e-04,1.813728135084205178e+03,1.813728135084205178e+03,1.813728135084205178e+03,1.000000000000000000e+00,8.694313442729712520e-09
4.572619259849187187e-04,1.819728761445197279e+03,1.819728761445197279e+03,1.819728761445197279e+03,1.000000000000000000e+00,8.813956031443055381e-09
4.588443795668657038e-04,1.825748888991092599e+03,1.825748888991092599e+03,1.825748888991092599e+03,1.000000000000000000e+00,8.935243303127627869e-09
4.604323095709610277e-04,1.831788577262125045e+03,1.831788577262125045e+03,1.831788577262125045e+03,1.000000000000000000e+00,9.058197828183281893e-09
4.620257349495453096e-04,1.837847885957837434e+03,1.837847885957837434e+03,1.837847885957837434e+03,1.000000000000000000e+00,9.182842488138338867e-09
4.636246747205480874e-04,1.843926874955269795e+03,1.843926874955269795e+03,1.843926874955269795e+03,1.000000000000000000e+00,9.309200477349970299e-09
4.652291479677144164e-04,1.850025604665653418e+03,1.850025604665653418e+03,1.850025604665653418e+03,1.000000000000000000e+00,9.437295309753908873e-09
4.668391738408328223e-04,1.856144136021008990e+03,1.856144136021008990e+03,1.856144136021008990e+03,1.000000000000000000e+00,9.567150823390621940e-09
4.684547715559637970e-04,1.862282530137911635e+03,1.862282530137911635e+03,1.862282530137911635e+03,1.000000000000000000e+00,9.698791183287736515e-09
4.700759603956690532e-04,1.868440848304017663e+03,1.868440848304017663e+03,1.868440848304017663e+03,1.000000000000000000e+00,9.832240884049150993e-09
4.717027597092420259e-04,1.874619151978408809e+03,1.874619151978408809e+03,1.874619151978408809e+03,1.000000000000000000e+00,9.967524757340624292e-09
4.733351889129383734e-04,1.880817502792053574e+03,1.880817502792053574e+03,1.880817502792053574e+03,1.000000000000000000e+00,1.010466797414571246e-08
4.749732674902077257e-04,1.887035962548192629e+03,1.887035962548192629e+03,1.887035962548192629e+03,1.000000000000000000e+00,1.024369604944188519e-08
4.766170149919267884e-04,1.893274593222644853e+03,1.893274593222644853e+03,1.893274593222644853e+03,1.000000000000000000e+00,1.038463484984001525e-08
4.782664510366320659e-04,1.899533456964336665e+03,1.899533456964336665e+03,1.899533456964336665e+03,1.000000000000000000e+00,1.052751059398623271e-08
4.799215953107541580e-04,1.905812616095611247e+03,1.905812616095611247e+03,1.905812616095611247e+03,1.000000000000000000e+00,1.067234986076577657e-08
4.815824675688531401e-04,1.912112133112641459e+03,1.912112133112641459e+03,1.912112133112641459e+03,1.000000000000000000e+00,1.081917959416832388e-08
4.832490876338536184e-04,1.918432070685800909e+03,1.918432070685800909e+03,1.918432070685800909e+03,1.000000000000000000e+00,1.096802710424111023e-08
4.849214753972818444e-04,1.924772491660126434e+03,1.924772491660126434e+03,1.924772491660126434e+03,1.000000000000000000e+00,1.111892007741941636e-08
4.865996508195031016e-04,1.931133459055652793e+03,1.931133459055652793e+03,1.931133459055652793e+03,1.000000000000000000e+00,1.127188657855082972e-08
4.882836339299599041e-04,1.937515036056552390e+03,1.937515036056552390e+03,1.937515036056552390e+03,1.000000000000000000e+00,1.142695505582712519e-08
4.899734448274105760e-04,1.943917285988925642e+03,1.943917285988925642e+03,1.943917285988925642e+03,1.000000000000000000e+00,1.158415434768561823e-08
4.916691036801697267e-04,1.950340272348142207e+03,1.950340272348142207e+03,1.950340272348142207e+03,1.000000000000000000e+00,1.174351368957701438e-08
4.933706307263489984e-04,1.956784058805527593e+03,1.956784058805527593e+03,1.956784058805527593e+03,1.000000000000000000e+00,1.190506271212215142e-08
4.950780462740981928e-04,1.963248709208713080e+03,1.963248709208713080e+03,1.963248709208713080e+03,1.000000000000000000e+00,1.206883145480163832e-08
4.967913707018476984e-04,1.969734287582031584e+03,1.969734287582031584e+03,1.969734287582031584e+03,1.000000000000000000e+00,1.223485036971182267e-08
4.985106244585523275e-04,1.976240858126965804e+03,1.976240858126965804e+03,1.976240858126965804e+03,1.000000000000000000e+00,1.240315032227786009e-08
5.002358280639341778e-04,1.982768485222460640e+03,1.982768485222460640e+03,1.982768485222460640e+03,1.000000000000000000e+00,1.257376260314585329e-08
5.019670021087290716e-04,1.989317233425390214e+03,1.989317233425390214e+03,1.989317233425390214e+03,1.000000000000000000e+00,1.274671893000247575e-08
5.037041672549310428e-04,1.995887167470907343e+03,1.995887167470907343e+03,1.995887167470907343e+03,1.000000000000000000e+00,1.292205145552924135e-08
5.054473442360394274e-04,2.002478352272851453e+03,2.002478352272851453e+03,2.002478352272851453e+03,1.000000000000000000e+00,1.309979277235373627e-08
5.071965538573064945e-04,2.009090852924168985e+03,2.009090852924168985e+03,2.009090852924168985e+03,1.000000000000000000e+00,1.327997591906480025e-08
5.089518169959854040e-04,2.015724734697271060e+03,2.015724734697271060e+03,2.015724734697271060e+03,1.000000000000000000e+00,1.346263438523890781e-08
5.107131546015797894e-04,2.022380063044457756e+03,2.022380063044457756e+03,2.022380063044457756e+03,1.000000000000000000e+00,1.364780212170300967e-08
5.124805876960933414e-04,2.029056903528278326e+03,2.029056903528278326e+03,2.029056903528278326e+03,1.000000000000000000e+00,1.383551354000336205e-08
5.142541373742809093e-04,2.035755321097148226e+03,2.035755321097148226e+03,2.035755321097148226e+03,1.000000000000000000e+00,1.402580351983874369e-08
5.160338248039004691e-04,2.042475380366225636e+03,2.042475380366225636e+03,2.042475380366225636e+03,1.000000000000000000e+00,1.421870741388703156e-08
5.178196712259655263e-04,2.049217146106046584e+03,2.049217146106046584e+03,2.049217146106046584e+03,1.000000000000000000e+00,1.441426105735951581e-08
5.196116979549988187e-04,2.055980683250623770e+03,2.055980683250623770e+03,2.055980683250623770e+03,1.000000000000000000e+00,1.461250077439827324e-08
5.214099263792861287e-04,2.062766056897730323e+03,2.062766056897730323e+03,2.062766056897730323e+03,1.000000000000000000e+00,1.481346339084308962e-08
5.232143779611325880e-04,2.069573332309080797e+03,2.069573332309080797e+03,2.069573332309080797e+03,1.000000000000000000e+00,1.501718622905605362e-08
5.250250742371178996e-04,2.076402574910622207e+03,2.076402574910622207e+03,2.076402574910622207e+03,1.000000000000000000e+00,1.522370712608759120e-08
5.268420368183540517e-04,2.083253850292811876e+03,2.083253850292811876e+03,2.083253850292811876e+03,1.000000000000000000e+00,1.543306443603227928e-08
5.286652873907426000e-04,2.090127224210823442e+03,2.090127224210823442e+03,2.090127224210823442e+03,1.000000000000000000e+00,1.564529703557801837e-08
5.304948477152340077e-04,2.097022762584797420e+03,2.097022762584797420e+03,2.097022762584797420e+03,1.000000000000000000e+00,1.586044433498247272e-08
5.323307396280872045e-04,2.103940531500124052e+03,2.103940531500124052e+03,2.103940531500124052e+03,1.000000000000000000e+00,1.607854627835030825e-08
5.341729850411303365e-04,2.110880597207656137e+03,2.110880597207656137e+03,2.110880597207656137e+03,1.000000000000000000e+00,1.629964336448313348e-08
5.360216059420218424e-04,2.117843026123989603e+03,2.117843026123989603e+03,2.117843026123989603e+03,1.000000000000000000e+00,1.652377663534149468e-08
5.378766243945136980e-04,2.124827884837154215e+03,2.124827884837154215e+03,2.124827884837154215e+03,1.000000000000000000e+00,1.675098770252825434e-08
5.397380625387135757e-04,2.131835240756135590e+03,2.131835240756135590e+03,2.131835240756135590e+03,1.000000000000000000e+00,1.698131874640785885e-08
5.416059425913504746e-04,2.138865162735260583e+03,2.138865162735260583e+03,2.138865162735260583e+03,1.000000000000000000e+00,1.721481253606233881e-08
5.434802868460386150e-04,2.145917719966679670e+03,2.145917719966679670e+03,2.145917719966679670e+03,1.000000000000000000e+00,1.745151242463622768e-08
5.453611176735444774e-04,2.152992981837185198e+03,2.152992981837185198e+03,2.152992981837185198e+03,1.000000000000000000e+00,1.769146236423797239e-08
5.472484575220530828e-04,2.160091017928648853e+03,2.160091017928648853e+03,2.160091017928648853e+03,1.000000000000000000e+00,1.793470690105317529e-08
5.491423289174364409e-04,2.167211898018507782e+03,2.167211898018507782e+03,2.167211898018507782e+03,1.000000000000000000e+00,1.818129119481827197e-08
5.510427544635222155e-04,2.174355692080138851e+03,2.174355692080138851e+03,2.174355692080138851e+03,1.000000000000000000e+00,1.843126102067031563e-08
5.529497568423633654e-04,2.181522470283490293e+03,2.181522470283490293e+03,2.181522470283490293e+03,1.000000000000000000e+00,1.868466278441874946e-08
5.548633588145093038e-04,2.188712302995415484e+03,2.188712302995415484e+03,2.188712302995415484e+03,1.000000000000000000e+00,1.894154351998687418e-08
5.567835832192766232e-04,2.195925260780180452e+03,2.195925260780180452e+03,2.195925260780180452e+03,1.000000000000000000e+00,1.920195091045052514e-08
5.587104529750228565e-04,2.203161414399967271e+03,2.203161414399967271e+03,2.203161414399967271e+03,1.000000000000000000e+00,1.946593328556941134e-08
5.606439910794193708e-04,2.210420834815305170e+03,2.210420834815305170e+03,2.210420834815305170e+03,1.000000000000000000e+00,1.973353964420749857e-08
5.625842206097257788e-04,2.217703593185567115e+03,2.217703593185567115e+03,2.217703593185567115e+03,1.000000000000000000e+00,2.000481964397804148e-08
5.645311647230654350e-04,2.225009760869418187e+03,2.225009760869418187e+03,2.225009760869418187e+03,1.000000000000000000e+00,2.027982363526137970e-08
5.664848466567025571e-04,2.232339409176016943e+03,2.232339409176016943e+03,2.232339409176016943e+03,1.000000000000000000e+00,2.055860264176796693e-08
5.684452897283178308e-04,2.239692607922900152e+03,2.239692607922900152e+03,2.239692607922900152e+03,1.000000000000000000e+00,2.084120837669079288e-08
5.704125173362887841e-04,2.247069426402120371e+03,2.247069426402120371e+03,2.247069426402120371e+03,1.000000000000000000e+00,2.112769324989656734e-08
5.723865529599675601e-04,2.254469934069701594e+03,2.254469934069701594e+03,2.254469934069701594e+03,1.000000000000000000e+00,2.141811039031183144e-08
5.743674201599620506e-04,2.261894200548066692e+03,2.261894200548066692e+03,2.261894200548066692e+03,1.000000000000000000e+00,2.171251364950878897e-08
5.763551425784162706e-04,2.269342295626157465e+03,2.269342295626157465e+03,2.269342295626157465e+03,1.000000000000000000e+00,2.201095761457522423e-08
5.783497439392933353e-04,2.276814289259788893e+03,2.276814289259788893e+03,2.276814289259788893e+03,1.000000000000000000e+00,2.231349761760901011e-08
5.803512480486582199e-04,2.284310251571647314e+03,2.284310251571647314e+03,2.284310251571647314e+03,1.000000000000000000e+00,2.262018974645650400e-08
5.823596787949614955e-04,2.291830252851618752e+03,2.291830252851618752e+03,2.291830252851618752e+03,1.000000000000000000e+00,2.293109085672838835e-08
5.843750601493256664e-04,2.299374363556928074e+03,2.299374363556928074e+03,2.299374363556928074e+03,1.000000000000000000e+00,2.324625857801086410e-08
5.863974161658296654e-04,2.306942654312349077e+03,2.306942654312349077e+03,2.306942654312349077e+03,1.000000000000000000e+00,2.356575132245465734e-08
5.884267709817972512e-04,2.314535195910383209e+03,2.314535195910383209e+03,2.314535195910383209e+03,1.000000000000000000e+00,2.388962830890423846e-08
5.904631488180844302e-04,2.322152059311423727e+03,2.322152059311423727e+03,2.322152059311423727e+03,1.000000000000000000e+00,2.421794955628988320e-08
5.925065739793686139e-04,2.329793315643993083e+03,2.329793315643993083e+03,2.329793315643993083e+03,1.000000000000000000e+00,2.455077590675430257e-08
5.945570708544391843e-04,2.337459036216047934e+03,2.337459036216047934e+03,2.337459036216047934e+03,1.000000000000000000e+00,2.488816903117237602e-08
5.966146639164877355e-04,2.345149292924907513e+03,2.345149292924907513e+03,2.345149292924907513e+03,1.000000000000000000e+00,2.523019144498115501e-08
5.986793777234008075e-04,2.352864158382908499e+03,2.352864158382908499e+03,2.352864158382908499e+03,1.000000000000000000e+00,2.557690652855864521e-08
6.007512369180530555e-04,2.360603705419565358e+03,2.360603705419565358e+03,2.360603705419565358e+03,1.000000000000000000e+00,2.592837852042012688e-08
6.028302662286006341e-04,2.368368007046840376e+03,2.368368007046840376e+03,2.368368007046840376e+03,1.000000000000000000e+00,2.628467254188357558e-08
6.049164904687770765e-04,2.376157136459400135e+03,2.376157136459400135e+03,2.376157136459400135e+03,1.000000000000000000e+00,2.664585460043785232e-08
6.070099345381892815e-04,2.383971167034955215e+03,2.383971167034955215e+03,2.383971167034955215e+03,1.000000000000000000e+00,2.701199160408703116e-08
6.091106234226145852e-04,2.391810172334480740e+03,2.391810172334480740e+03,2.391810172334480740e+03,1.000000000000000000e+00,2.738315137583618459e-08
6.112185821942988078e-04,2.399674226102555622e+03,2.399674226102555622e+03,2.399674226102555622e+03,1.000000000000000000e+00,2.775940266090797855e-08
6.133338360122557106e-04,2.407563402267677702e+03,2.407563402267677702e+03,2.407563402267677702e+03,1.000000000000000000e+00,2.814081515007304680e-08
6.154564101225675366e-04,2.415477774942437009e+03,2.415477774942437009e+03,2.415477774942437009e+03,1.000000000000000000e+00,2.852745947592940202e-08
6.175863298586857682e-04,2.423417418423888648e+03,2.423417418423888648e+03,2.423417418423888648e+03,1.000000000000000000e+00,2.891940724265438208e-08
6.197236206417338364e-04,2.431382407193861582e+03,2.431382407193861582e+03,2.431382407193861582e+03,1.000000000000000000e+00,2.931673102364190123e-08
6.218683079808105894e-04,2.439372815919175991e+03,2.439372815919175991e+03,2.439372815919175991e+03,1.000000000000000000e+00,2.971950439159712375e-08
6.240204174732944106e-04,2.447388719451934321e+03,2.447388719451934321e+03,2.447388719451934321e+03,1.000000000000000000e+00,3.012780191882659590e-08
6.261799748051490727e-04,2.455430192934984916e+03,2.455430192934984916e+03,2.455430192934984916e+03,1.000000000000000000e+00,3.054169919259234601e-08
6.283470057512299161e-04,2.463497312143469571e+03,2.463497312143469571e+03,2.463497312143469571e+03,1.000000000000000000e+00,3.096127284378212988e-08
6.305215361755923042e-04,2.471590153163660489e+03,2.471590153163660489e+03,2.471590153163660489e+03,1.000000000000000000e+00,3.138660054484438769e-08
6.327035920317991037e-04,2.479708792277047905e+03,2.479708792277047905e+03,2.479708792277047905e+03,1.000000000000000000e+00,3.181776103168803924e-08
6.348931993632315248e-04,2.487853305960775288e+03,2.487853305960775288e+03,2.487853305960775288e+03,1.000000000000000000e+00,3.225483411448404009e-08
6.370903843033992034e-04,2.496023770887994033e+03,2.496023770887994033e+03,2.496023770887994033e+03,1.000000000000000000e+00,3.269790069236700807e-08
6.392951730762527762e-04,2.504220263928152235e+03,2.504220263928152235e+03,2.504220263928152235e+03,1.000000000000000000e+00,3.314704276309779803e-08
6.415075919964960231e-04,2.512442862147379401e+03,2.512442862147379401e+03,2.512442862147379401e+03,1.000000000000000000e+00,3.360234345085846444e-08
6.437276674699011526e-04,2.520691642808877532e+03,2.520691642808877532e+03,2.520691642808877532e+03,1.000000000000000000e+00,3.406388700975942118e-08
6.459554259936224618e-04,2.528966683373207161e+03,2.528966683373207161e+03,2.528966683373207161e+03,1.000000000000000000e+00,3.453175884416608159e-08
6.481908941565138992e-04,2.537268061498666611e+03,2.537268061498666611e+03,2.537268061498666611e+03,1.000000000000000000e+00,3.500604552402228009e-08
6.504340986394457598e-04,2.545595855041641698e+03,2.545595855041641698e+03,2.545595855041641698e+03,1.000000000000000000e+00,3.548683480029386651e-08
6.526850662156231161e-04,2.553950142056959066e+03,2.553950142056959066e+03,2.553950142056959066e+03,1.000000000000000000e+00,3.597421561790223089e-08
6.549438237509058736e-04,2.562331000798259538e+03,2.562331000798259538e+03,2.562331000798259538e+03,1.000000000000000000e+00,3.646827813928177863e-08
6.572103982041282858e-04,2.570738509640148095e+03,2.570738509640148095e+03,2.570738509640148095e+03,1.000000000000000000e+00,3.696911375517433309e-08
6.594848166274221548e-04,2.579172745770275469e+03,2.579172745770275469e+03,2.579172745770275469e+03,1.000000000000000000e+00,3.747681507752192699e-08
6.617671061665388391e-04,2.587633785365932908e+03,2.587633785365932908e+03,2.587633785365932908e+03,1.000000000000000000e+00,3.799147596899619072e-08
6.640572940611734302e-04,2.596121704731027421e+03,2.596121704731027421e+03,2.596121704731027421e+03,1.000000000000000000e+00,3.851319156586969118e-08
6.663554076452897967e-04,2.604636580334186874e+03,2.604636580334186874e+03,2.604636580334186874e+03,1.000000000000000000e+00,3.904205830415407145e-08
6.686614743474469285e-04,2.613178488808887778e+03,2.613178488808887778e+03,2.613178488808887778e+03,1.000000000000000000e+00,3.957817392935221911e-08
6.709755216911262579e-04,2.621747506953528500e+03,2.621747506953528500e+03,2.621747506953528500e+03,1.000000000000000000e+00,4.012163752104587241e-08
6.732975772950601729e-04,2.630343711731392432e+03,2.630343711731392432e+03,2.630343711731392432e+03,1.000000000000000000e+00,4.067254950421336354e-08
6.756276688735616143e-04,2.638967180270858080e+03,2.638967180270858080e+03,2.638967180270858080e+03,1.000000000000000000e+00,4.123101167551029806e-08
6.779658242368549748e-04,2.647617989865371328e+03,2.647617989865371328e+03,2.647617989865371328e+03,1.000000000000000000e+00,4.179712721485347828e-08
6.803120712914078640e-04,2.656296217973450439e+03,2.656296217973450439e+03,2.656296217973450439e+03,1.000000000000000000e+00,4.237100070795852430e-08
6.826664380402641761e-04,2.665001942218896147e+03,2.665001942218896147e+03,2.665001942218896147e+03,1.000000000000000000e+00,4.295273816224328152e-08
6.850289525833783491e-04,2.673735240390663421e+03,2.673735240390663421e+03,2.673735240390663421e+03,1.000000000000000000e+00,4.354244703107671962e-08
6.873996431179512506e-04,2.682496190443086107e+03,2.682496190443086107e+03,2.682496190443086107e+03,1.000000000000000000e+00,4.414023622999711865e-08
6.897785379387655217e-04,2.691284870496611802e+03,2.691284870496611802e+03,2.691284870496611802e+03,1.000000000000000000e+00,4.474621615302905372e-08
6.921656654385244982e-04,2.700101359311823217e+03,2.700101359311823217e+03,2.700101359311823217e+03,1.000000000000000000e+00,4.536049870955392517e-08
6.945610541081905908e-04,2.708945737095179538e+03,2.708945737095179538e+03,2.708945737095179538e+03,1.000000000000000000e+00,4.598319735229919625e-08
6.969647325373249649e-04,2.717818084453131632e+03,2.717818084453131632e+03,2.717818084453131632e+03,1.000000000000000000e+00,4.661442708146941244e-08
6.993767294144296069e-04,2.726718482183599917e+03,2.726718482183599917e+03,2.726718482183599917e+03,1.000000000000000000e+00,4.725430446247306581e-08
7.017970735272887391e-04,2.735647011276162630e+03,2.735647011276162630e+03,2.735647011276162630e+03,1.000000000000000000e+00,4.790294765289095279e-08
7.042257937633134880e-04,2.744603752912388245e+03,2.744603752912388245e+03,2.744603752912388245e+03,1.000000000000000000e+00,4.856047641700967134e-08
7.066629191098856844e-04,2.753588788465986454e+03,2.753588788465986454e+03,2.753588788465986454e+03,1.000000000000000000e+00,4.922701214605826377e-08
7.091084786547043745e-04,2.762602199503101019e+03,2.762602199503101019e+03,2.762602199503101019e+03,1.000000000000000000e+00,4.990267788997135669e-08
7.115625015861328732e-04,2.771644067782549882e+03,2.771644067782549882e+03,2.771644067782549882e+03,1.000000000000000000e+00,5.058759836953763179e-08
7.140250171935470097e-04,2.780714475256041169e+03,2.780714475256041169e+03,2.780714475256041169e+03,1.000000000000000000e+00,5.128190000570719891e-08
7.164960548676852165e-04,2.789813504068462407e+03,2.789813504068462407e+03,2.789813504068462407e+03,1.000000000000000000e+00,5.198571094346578877e-08
7.189756441009984012e-04,2.798941236558046512e+03,2.798941236558046512e+03,2.798941236558046512e+03,1.000000000000000000e+00,5.269916106581834044e-08
7.214638144880029628e-04,2.808097755256649180e+03,2.808097755256649180e+03,2.808097755256649180e+03,1.000000000000000000e+00,5.342238202946670413e-08
7.239605957256328326e-04,2.817283142890009913e+03,2.817283142890009913e+03,2.817283142890009913e+03,1.000000000000000000e+00,5.415550727915282059e-08
7.264660176135955254e-04,2.826497482313899582e+03,2.826497482313899582e+03,2.826497482313899582e+03,1.000000000000000000e+00,5.489867207822317052e-08
7.289801100547259154e-04,2.835740855943251063e+03,2.835740855943251063e+03,2.835740855943251063e+03,1.000000000000000000e+00,5.565201351782632815e-08
7.315029030553446728e-04,2.845013346016076412e+03,2.845013346016076412e+03,2.845013346016076412e+03,1.000000000000000000e+00,5.641567054207543149e-08
7.340344267256158342e-04,2.854315034946960623e+03,2.854315034946960623e+03,2.854315034946960623e+03,1.000000000000000000e+00,5.718978399306302702e-08
7.365747112799057817e-04,2.863646005331412198e+03,2.863646005331412198e+03,2.863646005331412198e+03,1.000000000000000000e+00,5.797449662020475633e-08
7.391237870371446077e-04,2.873006339945967738e+03,2.873006339945967738e+03,2.873006339945967738e+03,1.000000000000000000e+00,5.876995312340917108e-08
7.416816844211874789e-04,2.882396121748325186e+03,2.882396121748325186e+03,2.882396121748325186e+03,1.000000000000000000e+00,5.957630016265629264e-08
7.442484339611775196e-04,2.891815433877451596e+03,2.891815433877451596e+03,2.891815433877451596e+03,1.000000000000000000e+00,6.039368639723721408e-08
7.468240662919114039e-04,2.901264359653664997e+03,2.901264359653664997e+03,2.901264359653664997e+03,1.000000000000000000e+00,6.122226250453713515e-08
7.494086121542029976e-04,2.910742982578812644e+03,2.910742982578812644e+03,2.910742982578812644e+03,1.000000000000000000e+00,6.206218121386226493e-08
7.520021023952526374e-04,2.920251386336362884e+03,2.920251386336362884e+03,2.920251386336362884e+03,1.000000000000000000e+00,6.291359733158572205e-08
7.546045679690127237e-04,2.929789654791472913e+03,2.929789654791472913e+03,2.929789654791472913e+03,1.000000000000000000e+00,6.377666776193703853e-08
7.572160399365598189e-04,2.939357871991119282e+03,2.939357871991119282e+03,2.939357871991119282e+03,1.000000000000000000e+00,6.465155155057489779e-08
7.598365494664628423e-04,2.948956122164292537e+03,2.948956122164292537e+03,2.948956122164292537e+03,1.000000000000000000e+00,6.553840990135172985e-08
7.624661278351573370e-04,2.958584489719923113e+03,2.958584489719923113e+03,2.958584489719923113e+03,1.000000000000000000e+00,6.643740621129859404e-08
7.651048064273165920e-04,2.968243059080065905e+03,2.968243059080065905e+03,2.968243059080065905e+03,1.000000000000000000e+00,6.734870608998794190e-08
7.677526167362287279e-04,2.977931914551246336e+03,2.977931914551246336e+03,2.977931914551246336e+03,1.000000000000000000e+00,6.827247739650856407e-08
7.704095903641695539e-04,2.987651140586536258e+03,2.987651140586536258e+03,2.987651140586536258e+03,1.000000000000000000e+00,6.920889026573879211e-08
7.730757590227830146e-04,2.997400821814868777e+03,2.997400821814868777e+03,2.997400821814868777e+03,1.000000000000000000e+00,7.015811714810598677e-08
7.757511545334563234e-04,3.007181043041163321e+03,3.007181043041163321e+03,3.007181043041163321e+03,1.000000000000000000e+00,7.112033283362080674e-08
7.784358088277034456e-04,3.016991889246369283e+03,3.016991889246369283e+03,3.016991889246369283e+03,1.000000000000000000e+00,7.209571448688693322e-08
7.811297539475421832e-04,3.026833445587365986e+03,3.026833445587365986e+03,3.026833445587365986e+03,1.000000000000000000e+00,7.308444168398449758e-08
7.838330220458805848e-04,3.036705797397244623e+03,3.036705797397244623e+03,3.036705797397244623e+03,1.000000000000000000e+00,7.408669643406988474e-08
7.865456453868968504e-04,3.046609030185115898e+03,3.046609030185115898e+03,3.046609030185115898e+03,1.000000000000000000e+00,7.510266321983414277e-08
7.892676563464283424e-04,3.056543229636267370e+03,3.056543229636267370e+03,3.056543229636267370e+03,1.000000000000000000e+00,7.613252903207947659e-08
7.919990874123544180e-04,3.066508481612240303e+03,3.066508481612240303e+03,3.066508481612240303e+03,1.000000000000000000e+00,7.717648339984482183e-08
7.947399711849860915e-04,3.076504872150710980e+03,3.076504872150710980e+03,3.076504872150710980e+03,1.000000000000000000e+00,7.823471842547069266e-08
7.974903403774556958e-04,3.086532487465637132e+03,3.086532487465637132e+03,3.086532487465637132e+03,1.000000000000000000e+00,7.930742881677796351e-08
8.002502278161050279e-04,3.096591413947267938e+03,3.096591413947267938e+03,3.096591413947267938e+03,1.000000000000000000e+00,8.039481193222306314e-08
8.030196664408798890e-04,3.106681738071652489e+03,3.106681738071652489e+03,3.106681738071652489e+03,1.000000000000000000e+00,8.149706780175335512e-08
8.057986893057207233e-04,3.116803545946046142e+03,3.116803545946046142e+03,3.116803545946046142e+03,1.000000000000000000e+00,8.261439915876469839e-08
8.085873295789592187e-04,3.126956923643643677e+03,3.126956923643643677e+03,3.126956923643643677e+03,1.000000000000000000e+00,8.374701147838982455e-08
8.113856205437119809e-04,3.137141957402633579e+03,3.137141957402633579e+03,3.137141957402633579e+03,1.000000000000000000e+00,8.489511303219697282e-08
8.141935955982810376e-04,3.147358733626529556e+03,3.147358733626529556e+03,3.147358733626529556e+03,1.000000000000000000e+00,8.605891491076523708e-08
8.170112882565478372e-04,3.157607338884158708e+03,3.157607338884158708e+03,3.157607338884158708e+03,1.000000000000000000e+00,8.723863106901594281e-08
8.198387321483786329e-04,3.167887859909449617e+03,3.167887859909449617e+03,3.167887859909449617e+03,1.000000000000000000e+00,8.843447837034458567e-08
8.226759610200206491e-04,3.178200383601501926e+03,3.178200383601501926e+03,3.178200383601501926e+03,1.000000000000000000e+00,8.964667661317147627e-08
8.255230087345090915e-04,3.188544997024387158e+03,3.188544997024387158e+03,3.188544997024387158e+03,1.000000000000000000e+00,9.087544857724379037e-08
8.283799092720677600e-04,3.198921787407112333e+03,3.198921787407112333e+03,3.198921787407112333e+03,1.000000000000000000e+00,9.212102007038563336e-08
8.312466967305186596e-04,3.209330842143571772e+03,3.209330842143571772e+03,3.209330842143571772e+03,1.000000000000000000e+00,9.338361995916110940e-08
8.341234053256841316e-04,3.219772248792440678e+03,3.219772248792440678e+03,3.219772248792440678e+03,1.000000000000000000e+00,9.466348020960750056e-08
8.370100693917999343e-04,3.230246095077040536e+03,3.230246095077040536e+03,3.230246095077040536e+03,1.000000000000000000e+00,9.596083594158312422e-08
8.399067233819210599e-04,3.240752468885279995e+03,3.240752468885279995e+03,3.240752468885279995e+03,1.000000000000000000e+00,9.727592545699168844e-08
8.428134018683364420e-04,3.251291458290222636e+03,3.251291458290222636e+03,3.251291458290222636e+03,1.000000000000000000e+00,9.860899029379554485e-08
8.457301395429781335e-04,3.261863152159687615e+03,3.261863152159687615e+03,3.261863152159687615e+03,1.000000000000000000e+00,9.996027527514586278e-08
8.486569712178387240e-04,3.272467640266515900e+03,3.272467640266515900e+03,3.272467640266515900e+03,1.000000000000000000e+00,1.013300285780026212e-07
8.515939318253840963e-04,3.283105012606784385e+03,3.283105012606784385e+03,3.283105012606784385e+03,1.000000000000000000e+00,1.027185017407649328e-07
8.545410564189716025e-04,3.293775359359402046e+03,3.293775359359402046e+03,3.293775359359402046e+03,1.000000000000000000e+00,1.041259497102489607e-07
8.574983801732692168e-04,3.304478770886107213e+03,3.304478770886107213e+03,3.304478770886107213e+03,1.000000000000000000e+00,1.055526308953935656e-07
8.604659383846730621e-04,3.315215337731550790e+03,3.315215337731550790e+03,3.315215337731550790e+03,1.000000000000000000e+00,1.069988072061167381e-07
8.634437664717314409e-04,3.325985150623236223e+03,3.325985150623236223e+03,3.325985150623236223e+03,1.000000000000000000e+00,1.084647441077914375e-07
8.664318999755648556e-04,3.336788300471635011e+03,3.336788300471635011e+03,3.336788300471635011e+03,1.000000000000000000e+00,1.099507106590569570e-07
8.694303745602928587e-04,3.347624878370158058e+03,3.347624878370158058e+03,3.347624878370158058e+03,1.000000000000000000e+00,1.114569795670399133e-07
8.724392260134572171e-04,3.358494975595248889e+03,3.358494975595248889e+03,3.358494975595248889e+03,1.000000000000000000e+00,1.129838272396314397e-07
8.754584902464510390e-04,3.369398683606254053e+03,3.369398683606254053e+03,3.369398683606254053e+03,1.000000000000000000e+00,1.145315338295250371e-07
8.784882032949458417e-04,3.380336094045715072e+03,3.380336094045715072e+03,3.380336094045715072e+03,1.000000000000000000e+00,1.161003832872485663e-07
8.815284013193231717e-04,3.391307298739066482e+03,3.391307298739066482e+03,3.391307298739066482e+03,1.000000000000000000e+00,1.176906634058862504e-07
8.845791206051044917e-04,3.402312389694877766e+03,3.402312389694877766e+03,3.402312389694877766e+03,1.000000000000000000e+00,1.193026658888700440e-07
8.876403975633863786e-04,3.413351458456781984e+03,3.413351458456781984e+03,3.413351458456781984e+03,1.000000000000000000e+00,1.209366863586039370e-07
8.907122687312720366e-04,3.424424594298629017e+03,3.424424594298629017e+03,3.424424594298629017e+03,1.000000000000000000e+00,1.225930243680896806e-07
8.937947707723111574e-04,3.435531886061041860e+03,3.435531886061041860e+03,3.435531886061041860e+03,1.000000000000000000e+00,1.242719834880076371e-07
8.968879404769341439e-04,3.446673422719816244e+03,3.446673422719816244e+03,3.446673422719816244e+03,1.000000000000000000e+00,1.259738714098864915e-07
8.999918147628935966e-04,3.457849293385403598e+03,3.457849293385403598e+03,3.457849293385403598e+03,1.000000000000000000e+00,1.276989999788762796e-07
9.031064306757029822e-04,3.469059587302731416e+03,3.469059587302731416e+03,3.469059587302731416e+03,1.000000000000000000e+00,1.294476852604619474e-07
9.062318253890808313e-04,3.480304393850757606e+03,3.480304393850757606e+03,3.480304393850757606e+03,1.000000000000000000e+00,1.312202476006386092e-07
9.093680362053920083e-04,3.491583802542052126e+03,3.491583802542052126e+03,3.491583802542052126e+03,1.000000000000000000e+00,1.330170116704119328e-07
9.125151005560962463e-04,3.502897903022518676e+03,3.502897903022518676e+03,3.502897903022518676e+03,1.000000000000000000e+00,1.348383065393499011e-07
9.156730560021909349e-04,3.514246785070822625e+03,3.514246785070822625e+03,3.514246785070822625e+03,1.000000000000000000e+00,1.366844657173010114e-07
9.188419402346620401e-04,3.525630538598286876e+03,3.525630538598286876e+03,3.525630538598286876e+03,1.000000000000000000e+00,1.385558272361836440e-07
9.220217910749341564e-04,3.537049253648235663e+03,3.537049253648235663e+03,3.537049253648235663e+03,1.000000000000000000e+00,1.404527336834671046e-07
9.252126464753194753e-04,3.548503020395710791e+03,3.548503020395710791e+03,3.548503020395710791e+03,1.000000000000000000e+00,1.423755322904219221e-07
9.284145445194745593e-04,3.559991929147054634e+03,3.559991929147054634e+03,3.559991929147054634e+03,1.000000000000000000e+00,1.443245749736950846e-07
9.316275234228500691e-04,3.571516070454410965e+03,3.571516070454410965e+03,3.571516070454410965e+03,1.000000000000000000e+00,1.463002184184526226e-07
9.348516215331522002e-04,3.583075536743282100e+03,3.583075536743282100e+03,3.583075536743282100e+03,1.000000000000000000e+00,1.483028241956998931e-07
9.380868773307949032e-04,3.594670421946758324e+03,3.594670421946758324e+03,3.594670421946758324e+03,1.000000000000000000e+00,1.503327588265898294e-07
9.413333294293645733e-04,3.606300820204855881e+03,3.606300820204855881e+03,3.606300820204855881e+03,1.000000000000000000e+00,1.523903937922399207e-07
9.445910165760758488e-04,3.617966825829266327e+03,3.617966825829266327e+03,3.617966825829266327e+03,1.000000000000000000e+00,1.544761055946692182e-07
9.478599776522385768e-04,3.629668533303293771e+03,3.629668533303293771e+03,3.629668533303293771e+03,1.000000000000000000e+00,1.565902758326716025e-07
9.511402516737178401e-04,3.641406037281831686e+03,3.641406037281831686e+03,3.641406037281831686e+03,1.000000000000000000e+00,1.587332912690020662e-07
9.544318777914033089e-04,3.653179432591188743e+03,3.653179432591188743e+03,3.653179432591188743e+03,1.000000000000000000e+00,1.609055438848876255e-07
9.577348952916732786e-04,3.664988814228916453e+03,3.664988814228916453e+03,3.664988814228916453e+03,1.000000000000000000e+00,1.631074309744182627e-07
9.610493435968664065e-04,3.676834277363818273e+03,3.676834277363818273e+03,3.676834277363818273e+03,1.000000000000000000e+00,1.653393551964073393e-07
9.643752622657493284e-04,3.688715917335720405e+03,3.688715917335720405e+03,3.688715917335720405e+03,1.000000000000000000e+00,1.676017246625042246e-07
9.677126909939920809e-04,3.700633829655388581e+03,3.700633829655388581e+03,3.700633829655388581e+03,1.000000000000000000e+00,1.698949529899693980e-07
9.710616696146379947e-04,3.712588110004498503e+03,3.712588110004498503e+03,3.712588110004498503e+03,1.000000000000000000e+00,1.722194593928571756e-07
9.744222380985837796e-04,3.724578854235298877e+03,3.724578854235298877e+03,3.724578854235298877e+03,1.000000000000000000e+00,1.745756687568201542e-07
9.777944365550515857e-04,3.736606158366356340e+03,3.736606158366356340e+03,3.736606158366356340e+03,1.000000000000000000e+00,1.769640117046827962e-07
9.811783052320723411e-04,3.748670117289024802e+03,3.748670117289024802e+03,3.748670117289024802e+03,1.000000000000000000e+00,1.793849246141980196e-07
9.845738845169623669e-04,3.760770822926864639e+03,3.760770822926864639e+03,3.760770822926864639e+03,1.000000000000000000e+00,1.818388496158123015e-07
9.879812149368072567e-04,3.772908366856853718e+03,3.772908366856853718e+03,3.772908366856853718e+03,1.000000000000000000e+00,1.843262347783195244e-07
9.914003371589462984e-04,3.785082840762376691e+03,3.785082840762376691e+03,3.785082840762376691e+03,1.000000000000000000e+00,1.868475342092246921e-07
9.948312919914558110e-04,3.797294336432574255e+03,3.797294336432574255e+03,3.797294336432574255e+03,1.000000000000000000e+00,1.894032081539903306e-07
9.982741203836383373e-04,3.809542945761791543e+03,3.809542945761791543e+03,3.809542945761791543e+03,1.000000000000000000e+00,1.919937230530969150e-07
1.001728863426509016e-03,3.821828760748813238e+03,3.821828760748813238e+03,3.821828760748813238e+03,1.000000000000000000e+00,1.946195516425252504e-07
1.005195562353288679e-03,3.834151873496305143e+03,3.834151873496305143e+03,3.834151873496305143e+03,1.000000000000000000e+00,1.972811730354701899e-07
1.008674258539892822e-03,3.846512376210187540e+03,3.846512376210187540e+03,3.846512376210187540e+03,1.000000000000000000e+00,1.999790728006790858e-07
1.012164993505429910e-03,3.858910361198926239e+03,3.858910361198926239e+03,3.858910361198926239e+03,1.000000000000000000e+00,2.027137430452647975e-07
1.015667808912691216e-03,3.871345920872841816e+03,3.871345920872841816e+03,3.871345920872841816e+03,1.000000000000000000e+00,2.054856825260161976e-07
1.019182746568653456e-03,3.883819147743546182e+03,3.883819147743546182e+03,3.883819147743546182e+03,1.000000000000000000e+00,2.082953967178317367e-07
1.022709848424973840e-03,3.896330134423189975e+03,3.896330134423189975e+03,3.896330134423189975e+03,1.000000000000000000e+00,2.111433978944596828e-07
1.026249156578494005e-03,3.908878973623754064e+03,3.908878973623754064e+03,3.908878973623754064e+03,1.000000000000000000e+00,2.140302052540183986e-07
1.029800713271738534e-03,3.921465758420449674e+03,3.921465758420449674e+03,3.921465758420449674e+03,1.000000000000000000e+00,2.169563449837520632e-07
1.033364560893423661e-03,3.934090584284584565e+03,3.934090584284584565e+03,3.934090584284584565e+03,1.000000000000000000e+00,2.199223505014676465e-07
1.036940741978959260e-03,3.946753547998800059e+03,3.946753547998800059e+03,3.946753547998800059e+03,1.000000000000000000e+00,2.229287624846514281e-07
1.040529299210959501e-03,3.959454746500950023e+03,3.959454746500950023e+03,3.959454746500950023e+03,1.000000000000000000e+00,2.259761289005409970e-07
1.044130275419749175e-03,3.972194276874174648e+03,3.972194276874174648e+03,3.972194276874174648e+03,1.000000000000000000e+00,2.290650050907588772e-07
1.047743713583879121e-03,3.984972236346558475e+03,3.984972236346558475e+03,3.984972236346558475e+03,1.000000000000000000e+00,2.321959539185242072e-07
1.051369656830634068e-03,3.997788722290824353e+03,3.997788722290824353e+03,3.997788722290824353e+03,1.000000000000000000e+00,2.353695457981579152e-07
1.055008148436552187e-03,4.010643832223934623e+03,4.010643832223934623e+03,4.010643832223934623e+03,1.000000000000000000e+00,2.385863588643984376e-07
1.058659231827938779e-03,4.023537663806768705e+03,4.023537663806768705e+03,4.023537663806768705e+03,1.000000000000000000e+00,2.418469790236399599e-07
1.062322950581383665e-03,4.036470314843667438e+03,4.036470314843667438e+03,4.036470314843667438e+03,1.000000000000000000e+00,2.451520000963922936e-07
1.065999348424285500e-03,4.049441883282264371e+03,4.049441883282264371e+03,4.049441883282264371e+03,1.000000000000000000e+00,2.485020238862156472e-07
1.069688469235368939e-03,4.062452467212905958e+03,4.062452467212905958e+03,4.062452467212905958e+03,1.000000000000000000e+00,2.518976603323978648e-07
1.073390357045212211e-03,4.075502164868403270e+03,4.075502164868403270e+03,4.075502164868403270e+03,1.000000000000000000e+00,2.553395275719977364e-07
1.077105056036769051e-03,4.088591074623617260e+03,4.088591074623617260e+03,4.088591074623617260e+03,1.000000000000000000e+00,2.588282520775954253e-07
1.080832610545899315e-03,4.101719294966930647e+03,4.101719294966930647e+03,4.101719294966930647e+03,1.000000000000000000e+00,2.623644687650373353e-07
1.084573065061895675e-03,4.114886922767388569e+03,4.114886922767388569e+03,4.114886922767388569e+03,1.000000000000000000e+00,2.659488209832475748e-07
1.088326464228016408e-03,4.128094052237722281e+03,4.128094052237722281e+03,4.128094052237722281e+03,1.000000000000000000e+00,2.695819605643726781e-07
1.092092852842016428e-03,4.141340777428637921e+03,4.141340777428637921e+03,4.141340777428637921e+03,1.000000000000000000e+00,2.732645480950329479e-07
1.095872275856683972e-03,4.154627192468565227e+03,4.154627192468565227e+03,4.154627192468565227e+03,1.000000000000000000e+00,2.769972530352909329e-07
1.099664778380375326e-03,4.167953391562888100e+03,4.167953391562888100e+03,4.167953391562888100e+03,1.000000000000000000e+00,2.807807538487631002e-07
1.103470405677554758e-03,4.181319468993055125e+03,4.181319468993055125e+03,4.181319468993055125e+03,1.000000000000000000e+00,2.846157381338285734e-07
1.107289203169333153e-03,4.194725519115643692e+03,4.194725519115643692e+03,4.194725519115643692e+03,1.000000000000000000e+00,2.885029027170616322e-07
1.111121216434011625e-03,4.208171636361561468e+03,4.208171636361561468e+03,4.208171636361561468e+03,1.000000000000000000e+00,2.924429537903676161e-07
1.114966491207624059e-03,4.221657915235107794e+03,4.221657915235107794e+03,4.221657915235107794e+03,1.000000000000000000e+00,2.964366070579903636e-07
1.118825073384485062e-03,4.235184450313013258e+03,4.235184450313013258e+03,4.235184450313013258e+03,1.000000000000000000e+00,3.004845878107173272e-07
1.122697009017734450e-03,4.248751336243697551e+03,4.248751336243697551e+03,4.248751336243697551e+03,1.000000000000000000e+00,3.045876311094234076e-07
1.126582344319891280e-03,4.262358667746121682e+03,4.262358667746121682e+03,4.262358667746121682e+03,1.000000000000000000e+00,3.087464818828050563e-07
1.130481125663400713e-03,4.276006539609134961e+03,4.276006539609134961e+03,4.276006539609134961e+03,1.000000000000000000e+00,3.129618950563200774e-07
1.134393399581191736e-03,4.289695046690317213e+03,4.289695046690317213e+03,4.289695046690317213e+03,1.000000000000000000e+00,3.172346357173504238e-07
1.138319212767228581e-03,4.303424284092715425e+03,4.303424284092715425e+03,4.303424284092715425e+03,1.000000000000000000e+00,3.215654792199184977e-07
1.142258612077072131e-03,4.317194347936715531e+03,4.317194347936715531e+03,4.317194347936715531e+03,1.000000000000000000e+00,3.259552114153442275e-07
1.146211644528435459e-03,4.331005334738475540e+03,4.331005334738475540e+03,4.331005334738475540e+03,1.000000000000000000e+00,3.304046287284336705e-07
1.150178357301746748e-03,4.344857341097830613e+03,4.344857341097830613e+03,4.344857341097830613e+03,1.000000000000000000e+00,3.349145382911265705e-07
1.154158797740713512e-03,4.358750463697586383e+03,4.358750463697586383e+03,4.358750463697586383e+03,1.000000000000000000e+00,3.394857580643701057e-07
1.158153013352884427e-03,4.372684799302423926e+03,4.372684799302423926e+03,4.372684799302423926e+03,1.000000000000000000e+00,3.441191169876394204e-07
1.162161051810220490e-03,4.386660444758160338e+03,4.386660444758160338e+03,4.386660444758160338e+03,1.000000000000000000e+00,3.488154551477158225e-07
1.166182960949659671e-03,4.400677496990942018e+03,4.400677496990942018e+03,4.400677496990942018e+03,1.000000000000000000e+00,3.535756238991256039e-07
1.170218788773691974e-03,4.414736053006315160e+03,4.414736053006315160e+03,4.414736053006315160e+03,1.000000000000000000e+00,3.584004860214917100e-07
1.174268583450928209e-03,4.428836209888498161e+03,4.428836209888498161e+03,4.428836209888498161e+03,1.000000000000000000e+00,3.632909158918364934e-07
1.178332393316679390e-03,4.442978064799371168e+03,4.442978064799371168e+03,4.442978064799371168e+03,1.000000000000000000e+00,3.682477995943029742e-07
1.182410266873528976e-03,4.457161714977700285e+03,4.457161714977700285e+03,4.457161714977700285e+03,1.000000000000000000e+00,3.732720351357591355e-07
1.186502252791916609e-03,4.471387257738330845e+03,4.471387257738330845e+03,4.471387257738330845e+03,1.000000000000000000e+00,3.783645325439535837e-07
1.190608399910713820e-03,4.485654790471086017e+03,4.485654790471086017e+03,4.485654790471086017e+03,1.000000000000000000e+00,3.835262140719141276e-07
1.194728757237812104e-03,4.499964410615792985e+03,4.499964410615792985e+03,4.499964410615792985e+03,1.000000000000000000e+00,3.887580143420528588e-07
1.198863373950702967e-03,4.514316215071630722e+03,4.514316215071630722e+03,4.514316215071630722e+03,1.000000000000000000e+00,3.940608804509468271e-07
1.203012299397069901e-03,4.528710300157417805e+03,4.528710300157417805e+03,4.528710300157417805e+03,1.000000000000000000e+00,3.994357721485167429e-07
1.207175583095371684e-03,4.543146762216475508e+03,4.543146762216475508e+03,4.543146762216475508e+03,1.000000000000000000e+00,4.048836620338279076e-07
1.211353274735439125e-03,4.557625697645839864e+03,4.557625697645839864e+03,4.557625697645839864e+03,1.000000000000000000e+00,4.104055357500376524e-07
1.215545424179063569e-03,4.572147202895188457e+03,4.572147202895188457e+03,4.572147202895188457e+03,1.000000000000000000e+00,4.160023921642935951e-07
1.219752081460594943e-03,4.586711374465912741e+03,4.586711374465912741e+03,4.586711374465912741e+03,1.000000000000000000e+00,4.216752434923454216e-07
1.223973296787536982e-03,4.601318308909848383e+03,4.601318308909848383e+03,4.601318308909848383e+03,1.000000000000000000e+00,4.274251155466380837e-07
1.228209120541148532e-03,4.615968102828423980e+03,4.615968102828423980e+03,4.615968102828423980e+03,1.000000000000000000e+00,4.332530478634865426e-07
1.232459603277042239e-03,4.630660852871486895e+03,4.630660852871486895e+03,4.630660852871486895e+03,1.000000000000000000e+00,4.391600939163572897e-07
1.236724795725789756e-03,4.645396655736234607e+03,4.645396655736234607e+03,4.645396655736234607e+03,1.000000000000000000e+00,4.451473212784491199e-07
1.241004748793528246e-03,4.660175608166144229e+03,4.660175608166144229e+03,4.660175608166144229e+03,1.000000000000000000e+00,4.512158118197835644e-07
1.245299513562563845e-03,4.674997806949883852e+03,4.674997806949883852e+03,4.674997806949883852e+03,1.000000000000000000e+00,4.573666619010349336e-07
1.249609141291987057e-03,4.689863348920252974e+03,4.689863348920252974e+03,4.689863348920252974e+03,1.000000000000000000e+00,4.636009825688032813e-07
1.253933683418279044e-03,4.704772330952944685e+03,4.704772330952944685e+03,4.704772330952944685e+03,1.000000000000000000e+00,4.699198997281092231e-07
1.258273191555929829e-03,4.719724849763190832e+03,4.719724849763190832e+03,4.719724849763190832e+03,1.000000000000000000e+00,4.763245543392083946e-07
1.262627717498050446e-03,4.734721001423451526e+03,4.734721001423451526e+03,4.734721001423451526e+03,1.000000000000000000e+00,4.828161025718747441e-07
1.266997313216996135e-03,4.749760881891548706e+03,4.749760881891548706e+03,4.749760881891548706e+03,1.000000000000000000e+00,4.893957160328671539e-07
1.271382030864980431e-03,4.764844587150729240e+03,4.764844587150729240e+03,4.764844587150729240e+03,1.000000000000000000e+00,4.960645820112473877e-07
1.275781922774703574e-03,4.779972213208326139e+03,4.779972213208326139e+03,4.779972213208326139e+03,1.000000000000000000e+00,5.028239036772293859e-07
1.280197041459972237e-03,4.795143856094600778e+03,4.795143856094600778e+03,4.795143856094600778e+03,1.000000000000000000e+00,5.096749002873205347e-07
1.284627439616330743e-03,4.810359611861348640e+03,4.810359611861348640e+03,4.810359611861348640e+03,1.000000000000000000e+00,5.166188074007508651e-07
1.289073170121684707e-03,4.825619576580917965e+03,4.825619576580917965e+03,4.825619576580917965e+03,1.000000000000000000e+00,5.236568770925816730e-07
1.293534286036938756e-03,4.840923846344579033e+03,4.840923846344579033e+03,4.840923846344579033e+03,1.000000000000000000e+00,5.307903781881676264e-07
1.298010840606622770e-03,4.856272517261652865e+03,4.856272517261652865e+03,4.856272517261652865e+03,1.000000000000000000e+00,5.380205964495766475e-07
1.302502887259533509e-03,4.871665685457817744e+03,4.871665685457817744e+03,4.871665685457817744e+03,1.000000000000000000e+00,5.453488348430925518e-07
1.307010479609367788e-03,4.887103447074100586e+03,4.887103447074100586e+03,4.887103447074100586e+03,1.000000000000000000e+00,5.527764137387749521e-07
1.311533671455365627e-03,4.902585898265611831e+03,4.902585898265611831e+03,4.902585898265611831e+03,1.000000000000000000e+00,5.603046711464173323e-07
1.316072516782949278e-03,4.918113135199942008e+03,4.918113135199942008e+03,4.918113135199942008e+03,1.000000000000000000e+00,5.679349629431007548e-07
1.320627069764371145e-03,4.933685253968959842e+03,4.933685253968959842e+03,4.933685253968959842e+03,1.000000000000000000e+00,5.756686631175935706e-07
1.325197384759357151e-03,4.949302349533756569e+03,4.949302349533756569e+03,4.949302349533756569e+03,1.000000000000000000e+00,5.835071638715869972e-07
1.329783516315755738e-03,4.964964516048246878e+03,4.964964516048246878e+03,4.964964516048246878e+03,1.000000000000000000e+00,5.914518758992825892e-07
1.334385519170193162e-03,4.980671847631355377e+03,4.980671847631355377e+03,4.980671847631355377e+03,1.000000000000000000e+00,5.995042287096062183e-07
1.339003448248720111e-03,4.996424438381895925e+03,4.996424438381895925e+03,4.996424438381895925e+03,1.000000000000000000e+00,6.076656708892551084e-07
1.343637358667473499e-03,5.012222382376932728e+03,5.012222382376932728e+03,5.012222382376932728e+03,1.000000000000000000e+00,6.159376703451691687e-07
1.348287305733328941e-03,5.028065773670425187e+03,5.028065773670425187e+03,5.028065773670425187e+03,1.000000000000000000e+00,6.243217145797271287e-07
1.352953344944566238e-03,5.043954706291378898e+03,5.043954706291378898e+03,5.043954706291378898e+03,1.000000000000000000e+00,6.328193109161049469e-07
1.357635531991526400e-03,5.059889274242626016e+03,5.059889274242626016e+03,5.059889274242626016e+03,1.000000000000000000e+00,6.414319867978788824e-07
1.362333922757280819e-03,5.075869571498963523e+03,5.075869571498963523e+03,5.075869571498963523e+03,1.000000000000000000e+00,6.501612900022321576e-07
1.367048573318294796e-03,5.091895692005661658e+03,5.091895692005661658e+03,5.091895692005661658e+03,1.000000000000000000e+00,6.590087889799575832e-07
1.371779539945099753e-03,5.107967729676970521e+03,5.107967729676970521e+03,5.107967729676970521e+03,1.000000000000000000e+00,6.679760730566657883e-07
1.376526879102961745e-03,5.124085778394294721e+03,5.124085778394294721e+03,5.124085778394294721e+03,1.000000000000000000e+00,6.770647527611755522e-07
1.381290647452559309e-03,5.140249932004920993e+03,5.140249932004920993e+03,5.140249932004920993e+03,1.000000000000000000e+00,6.862764600616188393e-07
1.386070901850655016e-03,5.156460284323117776e+03,5.156460284323117776e+03,5.156460284323117776e+03,1.000000000000000000e+00,6.956128486933018418e-07
1.390867699350778735e-03,5.172716929684833303e+03,5.172716929684833303e+03,5.172716929684833303e+03,1.000000000000000000e+00,7.050755944796308344e-07
1.395681097203904392e-03,5.189019963601173913e+03,5.189019963601173913e+03,5.189019963601173913e+03,1.000000000000000000e+00,7.146663957474322277e-07
1.400511152859137574e-03,5.205369481721961165e+03,5.205369481721961165e+03,5.205369481721961165e+03,1.000000000000000000e+00,7.243869734725881310e-07
1.405357923964395970e-03,5.221765579679060465e+03,5.221765579679060465e+03,5.221765579679060465e+03,1.000000000000000000e+00,7.342390715424673823e-07
1.410221468367103478e-03,5.238208353084864029e+03,5.238208353084864029e+03,5.238208353084864029e+03,1.000000000000000000e+00,7.442244570948128424e-07
1.415101844114874776e-03,5.254697897530606497e+03,5.254697897530606497e+03,5.254697897530606497e+03,1.000000000000000000e+00,7.543449207944957522e-07
1.419999109456213104e-03,5.271234308585325380e+03,5.271234308585325380e+03,5.271234308585325380e+03,1.000000000000000000e+00,7.646022771499380190e-07
1.424913322841201563e-03,5.287817681793728298e+03,5.287817681793728298e+03,5.287817681793728298e+03,1.000000000000000000e+00,7.749983648262353098e-07
1.429844542922202415e-03,5.304448112675190714e+03,5.304448112675190714e+03,5.304448112675190714e+03,1.000000000000000000e+00,7.855350469824678055e-07
1.434792828554558785e-03,5.321125696721991517e+03,5.321125696721991517e+03,5.321125696721991517e+03,1.000000000000000000e+00,7.962142115512059324e-07
1.439758238797293104e-03,5.337850529397727769e+03,5.337850529397727769e+03,5.337850529397727769e+03,1.000000000000000000e+00,8.070377716239386235e-07
1.444740832913816607e-03,5.354622706135934095e+03,5.354622706135934095e+03,5.354622706135934095e+03,1.000000000000000000e+00,8.180076657296233852e-07
1.449740670372631898e-03,5.371442322338348276e+03,5.371442322338348276e+03,5.371442322338348276e+03,1.000000000000000000e+00,8.291258581919603473e-07
1.454757810848047875e-03,5.388309473373543369e+03,5.388309473373543369e+03,5.388309473373543369e+03,1.000000000000000000e+00,8.403943394672660827e-07
1.459792314220886410e-03,5.405224254045245289e+03,5.405224254045245289e+03,5.405224254045245289e+03,1.000000000000000000e+00,8.518151264011261785e-07
1.464844240579202695e-03,5.422186755053566230e+03,5.422186755053566230e+03,5.422186755053566230e+03,1.000000000000000000e+00,8.633902620368082417e-07
1.469913650218997126e-03,5.439197065123985340e+03,5.439197065123985340e+03,5.439197065123985340e+03,1.000000000000000000e+00,8.751218162191639918e-07
1.475000603644939555e-03,5.456255272850797155e+03,5.456255272850797155e+03,5.456255272850797155e+03,1.000000000000000000e+00,8.870118862862046628e-07
1.480105161571087027e-03,5.473361466704587656e+03,5.473361466704587656e+03,5.473361466704587656e+03,1.000000000000000000e+00,8.990625974075094063e-07
1.485227384921613452e-03,5.490515735030314318e+03,5.490515735030314318e+03,5.490515735030314318e+03,1.000000000000000000e+00,9.112761029570986182e-07
1.490367334831531028e-03,5.507718166044936879e+03,5.507718166044936879e+03,5.507718166044936879e+03,1.000000000000000000e+00,9.236545848888938923e-07
1.495525072647425338e-03,5.524968847835250926e+03,5.524968847835250926e+03,5.524968847835250926e+03,1.000000000000000000e+00,9.362002540806798887e-07
1.500700659928183058e-03,5.542267868355672363e+03,5.542267868355672363e+03,5.542267868355672363e+03,1.000000000000000000e+00,9.489153507485447435e-07
1.505894158445731171e-03,5.559615315426041889e+03,5.559615315426041889e+03,5.559615315426041889e+03,1.000000000000000000e+00,9.618021448244724282e-07
1.511105630185768153e-03,5.577011276729318524e+03,5.577011276729318524e+03,5.577011276729318524e+03,1.000000000000000000e+00,9.748629363249343242e-07
1.516335137348511419e-03,5.594455839809341342e+03,5.594455839809341342e+03,5.594455839809341342e+03,1.000000000000000000e+00,9.881000557620518271e-07
1.521582742349432199e-03,5.611949092068473874e+03,5.611949092068473874e+03,5.611949092068473874e+03,1.000000000000000000e+00,1.001515864534641495e-06
1.526848507820006669e-03,5.629491120765649612e+03,5.629491120765649612e+03,5.629491120765649612e+03,1.000000000000000000e+00,1.015112755339251548e-06
1.532132496608459068e-03,5.647082013053387527e+03,5.647082013053387527e+03,5.647082013053387527e+03,1.000000000000000000e+00,1.028893152591181295e-06
1.537434771780512828e-03,5.664721857842957434e+03,5.664721857842957434e+03,5.664721857842957434e+03,1.000000000000000000e+00,1.042859513162007746e-06
1.542755396620146486e-03,5.682410746632273003e+03,5.682410746632273003e+03,5.682410746632273003e+03,1.000000000000000000e+00,1.057014326983173677e-06
1.548094434630343727e-03,5.700148771031571414e+03,5.700148771031571414e+03,5.700148771031571414e+03,1.000000000000000000e+00,1.071360117048057559e-06
1.553451949533856671e-03,5.717936022557337310e+03,5.717936022557337310e+03,5.717936022557337310e+03,1.000000000000000000e+00,1.085899439796163781e-06
1.558828005273960905e-03,5.735772592630130021e+03,5.735772592630130021e+03,5.735772592630130021e+03,1.000000000000000000e+00,1.100634885530917831e-06
1.564222666015223969e-03,5.753658572572943740e+03,5.753658572572943740e+03,5.753658572572943740e+03,1.000000000000000000e+00,1.115569078911236582e-06
1.569635996144266897e-03,5.771594053608970171e+03,5.771594053608970171e+03,5.771594053608970171e+03,1.000000000000000000e+00,1.130704679345872523e-06
1.575068060270536606e-03,5.789579126859923235e+03,5.789579126859923235e+03,5.789579126859923235e+03,1.000000000000000000e+00,1.146044381491217350e-06
1.580518923227072206e-03,5.807613883343886300e+03,5.807613883343886300e+03,5.807613883343886300e+03,1.000000000000000000e+00,1.161590915693105459e-06
1.585988650071284327e-03,5.825698413973522293e+03,5.825698413973522293e+03,5.825698413973522293e+03,1.000000000000000000e+00,1.177347048449423323e-06
1.591477306085726422e-03,5.843832809553896368e+03,5.843832809553896368e+03,5.843832809553896368e+03,1.000000000000000000e+00,1.193315582899806973e-06
1.596984956778878424e-03,5.862017160780657832e+03,5.862017160780657832e+03,5.862017160780657832e+03,1.000000000000000000e+00,1.209499359288715761e-06
1.602511667885924557e-03,5.880251558237997415e+03,5.880251558237997415e+03,5.880251558237997415e+03,1.000000000000000000e+00,1.225901255461683128e-06
1.608057505369541547e-03,5.898536092396610002e+03,5.898536092396610002e+03,5.898536092396610002e+03,1.000000000000000000e+00,1.242524187346804861e-06
1.613622535420682503e-03,5.916870852725368422e+03,5.916870852725368422e+03,5.916870852725368422e+03,1.000000000000000000e+00,1.259371109287278933e-06
1.619206824459370770e-03,5.935255924350655732e+03,5.935255924350655732e+03,5.935255924350655732e+03,1.000000000000000000e+00,1.276445013777392744e-06
1.624810439135487708e-03,5.953691390964733728e+03,5.953691390964733728e+03,5.953691390964733728e+03,1.000000000000000000e+00,1.293748932599735793e-06
1.630433446329574354e-03,5.972177336058784931e+03,5.972177336058784931e+03,5.972177336058784931e+03,1.000000000000000000e+00,1.311285937562993964e-06
1.636075913153622451e-03,5.990713842920261413e+03,5.990713842920261413e+03,5.990713842920261413e+03,1.000000000000000000e+00,1.329059141052767213e-06
1.641737906951883054e-03,6.009300994630544665e+03,6.009300994630544665e+03,6.009300994630544665e+03,1.000000000000000000e+00,1.347071696543099966e-06
1.647419495301664276e-03,6.027938874062139803e+03,6.027938874062139803e+03,6.027938874062139803e+03,1.000000000000000000e+00,1.365326799123515820e-06
1.653120746014139679e-03,6.046627563876142631e+03,6.046627563876142631e+03,6.046627563876142631e+03,1.000000000000000000e+00,1.383827686073064686e-06
1.658841727135159901e-03,6.065367146519626658e+03,6.065367146519626658e+03,6.065367146519626658e+03,1.000000000000000000e+00,1.402577637363550149e-06
1.664582506946061038e-03,6.084157704222911889e+03,6.084157704222911889e+03,6.084157704222911889e+03,1.000000000000000000e+00,1.421579976253225655e-06
1.670343153964484089e-03,6.102999318996993679e+03,6.102999318996993679e+03,6.102999318996993679e+03,1.000000000000000000e+00,1.440838069840858461e-06
1.676123736945186364e-03,6.121892072630743314e+03,6.121892072630743314e+03,6.121892072630743314e+03,1.000000000000000000e+00,1.460355329629595651e-06
1.681924324880869825e-03,6.140836046688416900e+03,6.140836046688416900e+03,6.140836046688416900e+03,1.000000000000000000e+00,1.480135212088153538e-06
1.687744987002997047e-03,6.159831322506743163e+03,6.159831322506743163e+03,6.159831322506743163e+03,1.000000000000000000e+00,1.500181219266171427e-06
1.693585792782624109e-03,6.178877981229268698e+03,6.178877981229268698e+03,6.178877981229268698e+03,1.000000000000000000e+00,1.520496899378532424e-06
1.699446811931224150e-03,6.197976104539314292e+03,6.197976104539314292e+03,6.197976104539314292e+03,1.000000000000000000e+00,1.541085847593070408e-06
1.705328114401524157e-03,6.217125774629327680e+03,6.217125774629327680e+03,6.217125774629327680e+03,1.000000000000000000e+00,1.561951706641838132e-06
1.711229770388334598e-03,6.236327073501585801e+03,6.236327073501585801e+03,6.236327073501585801e+03,1.000000000000000000e+00,1.583098167260085651e-06
1.717151850329394231e-03,6.255580082936887266e+03,6.255580082936887266e+03,6.255580082936887266e+03,1.000000000000000000e+00,1.604528968796056702e-06
1.723094424906203206e-03,6.274884884492007586e+03,6.274884884492007586e+03,6.274884884492007586e+03,1.000000000000000000e+00,1.626247899902850297e-06
1.729057565044872426e-03,6.294241559497104390e+03,6.294241559497104390e+03,6.294241559497104390e+03,1.000000000000000000e+00,1.648258799079878702e-06
1.735041341916966195e-03,6.313650189052948008e+03,6.313650189052948008e+03,6.313650189052948008e+03,1.000000000000000000e+00,1.670565555385692038e-06
1.741045826940356344e-03,6.333110854028368522e+03,6.333110854028368522e+03,6.333110854028368522e+03,1.000000000000000000e+00,1.693172109097538902e-06
1.747071091780067484e-03,6.352623635057407228e+03,6.352623635057407228e+03,6.352623635057407228e+03,1.000000000000000000e+00,1.716082452342486601e-06
1.753117208349140241e-03,6.372188612536929213e+03,6.372188612536929213e+03,6.372188612536929213e+03,1.000000000000000000e+00,1.739300629791350771e-06
1.759184248809483441e-03,6.391805866623614747e+03,6.391805866623614747e+03,6.391805866623614747e+03,1.000000000000000000e+00,1.762830739324329019e-06
1.765272285572739523e-03,6.411475477231495461e+03,6.411475477231495461e+03,6.411475477231495461e+03,1.000000000000000000e+00,1.786676932753664873e-06
1.771381391301145823e-03,6.431197524029037595e+03,6.431197524029037595e+03,6.431197524029037595e+03,1.000000000000000000e+00,1.810843416485032491e-06
1.777511638908402377e-03,6.450972086436198879e+03,6.450972086436198879e+03,6.450972086436198879e+03,1.000000000000000000e+00,1.835334452222551621e-06
1.783663101560545566e-03,6.470799242888931076e+03,6.470799242888931076e+03,6.470799242888931076e+03,1.000000000000000000e+00,1.860154357534342813e-06
1.789835852676815260e-03,6.490679069359603091e+03,6.490679069359603091e+03,6.490679069359603091e+03,1.000000000000000000e+00,1.885307506060823627e-06
1.796029965930537797e-03,6.510611641116513056e+03,6.510611641116513056e+03,6.510611641116513056e+03,1.000000000000000000e+00,1.910798328803869691e-06
1.802245515249998329e-03,6.530597033127446593e+03,6.530597033127446593e+03,6.530597033127446593e+03,1.000000000000000000e+00,1.936631314896516294e-06
1.808482574819330517e-03,6.550635320056319870e+03,6.550635320056319870e+03,6.550635320056319870e+03,1.000000000000000000e+00,1.962811012476997925e-06
1.814741219079394740e-03,6.570726576260610273e+03,6.570726576260610273e+03,6.570726576260610273e+03,1.000000000000000000e+00,1.989342029312938916e-06
1.821021522728673205e-03,6.590870875787847581e+03,6.590870875787847581e+03,6.590870875787847581e+03,1.000000000000000000e+00,2.016229033705793203e-06
1.827323560724155747e-03,6.611068292372622636e+03,6.611068292372622636e+03,6.611068292372622636e+03,1.000000000000000000e+00,2.043476755144077406e-06
1.833647408282239278e-03,6.631318899433795195e+03,6.631318899433795195e+03,6.631318899433795195e+03,1.000000000000000000e+00,2.071089985225540678e-06
1.839993140879620740e-03,6.651622770070794104e+03,6.651622770070794104e+03,6.651622770070794104e+03,1.000000000000000000e+00,2.099073578326176742e-06
1.846360834254203494e-03,6.671979977061148929e+03,6.671979977061148929e+03,6.671979977061148929e+03,1.000000000000000000e+00,2.127432452519541356e-06
1.852750564405994827e-03,6.692390592856781041e+03,6.692390592856781041e+03,6.692390592856781041e+03,1.000000000000000000e+00,2.156171590337399760e-06
1.859162407598020364e-03,6.712854689581334242e+03,6.712854689581334242e+03,6.712854689581334242e+03,1.000000000000000000e+00,2.185296039624551053e-06
1.865596440357225909e-03,6.733372339026713234e+03,6.733372339026713234e+03,6.733372339026713234e+03,1.000000000000000000e+00,2.214810914357477495e-06
1.872052739475400535e-03,6.753943612595606282e+03,6.753943612595606282e+03,6.753943612595606282e+03,1.000000000000000000e+00,2.244721395526308664e-06
1.878531382010082329e-03,6.774568580735034629e+03,6.774568580735034629e+03,6.774568580735034629e+03,1.000000000000000000e+00,2.275032731760302773e-06
1.885032445285487763e-03,6.795247313151498929e+03,6.795247313151498929e+03,6.795247313151498929e+03,1.000000000000000000e+00,2.305750240288073716e-06
1.891556006893428503e-03,6.815979879187872029e+03,6.815979879187872029e+03,6.815979879187872029e+03,1.000000000000000000e+00,2.336879307942425400e-06
1.898102144694240783e-03,6.836766347826173842e+03,6.836766347826173842e+03,6.836766347826173842e+03,1.000000000000000000e+00,2.368425392048888465e-06
1.904670936817710880e-03,6.857606787684367191e+03,6.857606787684367191e+03,6.857606787684367191e+03,1.000000000000000000e+00,2.400394021374190930e-06
1.911262461664013819e-03,6.878501267012973585e+03,6.878501267012973585e+03,6.878501267012973585e+03,1.000000000000000000e+00,2.432790796988891369e-06
1.917876797904641446e-03,6.899449853691809039e+03,6.899449853691809039e+03,6.899449853691809039e+03,1.000000000000000000e+00,2.465621393227108323e-06
1.924514024483346556e-03,6.920452615226519811e+03,6.920452615226519811e+03,6.920452615226519811e+03,1.000000000000000000e+00,2.498891558616765762e-06
1.931174220617086360e-03,6.941509618745414627e+03,6.941509618745414627e+03,6.941509618745414627e+03,1.000000000000000000e+00,2.532607116879863189e-06
1.937857465796961193e-03,6.962620930995796698e+03,6.962620930995796698e+03,6.962620930995796698e+03,1.000000000000000000e+00,2.566773967817406532e-06
1.944563839789172077e-03,6.983786618340981477e+03,6.983786618340981477e+03,6.983786618340981477e+03,1.000000000000000000e+00,2.601398088357178587e-06
1.951293422635963330e-03,7.005006746756528628e+03,7.005006746756528628e+03,7.005006746756528628e+03,1.000000000000000000e+00,2.636485533500358047e-06
1.958046294656587069e-03,7.026281381827077894e+03,7.026281381827077894e+03,7.026281381827077894e+03,1.000000000000000000e+00,2.672042437367575125e-06
1.964822536448254491e-03,7.047610588742975779e+03,7.047610588742975779e+03,7.047610588742975779e+03,1.000000000000000000e+00,2.708075014164792542e-06
1.971622228887102979e-03,7.068994432310420052e+03,7.068994432310420052e+03,7.068994432310420052e+03,1.000000000000000000e+00,2.744589559276116941e-06
1.978445453129156709e-03,7.090432976960667474e+03,7.090432976960667474e+03,7.090432976960667474e+03,1.000000000000000000e+00,2.781592450239820129e-06
1.985292290611301129e-03,7.111926286723994963e+03,7.111926286723994963e+03,7.111926286723994963e+03,1.000000000000000000e+00,2.819090147840196733e-06
1.992162823052248764e-03,7.133474425223002982e+03,7.133474425223002982e+03,7.133474425223002982e+03,1.000000000000000000e+00,2.857089197184528055e-06
1.999057132453519337e-03,7.155077455669095798e+03,7.155077455669095798e+03,7.155077455669095798e+03,1.000000000000000000e+00,2.895596228773111684e-06
2.005975301100414252e-03,7.176735440859207301e+03,7.176735440859207301e+03,7.176735440859207301e+03,1.000000000000000000e+00,2.934617959560969020e-06
2.012917411563003647e-03,7.198448443172197585e+03,7.198448443172197585e+03,7.198448443172197585e+03,1.000000000000000000e+00,2.974161194069867395e-06
2.019883546697106950e-03,7.220216524565283180e+03,7.220216524565283180e+03,7.220216524565283180e+03,1.000000000000000000e+00,3.014232825581486255e-06
2.026873789645286007e-03,7.242039746570587340e+03,7.242039746570587340e+03,7.242039746570587340e+03,1.000000000000000000e+00,3.054839837234223610e-06
2.033888223837833006e-03,7.263918170291795832e+03,7.263918170291795832e+03,7.263918170291795832e+03,1.000000000000000000e+00,3.095989303096241509e-06
2.040926932993771849e-03,7.285851856400409815e+03,7.285851856400409815e+03,7.285851856400409815e+03,1.000000000000000000e+00,3.137688389468889236e-06
2.047990001121850409e-03,7.307840865132163344e+03,7.307840865132163344e+03,7.307840865132163344e+03,1.000000000000000000e+00,3.179944355973948447e-06
2.055077512521551013e-03,7.329885256283574563e+03,7.329885256283574563e+03,7.329885256283574563e+03,1.000000000000000000e+00,3.222764556736811565e-06
2.062189551784089636e-03,7.351985089208552381e+03,7.351985089208552381e+03,7.351985089208552381e+03,1.000000000000000000e+00,3.266156441712958669e-06
2.069326203793428118e-03,7.374140422457930981e+03,7.374140422457930981e+03,7.374140422457930981e+03,1.000000000000000000e+00,3.310127557559658161e-06
2.076487553727290273e-03,7.396351311711269773e+03,7.396351311711269773e+03,7.396351311711269773e+03,1.000000000000000000e+00,3.354685548168649688e-06
2.083673687058173671e-03,7.418617811157254437e+03,7.418617811157254437e+03,7.418617811157254437e+03,1.000000000000000000e+00,3.399838156273786000e-06
2.090884689554373121e-03,7.440939974478603290e+03,7.440939974478603290e+03,7.440939974478603290e+03,1.000000000000000000e+00,3.445593225269192554e-06
2.098120647281000693e-03,7.463317854851236916e+03,7.463317854851236916e+03,7.463317854851236916e+03,1.000000000000000000e+00,3.491958700557550847e-06
2.105381646601019608e-03,7.485751504940262748e+03,7.485751504940262748e+03,7.485751504940262748e+03,1.000000000000000000e+00,3.538942630628034658e-06
2.112667774176265993e-03,7.508240976896183383e+03,7.508240976896183383e+03,7.508240976896183383e+03,1.000000000000000000e+00,3.586553168632855209e-06
2.119979116968492752e-03,7.530786322350926639e+03,7.530786322350926639e+03,7.530786322350926639e+03,1.000000000000000000e+00,3.634798573588257739e-06
2.127315762240397819e-03,7.553387592413883795e+03,7.553387592413883795e+03,7.553387592413883795e+03,1.000000000000000000e+00,3.683687211658740773e-06
2.134677797556674972e-03,7.576044837668016044e+03,7.576044837668016044e+03,7.576044837668016044e+03,1.000000000000000000e+00,3.733227557697568065e-06
2.142065310785050761e-03,7.598758108165640806e+03,7.598758108165640806e+03,7.598758108165640806e+03,1.000000000000000000e+00,3.783428196485242159e-06
2.149478390097340520e-03,7.621527453424881060e+03,7.621527453424881060e+03,7.621527453424881060e+03,1.000000000000000000e+00,3.834297824177695248e-06
2.156917123970493108e-03,7.644352922425274301e+03,7.644352922425274301e+03,7.644352922425274301e+03,1.000000000000000000e+00,3.885845249715844751e-06
2.164381601187655157e-03,7.667234563604035429e+03,7.667234563604035429e+03,7.667234563604035429e+03,1.000000000000000000e+00,3.938079396322384812e-06
2.171871910839222753e-03,7.690172424859377315e+03,7.690172424859377315e+03,7.690172424859377315e+03,1.000000000000000000e+00,3.991009302837452644e-06
2.179388142323913057e-03,7.713166553825410119e+03,7.713166553825410119e+03,7.713166553825410119e+03,1.000000000000000000e+00,4.044644125473087456e-06
2.186930385349821187e-03,7.736216997953120881e+03,7.736216997953120881e+03,7.736216997953120881e+03,1.000000000000000000e+00,4.098993139198263146e-06
2.194498729935502254e-03,7.759323804167119306e+03,7.759323804167119306e+03,7.759323804167119306e+03,1.000000000000000000e+00,4.154065739273014900e-06
2.202093266411033878e-03,7.782487018837710821e+03,7.782487018837710821e+03,7.782487018837710821e+03,1.000000000000000000e+00,4.209871442569679294e-06
2.209714085419106459e-03,7.805706687776724721e+03,7.805706687776724721e+03,7.805706687776724721e+03,1.000000000000000000e+00,4.266419889232970455e-06
2.217361277916095243e-03,7.828982856233850725e+03,7.828982856233850725e+03,7.828982856233850725e+03,1.000000000000000000e+00,4.323720844206174184e-06
2.225034935173149288e-03,7.852315568892213378e+03,7.852315568892213378e+03,7.852315568892213378e+03,1.000000000000000000e+00,4.381784198845909550e-06
2.232735148777284778e-03,7.875704869864453030e+03,7.875704869864453030e+03,7.875704869864453030e+03,1.000000000000000000e+00,4.440619972514235733e-06
2.240462010632470087e-03,7.899150802688917793e+03,7.899150802688917793e+03,7.899150802688917793e+03,1.000000000000000000e+00,4.500238314130937305e-06
2.248215612960730806e-03,7.922653410325140612e+03,7.922653410325140612e+03,7.922653410325140612e+03,1.000000000000000000e+00,4.560649503977970380e-06
2.255996048303244347e-03,7.946212735150261324e+03,7.946212735150261324e+03,7.946212735150261324e+03,1.000000000000000000e+00,4.621863955189326649e-06
2.263803409521448432e-03,7.969828818954472808e+03,7.969828818954472808e+03,7.969828818954472808e+03,1.000000000000000000e+00,4.683892215558384008e-06
2.271637789798145683e-03,7.993501702937319351e+03,7.993501702937319351e+03,7.993501702937319351e+03,1.000000000000000000e+00,4.746744969192816653e-06
2.279499282638621643e-03,8.017231427703336522e+03,8.017231427703336522e+03,8.017231427703336522e+03,1.000000000000000000e+00,4.810433038227216930e-06
2.287387981871751540e-03,8.041018032488730569e+03,8.041018032488730569e+03,8.041018032488730569e+03,1.000000000000000000e+00,4.874967384145264638e-06
2.295303981651132183e-03,8.064861552658732762e+03,8.064861552658732762e+03,8.064861552658732762e+03,1.000000000000000000e+00,4.940359108007108786e-06
2.303247376456193062e-03,8.088762022061090647e+03,8.088762022061090647e+03,8.088762022061090647e+03,1.000000000000000000e+00,5.006619453496337381e-06
2.311218261093335620e-03,8.112719473873417883e+03,8.112719473873417883e+03,8.112719473873417883e+03,1.000000000000000000e+00,5.073759809371605028e-06
2.319216730697054758e-03,8.136733940599435300e+03,8.136733940599435300e+03,8.136733940599435300e+03,1.000000000000000000e+00,5.141791711224257637e-06
2.327242880731082014e-03,8.160805454063866819e+03,8.160805454063866819e+03,8.160805454063866819e+03,1.000000000000000000e+00,5.210726843310933940e-06
2.335296806989518772e-03,8.184934045408293969e+03,8.184934045408293969e+03,8.184934045408293969e+03,1.000000000000000000e+00,5.280577040447188963e-06
2.343378605597986816e-03,8.209119745086542025e+03,8.209119745086542025e+03,8.209119745086542025e+03,1.000000000000000000e+00,5.351354289961954790e-06
2.351488373014765879e-03,8.233362582859854228e+03,8.233362582859854228e+03,8.233362582859854228e+03,1.000000000000000000e+00,5.423070733578497496e-06
2.359626206031956771e-03,8.257662587792832710e+03,8.257662587792832710e+03,8.257662587792832710e+03,1.000000000000000000e+00,5.495738669305383481e-06
2.367792201776623695e-03,8.282019788248639088e+03,8.282019788248639088e+03,8.282019788248639088e+03,1.000000000000000000e+00,5.569370553490200627e-06
2.375986457711966055e-03,8.306434211884225078e+03,8.306434211884225078e+03,8.306434211884225078e+03,1.000000000000000000e+00,5.643979002833895828e-06
2.384209071638470744e-03,8.330905885646265233e+03,8.330905885646265233e+03,8.330905885646265233e+03,1.000000000000000000e+00,5.719576796279562746e-06
2.392460141695086986e-03,8.355434835765943717e+03,8.355434835765943717e+03,8.355434835765943717e+03,1.000000000000000000e+00,5.796176877149773595e-06
2.400739766360395107e-03,8.380021087797358632e+03,8.380021087797358632e+03,8.380021087797358632e+03,1.000000000000000000e+00,5.873792355292632833e-06
2.409048044453779638e-03,8.404664667324856055e+03,8.404664667324856055e+03,8.404664667324856055e+03,1.000000000000000000e+00,5.952436509576846535e-06
2.417385075136615005e-03,8.429365599861663213e+03,8.429365599861663213e+03,8.429365599861663213e+03,1.000000000000000000e+00,6.032122790022526949e-06
2.425750957913439931e-03,8.454123910225607688e+03,8.454123910225607688e+03,8.454123910225607688e+03,1.000000000000000000e+00,6.112864819493070502e-06
2.434145792633154396e-03,8.478939622513704307e+03,8.478939622513704307e+03,8.478939622513704307e+03,1.000000000000000000e+00,6.194676395930312577e-06
2.442569679490203590e-03,8.503812760097640421e+03,8.503812760097640421e+03,8.503812760097640421e+03,1.000000000000000000e+00,6.277571494442014803e-06
2.451022719025780939e-03,8.528743345619153843e+03,8.528743345619153843e+03,8.528743345619153843e+03,1.000000000000000000e+00,6.361564269609612243e-06
2.459505012129019862e-03,8.553731400985619985e+03,8.553731400985619985e+03,8.553731400985619985e+03,1.000000000000000000e+00,6.446669057774211330e-06
2.468016660038207209e-03,8.578776947365282467e+03,8.578776947365282467e+03,8.578776947365282467e+03,1.000000000000000000e+00,6.532900379193228920e-06
2.476557764341981958e-03,8.603880005182814784e+03,8.603880005182814784e+03,8.603880005182814784e+03,1.000000000000000000e+00,6.620272940473053130e-06
2.485128426980557324e-03,8.629040594114885607e+03,8.629040594114885607e+03,8.629040594114885607e+03,1.000000000000000000e+00,6.708801636820311221e-06
2.493728750246927695e-03,8.654258733085402127e+03,8.654258733085402127e+03,8.654258733085402127e+03,1.000000000000000000e+00,6.798501554464184778e-06
2.502358836788099415e-03,8.679534440260793417e+03,8.679534440260793417e+03,8.679534440260793417e+03,1.000000000000000000e+00,6.889387973056172628e-06
2.511018789606306399e-03,8.704867733045655768e+03,8.704867733045655768e+03,8.704867733045655768e+03,1.000000000000000000e+00,6.981476368046935602e-06
2.519708712060248282e-03,8.730258628076127934e+03,8.730258628076127934e+03,8.730258628076127934e+03,1.000000000000000000e+00,7.074782413144888431e-06
2.528428707866315142e-03,8.755707140091033580e+03,8.755707140091033580e+03,8.755707140091033580e+03,1.000000000000000000e+00,7.169321981976899321e-06
2.537178881099835196e-03,8.781213280015292185e+03,8.781213280015292185e+03,8.781213280015292185e+03,1.000000000000000000e+00,7.265111148819008339e-06
2.545959336196306454e-03,8.806777057442401201e+03,8.806777057442401201e+03,8.806777057442401201e+03,1.000000000000000000e+00,7.362166193204866011e-06
2.554770177952653092e-03,8.832398481126168917e+03,8.832398481126168917e+03,8.832398481126168917e+03,1.000000000000000000e+00,7.460503602847908904e-06
2.563611511528469250e-03,8.858077558976021464e+03,8.858077558976021464e+03,8.858077558976021464e+03,1.000000000000000000e+00,7.560140076214242529e-06
2.572483442447275840e-03,8.883814298051636797e+03,8.883814298051636797e+03,8.883814298051636797e+03,1.000000000000000000e+00,7.661092525290546807e-06
2.581386076597783855e-03,8.909608704558600948e+03,8.909608704558600948e+03,8.909608704558600948e+03,1.000000000000000000e+00,7.763378078019787074e-06
2.590319520235150746e-03,8.935460783842669116e+03,8.935460783842669116e+03,8.935460783842669116e+03,1.000000000000000000e+00,7.867014081223752184e-06
2.599283879982257177e-03,8.961370540385543791e+03,8.961370540385543791e+03,8.961370540385543791e+03,1.000000000000000000e+00,7.972018103175081068e-06
2.608279262830971636e-03,8.987337977799284999e+03,8.987337977799284999e+03,8.987337977799284999e+03,1.000000000000000000e+00,8.078407936438295939e-06
2.617305776143434570e-03,9.013363098821697349e+03,9.013363098821697349e+03,9.013363098821697349e+03,1.000000000000000000e+00,8.186201600652452911e-06
2.626363527653332100e-03,9.039445905311236857e+03,9.039445905311236857e+03,9.039445905311236857e+03,1.000000000000000000e+00,8.295417345383034169e-06
2.635452625467190561e-03,9.065586398241914139e+03,9.065586398241914139e+03,9.065586398241914139e+03,1.000000000000000000e+00,8.406073652838716358e-06
2.644573178065658028e-03,9.091784577698404973e+03,9.091784577698404973e+03,9.091784577698404973e+03,1.000000000000000000e+00,8.518189241049531381e-06
2.653725294304807095e-03,9.118040442966785122e+03,9.118040442966785122e+03,9.118040442966785122e+03,1.000000000000000000e+00,8.631783066591129335e-06
2.662909083417426808e-03,9.144353993382910630e+03,9.144353993382910630e+03,9.144353993382910630e+03,1.000000000000000000e+00,8.746874328576155307e-06
2.672124655014333685e-03,9.170725227932507551e+03,9.170725227932507551e+03,9.170725227932507551e+03,1.000000000000000000e+00,8.863482471224904584e-06
2.681372119085671021e-03,9.197154144716545488e+03,9.197154144716545488e+03,9.197154144716545488e+03,1.000000000000000000e+00,8.981627186503505025e-06
2.690651586002232483e-03,9.223640740939988973e+03,9.223640740939988973e+03,9.223640740939988973e+03,1.000000000000000000e+00,9.101328417130267380e-06
2.699963166516768358e-03,9.250185012906968041e+03,9.250185012906968041e+03,9.250185012906968041e+03,1.000000000000000000e+00,9.222606359602076415e-06
2.709306971765318255e-03,9.276786956015890610e+03,9.276786956015890610e+03,9.276786956015890610e+03,1.000000000000000000e+00,9.345481467616236306e-06
2.718683113268525586e-03,9.303446564754185601e+03,9.303446564754185601e+03,9.303446564754185601e+03,1.000000000000000000e+00,9.469974455013905048e-06
2.728091702932981550e-03,9.330163832693571749e+03,9.330163832693571749e+03,9.330163832693571749e+03,1.000000000000000000e+00,9.596106299099999433e-06
2.737532853052548291e-03,9.356938752485226360e+03,9.356938752485226360e+03,9.356938752485226360e+03,1.000000000000000000e+00,9.723898243961106116e-06
2.747006676309711112e-03,9.383771315854532077e+03,9.383771315854532077e+03,9.383771315854532077e+03,1.000000000000000000e+00,9.853371803625300755e-06
2.756513285776911616e-03,9.410661513596429359e+03,9.410661513596429359e+03,9.410661513596429359e+03,1.000000000000000000e+00,9.984548765604360173e-06
2.766052794917907287e-03,9.437609335569966788e+03,9.437609335569966788e+03,9.437609335569966788e+03,1.000000000000000000e+00,1.011745119416265224e-05
2.775625317589119380e-03,9.464614770693960963e+03,9.464614770693960963e+03,9.464614770693960963e+03,1.000000000000000000e+00,1.025210143381585628e-05
2.785230968040992502e-03,9.491677806912528467e+03,9.491677806912528467e+03,9.491677806912528467e+03,1.000000000000000000e+00,1.038852211265771377e-05
2.794869860919363749e-03,9.518798428768846861e+03,9.518798428768846861e+03,9.518798428768846861e+03,1.000000000000000000e+00,1.052673614326981967e-05
2.804542111266823158e-03,9.545976615537809266e+03,9.545976615537809266e+03,9.545976615537809266e+03,1.000000000000000000e+00,1.066676672412618936e-05
2.814247834524092381e-03,9.573212345024874594e+03,9.573212345024874594e+03,9.573212345024874594e+03,1.000000000000000000e+00,1.080863734706163457e-05
2.823987146531399019e-03,9.600505593987229076e+03,9.600505593987229076e+03,9.600505593987229076e+03,1.000000000000000000e+00,1.095237180155690472e-05
2.833760163529863967e-03,9.627856338128625794e+03,9.627856338128625794e+03,9.627856338128625794e+03,1.000000000000000000e+00,1.109799417820513882e-05
2.843567002162880088e-03,9.655264552093676684e+03,9.655264552093676684e+03,9.655264552093676684e+03,1.000000000000000000e+00,1.124552887260878616e-05
2.853407779477516466e-03,9.682730209462351922e+03,9.682730209462351922e+03,9.682730209462351922e+03,1.000000000000000000e+00,1.139500058901733503e-05
2.863282612925902287e-03,9.710253282745086835e+03,9.710253282745086835e+03,9.710253282745086835e+03,1.000000000000000000e+00,1.154643434418106194e-05
2.873191620366641937e-03,9.737833743376608254e+03,9.737833743376608254e+03,9.737833743376608254e+03,1.000000000000000000e+00,1.169985547118089102e-05
2.883134920066208855e-03,9.765471561711125105e+03,9.765471561711125105e+03,9.765471561711125105e+03,1.000000000000000000e+00,1.185528962335768843e-05
2.893112630700367567e-03,9.793166707016556757e+03,9.793166707016556757e+03,9.793166707016556757e+03,1.000000000000000000e+00,1.201276277819768380e-05
2.903124871355581421e-03,9.820919147468979645e+03,9.820919147468979645e+03,9.820919147468979645e+03,1.000000000000000000e+00,1.217230124133620184e-05
2.913171761530443295e-03,9.848728850147612320e+03,9.848728850147612320e+03,9.848728850147612320e+03,1.000000000000000000e+00,1.233393165064075418e-05
2.923253421137092002e-03,9.876595781028965575e+03,9.876595781028965575e+03,9.876595781028965575e+03,1.000000000000000000e+00,1.249768098021038333e-05
2.933369970502652108e-03,9.904519905405681129e+03,9.904519905405681129e+03,9.904519905405681129e+03,1.000000000000000000e+00,1.266357654513835957e-05
2.943521530370662043e-03,9.932501190011460494e+03,9.932501190011460494e+03,9.932501190011460494e+03,1.000000000000000000e+00,1.283164600841007673e-05
2.953708221902524335e-03,9.960539601443620995e+03,9.960539601443620995e+03,9.960539601443620995e+03,1.000000000000000000e+00,1.300191738326060751e-05
2.963930166678941085e-03,9.988635105220966580e+03,9.988635105220966580e+03,9.988635105220966580e+03,1.000000000000000000e+00,1.317441903630739550e-05
2.974187486701375914e-03,1.001678766577742135e+04,1.001678766577742135e+04,1.001678766577742135e+04,1.000000000000000000e+00,1.334917969191488552e-05
2.984480304393501149e-03,1.004499724645647802e+04,1.004499724645647802e+04,1.004499724645647802e+04,1.000000000000000000e+00,1.352622843651781708e-05
2.994808742602662801e-03,1.007326380950623388e+04,1.007326380950623388e+04,1.007326380950623388e+04,1.000000000000000000e+00,1.370559472308769516e-05
3.005172924601350309e-03,1.010158731607386289e+04,1.010158731607386289e+04,1.010158731607386289e+04,1.000000000000000000e+00,1.388730837565982215e-05
3.015572974088659344e-03,1.012996772620085176e+04,1.012996772620085176e+04,1.012996772620085176e+04,1.000000000000000000e+00,1.407139959386070085e-05
3.026009015191777601e-03,1.015840499881740470e+04,1.015840499881740470e+04,1.015840499881740470e+04,1.000000000000000000e+00,1.425789895749521763e-05
3.036481172467456278e-03,1.018689909173724845e+04,1.018689909173724845e+04,1.018689909173724845e+04,1.000000000000000000e+00,1.444683743125904581e-05
3.046989570903508443e-03,1.021544996165261909e+04,1.021544996165261909e+04,1.021544996165261909e+04,1.000000000000000000e+00,1.463824636934570363e-05
3.057534335920287887e-03,1.024405756412873234e+04,1.024405756412873234e+04,1.024405756412873234e+04,1.000000000000000000e+00,1.483215752038802422e-05
3.068115593372199631e-03,1.027272185359911418e+04,1.027272185359911418e+04,1.027272185359911418e+04,1.000000000000000000e+00,1.502860303206404287e-05
3.078733469549187890e-03,1.030144278318640863e+04,1.030144278318640863e+04,1.030144278318640863e+04,1.000000000000000000e+00,1.522761545588638732e-05
3.089388091178256988e-03,1.033022029957278210e+04,1.033022029957278210e+04,1.033022029957278210e+04,1.000000000000000000e+00,1.542922774443450108e-05
3.100079585424971029e-03,1.035905434207365579e+04,1.035905434207365579e+04,1.035905434207365579e+04,1.000000000000000000e+00,1.563347325449331715e-05
3.110808079894984354e-03,1.038794484837599703e+04,1.038794484837599703e+04,1.038794484837599703e+04,1.000000000000000000e+00,1.584038576042422206e-05
3.121573702635552922e-03,1.041689175487431748e+04,1.041689175487431748e+04,1.041689175487431748e+04,1.000000000000000000e+00,1.604999945980954953e-05
3.132376582137071704e-03,1.044589499666423944e+04,1.044589499666423944e+04,1.044589499666423944e+04,1.000000000000000000e+00,1.626234897840205491e-05
3.143216847334600814e-03,1.047495450753741898e+04,1.047495450753741898e+04,1.047495450753741898e+04,1.000000000000000000e+00,1.647746937556868413e-05
3.154094627609412872e-03,1.050407021997488846e+04,1.050407021997488846e+04,1.050407021997488846e+04,1.000000000000000000e+00,1.669539614934533085e-05
3.165010052790525642e-03,1.053324206514193247e+04,1.053324206514193247e+04,1.053324206514193247e+04,1.000000000000000000e+00,1.691616524192383463e-05
3.175963253156265445e-03,1.056246997288184684e+04,1.056246997288184684e+04,1.056246997288184684e+04,1.000000000000000000e+00,1.713981304492128818e-05
3.186954359435808896e-03,1.059175387171009606e+04,1.059175387171009606e+04,1.059175387171009606e+04,1.000000000000000000e+00,1.736637640497485936e-05
3.197983502810754133e-03,1.062109368880866532e+04,1.062109368880866532e+04,1.062109368880866532e+04,1.000000000000000000e+00,1.759589262898846913e-05
3.209050814916677291e-03,1.065048935002004509e+04,1.065048935002004509e+04,1.065048935002004509e+04,1.000000000000000000e+00,1.782839949012001346e-05
3.220156427844708940e-03,1.067994077984178693e+04,1.067994077984178693e+04,1.067994077984178693e+04,1.000000000000000000e+00,1.806393523300579135e-05
3.231300474143111810e-03,1.070944790142020247e+04,1.070944790142020247e+04,1.070944790142020247e+04,1.000000000000000000e+00,1.830253857974830614e-05
3.242483086818856788e-03,1.073901063831168540e+04,1.073901063831168540e+04,1.073901063831168540e+04,1.000000000000000000e+00,1.854424873865118773e-05
3.253704399339218869e-03,1.076862891939876681e+04,1.076862891939876681e+04,1.076862891939876681e+04,1.000000000000000000e+00,1.878910541875821496e-05
3.264964545633359649e-03,1.079830267386175365e+04,1.079830267386175365e+04,1.079830267386175365e+04,1.000000000000000000e+00,1.903714882762407059e-05
3.276263660093937588e-03,1.082803182961764469e+04,1.082803182961764469e+04,1.082803182961764469e+04,1.000000000000000000e+00,1.928841967461699051e-05
3.287601877578699618e-03,1.085781631331487188e+04,1.085781631331487188e+04,1.085781631331487188e+04,1.000000000000000000e+00,1.954295917707651032e-05
3.298979333412103542e-03,1.088765605032797612e+04,1.088765605032797612e+04,1.088765605032797612e+04,1.000000000000000000e+00,1.980080906636081981e-05
3.310396163386919183e-03,1.091755096475243772e+04,1.091755096475243772e+04,1.091755096475243772e+04,1.000000000000000000e+00,2.006201159409662260e-05
3.321852503765865099e-03,1.094750097939952684e+04,1.094750097939952684e+04,1.094750097939952684e+04,1.000000000000000000e+00,2.032660953856529369e-05
3.333348491283219268e-03,1.097750601579066279e+04,1.097750601579066279e+04,1.097750601579066279e+04,1.000000000000000000e+00,2.059464621097853974e-05
3.344884263146461444e-03,1.100756599415276287e+04,1.100756599415276287e+04,1.100756599415276287e+04,1.000000000000000000e+00,2.086616546193648659e-05
3.356459957037906828e-03,1.103768083341252168e+04,1.103768083341252168e+04,1.103768083341252168e+04,1.000000000000000000e+00,2.114121168797677538e-05
3.368075711116351890e-03,1.106785045119158349e+04,1.106785045119158349e+04,1.106785045119158349e+04,1.000000000000000000e+00,2.141982983805886066e-05
3.379731664018715848e-03,1.109807476380103071e+04,1.109807476380103071e+04,1.109807476380103071e+04,1.000000000000000000e+00,2.170206542045847230e-05
3.391427954861708175e-03,1.112835368623646900e+04,1.112835368623646900e+04,1.112835368623646900e+04,1.000000000000000000e+00,2.198796450932451792e-05
3.403164723243475281e-03,1.115868713155946716e+04,1.115868713155946716e+04,1.115868713155946716e+04,1.000000000000000000e+00,2.227757375026293409e-05
3.414942109245279293e-03,1.118907500219729081e+04,1.118907500219729081e+04,1.118907500219729081e+04,1.000000000000000000e+00,2.257094034979593389e-05
3.426760253433157322e-03,1.121951719190481163e+04,1.121951719190481163e+04,1.121951719190481163e+04,1.000000000000000000e+00,2.286811208520606126e-05
3.438619296859611509e-03,1.125001359272381524e+04,1.125001359272381524e+04,1.125001359272381524e+04,1.000000000000000000e+00,2.316913732537772121e-05
3.450519381065283043e-03,1.128056409516453823e+04,1.128056409516453823e+04,1.128056409516453823e+04,1.000000000000000000e+00,2.347406503790158735e-05
3.462460648080643508e-03,1.131116858819996014e+04,1.131116858819996014e+04,1.131116858819996014e+04,1.000000000000000000e+00,2.378294479654941696e-05
3.474443240427697952e-03,1.134182695925965709e+04,1.134182695925965709e+04,1.134182695925965709e+04,1.000000000000000000e+00,2.409582678847330925e-05
3.486467301121671906e-03,1.137253909422400284e+04,1.137253909422400284e+04,1.137253909422400284e+04,1.000000000000000000e+00,2.441276182133598468e-05
3.498532973672733096e-03,1.140330487741801517e+04,1.140330487741801517e+04,1.140330487741801517e+04,1.000000000000000000e+00,2.473380133100099029e-05
3.510640402087690168e-03,1.143412419160568425e+04,1.143412419160568425e+04,1.143412419160568425e+04,1.000000000000000000e+00,2.505899738885322938e-05
3.522789730871725682e-03,1.146499691798392450e+04,1.146499691798392450e+04,1.146499691798392450e+04,1.000000000000000000e+00,2.538840270944679831e-05
3.534981105030105680e-03,1.149592293617667565e+04,1.149592293617667565e+04,1.149592293617667565e+04,1.000000000000000000e+00,2.572207065810849289e-05
3.547214670069926551e-03,1.152690212422919649e+04,1.152690212422919649e+04,1.152690212422919649e+04,1.000000000000000000e+00,2.606005525889725508e-05
3.559490572001835443e-03,1.155793435860201134e+04,1.155793435860201134e+04,1.155793435860201134e+04,1.000000000000000000e+00,2.640241120221086083e-05
3.571808957341788843e-03,1.158901951417099554e+04,1.158901951417099554e+04,1.158901951417099554e+04,1.000000000000000000e+00,2.674919385280924319e-05
3.584169973112784693e-03,1.162015746603030857e+04,1.162015746603030857e+04,1.162015746603030857e+04,1.000000000000000000e+00,2.710045926223780260e-05
3.596573766846633980e-03,1.165134809205751299e+04,1.165134809205751299e+04,1.165134809205751299e+04,1.000000000000000000e+00,2.745626418297807478e-05
3.609020486585707167e-03,1.168259126923220902e+04,1.168259126923220902e+04,1.168259126923220902e+04,1.000000000000000000e+00,2.781666606854193776e-05
3.621510280884710983e-03,1.171388687299392041e+04,1.171388687299392041e+04,1.171388687299392041e+04,1.000000000000000000e+00,2.818172308039843728e-05
3.634043298812454810e-03,1.174523477723650103e+04,1.174523477723650103e+04,1.174523477723650103e+04,1.000000000000000000e+00,2.855149409643039767e-05
3.646619689953636573e-03,1.177663485430301989e+04,1.177663485430301989e+04,1.177663485430301989e+04,1.000000000000000000e+00,2.892603871929764914e-05
3.659239604410620406e-03,1.180808697498019137e+04,1.180808697498019137e+04,1.180808697498019137e+04,1.000000000000000000e+00,2.930541728516402174e-05
3.671903192805236853e-03,1.183959100849289098e+04,1.183959100849289098e+04,1.183959100849289098e+04,1.000000000000000000e+00,2.968969087250127031e-05
3.684610606280568339e-03,1.187114682249884754e+04,1.187114682249884754e+04,1.187114682249884754e+04,1.000000000000000000e+00,3.007892131075109771e-05
3.697361996502769761e-03,1.190275428308338087e+04,1.190275428308338087e+04,1.190275428308338087e+04,1.000000000000000000e+00,3.047317118920705073e-05
3.710157515662863056e-03,1.193441325475391750e+04,1.193441325475391750e+04,1.193441325475391750e+04,1.000000000000000000e+00,3.087250386634115255e-05
3.722997316478558662e-03,1.196612360043458648e+04,1.196612360043458648e+04,1.196612360043458648e+04,1.000000000000000000e+00,3.127698347854605517e-05
3.735881552196087824e-03,1.199788518146129536e+04,1.199788518146129536e+04,1.199788518146129536e+04,1.000000000000000000e+00,3.168667494959145756e-05
3.748810376592014507e-03,1.202969785757598038e+04,1.202969785757598038e+04,1.202969785757598038e+04,1.000000000000000000e+00,3.210164399991198797e-05
3.761783943975086347e-03,1.206156148618153748e+04,1.206156148618153748e+04,1.206156148618153748e+04,1.000000000000000000e+00,3.252195715392750317e-05
3.774802409188063920e-03,1.209347591663131061e+04,1.209347591663131061e+04,1.209347591663131061e+04,1.000000000000000000e+00,3.294768173413575196e-05
3.787865927609580362e-03,1.212544099327899494e+04,1.212544099327899494e+04,1.212544099327899494e+04,1.000000000000000000e+00,3.337888587815137124e-05
3.800974655155985385e-03,1.215745655872500902e+04,1.215745655872500902e+04,1.215745655872500902e+04,1.000000000000000000e+00,3.381563855691525124e-05
3.814128748283214434e-03,1.218952245383804075e+04,1.218952245383804075e+04,1.218952245383804075e+04,1.000000000000000000e+00,3.425800958476783758e-05
3.827328363988647883e-03,1.222163851774929390e+04,1.222163851774929390e+04,1.222163851774929390e+04,1.000000000000000000e+00,3.470606962922788945e-05
3.840573659812997111e-03,1.225380458784690200e+04,1.225380458784690200e+04,1.225380458784690200e+04,1.000000000000000000e+00,3.515989022104789913e-05
3.853864793842167163e-03,1.228602049977056049e+04,1.228602049977056049e+04,1.228602049977056049e+04,1.000000000000000000e+00,3.561954376450050753e-05
3.867201924709162773e-03,1.231828608740570053e+04,1.231828608740570053e+04,1.231828608740570053e+04,1.000000000000000000e+00,3.608510354748860138e-05
3.880585211595965339e-03,1.235060118287825208e+04,1.235060118287825208e+04,1.235060118287825208e+04,1.000000000000000000e+00,3.655664375201327158e-05
3.894014814235446324e-03,1.238296561654920515e+04,1.238296561654920515e+04,1.238296561654920515e+04,1.000000000000000000e+00,3.703423946461772276e-05
3.907490892913259399e-03,1.241537921700878360e+04,1.241537921700878360e+04,1.241537921700878360e+04,1.000000000000000000e+00,3.751796668701048261e-05
3.921013608469770331e-03,1.244784181107146833e+04,1.244784181107146833e+04,1.244784181107146833e+04,1.000000000000000000e+00,3.800790234684556988e-05
3.934583122301958669e-03,1.248035322377037119e+04,1.248035322377037119e+04,1.248035322377037119e+04,1.000000000000000000e+00,3.850412430850399056e-05
3.948199596365361934e-03,1.251291327836838173e+04,1.251291327836838173e+04,1.251291327836838173e+04,1.000000000000000000e+00,3.900671138423598191e-05
3.961863193175991192e-03,1.254552179736981816e+04,1.254552179736981816e+04,1.254552179736981816e+04,1.000000000000000000e+00,3.951574334830697092e-05
3.975574075812286952e-03,1.257817860312162702e+04,1.257817860312162702e+04,1.257817860312162702e+04,1.000000000000000000e+00,4.003130095026860195e-05
3.989332407917052514e-03,1.261088351633908496e+04,1.261088351633908496e+04,1.261088351633908496e+04,1.000000000000000000e+00,4.055346592228020486e-05
4.003138353699413343e-03,1.264363635595942287e+04,1.264363635595942287e+04,1.264363635595942287e+04,1.000000000000000000e+00,4.108232098960635224e-05
4.016992077936778170e-03,1.267643693913635070e+04,1.267643693913635070e+04,1.267643693913635070e+04,1.000000000000000000e+00,4.161794988250800250e-05
4.030893745976800099e-03,1.270928508123503343e+04,1.270928508123503343e+04,1.270928508123503343e+04,1.000000000000000000e+00,4.216043734790573026e-05
4.044843523739358529e-03,1.274218059582705246e+04,1.274218059582705246e+04,1.274218059582705246e+04,1.000000000000000000e+00,4.270986916138376884e-05
4.058841577718528063e-03,1.277512329468529788e+04,1.277512329468529788e+04,1.277512329468529788e+04,1.000000000000000000e+00,4.326633213896113227e-05
4.072888074984580380e-03,1.280811298777931370e+04,1.280811298777931370e+04,1.280811298777931370e+04,1.000000000000000000e+00,4.382991414946791860e-05
4.086983183185958352e-03,1.284114948326960803e+04,1.284114948326960803e+04,1.284114948326960803e+04,1.000000000000000000e+00,4.440070412668606353e-05
4.101127070551301330e-03,1.287423258750378409e+04,1.287423258750378409e+04,1.287423258750378409e+04,1.000000000000000000e+00,4.497879208167984976e-05
4.115319905891428806e-03,1.290736210501055939e+04,1.290736210501055939e+04,1.290736210501055939e+04,1.000000000000000000e+00,4.556426911546601551e-05
4.129561858601374369e-03,1.294053783849581305e+04,1.294053783849581305e+04,1.294053783849581305e+04,1.000000000000000000e+00,4.615722743177263896e-05
4.143853098662395387e-03,1.297375958883707426e+04,1.297375958883707426e+04,1.297375958883707426e+04,1.000000000000000000e+00,4.675776034944826578e-05
4.158193796644009572e-03,1.300702715324195378e+04,1.300702715324195378e+04,1.300702715324195378e+04,1.000000000000000000e+00,4.736596230933049249e-05
4.172584123706022871e-03,1.304034031724534361e+04,1.304034031724534361e+04,1.304034031724534361e+04,1.000000000000000000e+00,4.798192885709672738e-05
4.187024251600580775e-03,1.307369886115410554e+04,1.307369886115410554e+04,1.307369886115410554e+04,1.000000000000000000e+00,4.860575667869782165e-05
4.201514352674210091e-03,1.310710256327308343e+04,1.310710256327308343e+04,1.310710256327308343e+04,1.000000000000000000e+00,4.923754362538548059e-05
4.216054599869885865e-03,1.314055119990147978e+04,1.314055119990147978e+04,1.314055119990147978e+04,1.000000000000000000e+00,4.987738872697758565e-05
4.230645166729082689e-03,1.317404454532810450e+04,1.317404454532810450e+04,1.317404454532810450e+04,1.000000000000000000e+00,5.052539220546777091e-05
4.245286227393858976e-03,1.320758237182623998e+04,1.320758237182623998e+04,1.320758237182623998e+04,1.000000000000000000e+00,5.118165548893013303e-05
4.259977956608923012e-03,1.324116444964843686e+04,1.324116444964843686e+04,1.324116444964843686e+04,1.000000000000000000e+00,5.184628122506997619e-05
4.274720529723733710e-03,1.327479054702145186e+04,1.327479054702145186e+04,1.327479054702145186e+04,1.000000000000000000e+00,5.251937329555897741e-05
4.289514122694575333e-03,1.330846043014169118e+04,1.330846043014169118e+04,1.330846043014169118e+04,1.000000000000000000e+00,5.320103683029333278e-05
4.304358912086670395e-03,1.334217386316968077e+04,1.334217386316968077e+04,1.334217386316968077e+04,1.000000000000000000e+00,5.389137822139704846e-05
4.319255075076288211e-03,1.337593060822576808e+04,1.337593060822576808e+04,1.337593060822576808e+04,1.000000000000000000e+00,5.459050513796629063e-05
4.334202789452844783e-03,1.340973042538496520e+04,1.340973042538496520e+04,1.340973042538496520e+04,1.000000000000000000e+00,5.529852654072780560e-05
4.349202233621045181e-03,1.344357307267223405e+04,1.344357307267223405e+04,1.344357307267223405e+04,1.000000000000000000e+00,5.601555269683291952e-05
4.364253586602995574e-03,1.347745830624223527e+04,1.347745830624223527e+04,1.347745830624223527e+04,1.000000000000000000e+00,5.674169519528596560e-05
4.379357028040350812e-03,1.351138588484355023e+04,1.351138588484355023e+04,1.351138588484355023e+04,1.000000000000000000e+00,5.747706698200091786e-05
4.394512738196449005e-03,1.354535557009931108e+04,1.354535557009931108e+04,1.354535557009931108e+04,1.000000000000000000e+00,5.822178237631685986e-05
4.409720897958477326e-03,1.357936712189389436e+04,1.357936712189389436e+04,1.357936712189389436e+04,1.000000000000000000e+00,5.897595706816409706e-05
4.424981688839611793e-03,1.361342029813894987e+04,1.361342029813894987e+04,1.361342029813894987e+04,1.000000000000000000e+00,5.973970813287270506e-05
4.440295292981203019e-03,1.364751485476875314e+04,1.364751485476875314e+04,1.364751485476875314e+04,1.000000000000000000e+00,6.051315404667946676e-05
4.455661893154933342e-03,1.368165054573693669e+04,1.368165054573693669e+04,1.368165054573693669e+04,1.000000000000000000e+00,6.129641470304989903e-05
4.471081672765013851e-03,1.371582712301129868e+04,1.371582712301129868e+04,1.371582712301129868e+04,1.000000000000000000e+00,6.208961142890610297e-05
4.486554815850356259e-03,1.375004433657041955e+04,1.375004433657041955e+04,1.375004433657041955e+04,1.000000000000000000e+00,6.289286700071769975e-05
4.502081507086789884e-03,1.378430193439954928e+04,1.378430193439954928e+04,1.378430193439954928e+04,1.000000000000000000e+00,6.370630566151607973e-05
4.517661931789242191e-03,1.381859966248644560e+04,1.381859966248644560e+04,1.381859966248644560e+04,1.000000000000000000e+00,6.453005313719988837e-05
4.533296275913974854e-03,1.385293726481739213e+04,1.385293726481739213e+04,1.385293726481739213e+04,1.000000000000000000e+00,6.536423665388354847e-05
4.548984726060780782e-03,1.388731448337351685e+04,1.388731448337351685e+04,1.388731448337351685e+04,1.000000000000000000e+00,6.620898495459150710e-05
4.564727469475229719e-03,1.392173105812689209e+04,1.392173105812689209e+04,1.392173105812689209e+04,1.000000000000000000e+00,6.706442831699888660e-05
4.580524694050889557e-03,1.395618672703589255e+04,1.395618672703589255e+04,1.395618672703589255e+04,1.000000000000000000e+00,6.793069857033633781e-05
4.596376588331581477e-03,1.399068122240294906e+04,1.399068122240294906e+04,1.399068122240294906e+04,1.000000000000000000e+00,6.880792909591549862e-05
4.612283341513611669e-03,1.402521426222542868e+04,1.402521426222542868e+04,1.402521426222542868e+04,1.000000000000000000e+00,6.969625480030310820e-05
4.628245143448055099e-03,1.405978555974665323e+04,1.405978555974665323e+04,1.405978555974665323e+04,1.000000000000000000e+00,7.059581217867953219e-05
4.644262184642996769e-03,1.409439482599940129e+04,1.409439482599940129e+04,1.409439482599940129e+04,1.000000000000000000e+00,7.150673934505284810e-05
4.660334656265817214e-03,1.412904176980233206e+04,1.412904176980233206e+04,1.412904176980233206e+04,1.000000000000000000e+00,7.242917605044933184e-05
4.676462750145479741e-03,1.416372609775585806e+04,1.416372609775585806e+04,1.416372609775585806e+04,1.000000000000000000e+00,7.336326370146685385e-05
4.692646658774804642e-03,1.419844751423838898e+04,1.419844751423838898e+04,1.419844751423838898e+04,1.000000000000000000e+00,7.430914537896584693e-05
4.708886575312783325e-03,1.423320572140222612e+04,1.423320572140222612e+04,1.423320572140222612e+04,1.000000000000000000e+00,7.526696585689024281e-05
4.725182693586866406e-03,1.426800041916989721e+04,1.426800041916989721e+04,1.426800041916989721e+04,1.000000000000000000e+00,7.623687162134250501e-05
4.741535208095296917e-03,1.430283130523033833e+04,1.430283130523033833e+04,1.430283130523033833e+04,1.000000000000000000e+00,7.721901088990660526e-05
4.757944314009410550e-03,1.433769807503524498e+04,1.433769807503524498e+04,1.433769807503524498e+04,1.000000000000000000e+00,7.821353363093032872e-05
4.774410207175982732e-03,1.437260042179561606e+04,1.437260042179561606e+04,1.437260042179561606e+04,1.000000000000000000e+00,7.922059158346929494e-05
4.790933084119554895e-03,1.440753803647776658e+04,1.440753803647776658e+04,1.440753803647776658e+04,1.000000000000000000e+00,8.024033827689083743e-05
4.807513142044789363e-03,1.444251060780038097e+04,1.444251060780038097e+04,1.444251060780038097e+04,1.000000000000000000e+00,8.127292905126495988e-05
4.824150578838808621e-03,1.447751782158789320e+04,1.447751782158789320e+04,1.447751782158789320e+04,1.000000000000000000e+00,8.231852107351732219e-05
4.840845593073576231e-03,1.451255935300209421e+04,1.451255935300209421e+04,1.451255935300209421e+04,1.000000000000000000e+00,8.337727331387546328e-05
4.857598384008249975e-03,1.454763486895644564e+04,1.454763486895644564e+04,1.454763486895644564e+04,1.000000000000000000e+00,8.444934657727756885e-05
4.874409151591570580e-03,1.458274403383647223e+04,1.458274403383647223e+04,1.458274403383647223e+04,1.000000000000000000e+00,8.553490355653045661e-05
4.891278096464241748e-03,1.461788650961696112e+04,1.461788650961696112e+04,1.461788650961696112e+04,1.000000000000000000e+00,8.663410885401735026e-05
4.908205419961331889e-03,1.465306195585892601e+04,1.465306195585892601e+04,1.465306195585892601e+04,1.000000000000000000e+00,8.774712900261415866e-05
4.925191324114667167e-03,1.468827002970566355e+04,1.468827002970566355e+04,1.468827002970566355e+04,1.000000000000000000e+00,8.887413248738822386e-05
4.942236011655254044e-03,1.472351038588026495e+04,1.472351038588026495e+04,1.472351038588026495e+04,1.000000000000000000e+00,9.001528976707032161e-05
4.959339686015687941e-03,1.475878267668132139e+04,1.475878267668132139e+04,1.475878267668132139e+04,1.000000000000000000e+00,9.117077329630800589e-05
4.976502551332593997e-03,1.479408655198086126e+04,1.479408655198086126e+04,1.479408655198086126e+04,1.000000000000000000e+00,9.234075754726913678e-05
4.993724812449048742e-03,1.482942165922060303e+04,1.482942165922060303e+04,1.482942165922060303e+04,1.000000000000000000e+00,9.352541903251406039e-05
5.011006674917033860e-03,1.486478764340900125e+04,1.486478764340900125e+04,1.486478764340900125e+04,1.000000000000000000e+00,9.472493632702303271e-05
5.028348344999892562e-03,1.490018414711894548e+04,1.490018414711894548e+04,1.490018414711894548e+04,1.000000000000000000e+00,9.593949009138696526e-05
5.045750029674781617e-03,1.493561081048408596e+04,1.493561081048408596e+04,1.493561081048408596e+04,1.000000000000000000e+00,9.716926309481082062e-05
5.063211936635152871e-03,1.497106727127402519e+04,1.497106727127402519e+04,1.497106727127402519e+04,1.000000000000000000e+00,9.841444023869360021e-05
5.080734274293217424e-03,1.500655317889489561e+04,1.500655317889489561e+04,1.500655317889489561e+04,1.000000000000000000e+00,9.967520867334914560e-05
5.098317251782451438e-03,1.504206821085383490e+04,1.504206821085383490e+04,1.504206821085383490e+04,1.000000000000000000e+00,1.009517579370740136e-04
5.115961078960075056e-03,1.507761204659315263e+04,1.507761204659315263e+04,1.507761204659315263e+04,1.000000000000000000e+00,1.022442798134343101e-04
5.133665966409570354e-03,1.511318436356347229e+04,1.511318436356347229e+04,1.511318436356347229e+04,1.000000000000000000e+00,1.035529683305450483e-04
5.151432125443181943e-03,1.514878483722220881e+04,1.514878483722220881e+04,1.514878483722220881e+04,1.000000000000000000e+00,1.048780197862074433e-04
5.169259768104456608e-03,1.518441314103193326e+04,1.518441314103193326e+04,1.518441314103193326e+04,1.000000000000000000e+00,1.062196327729269185e-04
5.187149107170750846e-03,1.522006894645973807e+04,1.522006894645973807e+04,1.522006894645973807e+04,1.000000000000000000e+00,1.075780082035688250e-04
5.205100356155794791e-03,1.525575192297535250e+04,1.525575192297535250e+04,1.525575192297535250e+04,1.000000000000000000e+00,1.089533493371971348e-04
5.223113729312219705e-03,1.529146173805002582e+04,1.529146173805002582e+04,1.529146173805002582e+04,1.000000000000000000e+00,1.103458618051144285e-04
5.241189441634133174e-03,1.532719805715582152e+04,1.532719805715582152e+04,1.532719805715582152e+04,1.000000000000000000e+00,1.117557536370942216e-04
5.259327708859665683e-03,1.536296054376397478e+04,1.536296054376397478e+04,1.536296054376397478e+04,1.000000000000000000e+00,1.131832352883684230e-04
5.277528747473568364e-03,1.539874885934396480e+04,1.539874885934396480e+04,1.539874885934396480e+04,1.000000000000000000e+00,1.146285196658623854e-04
5.295792774709771715e-03,1.543456266336330373e+04,1.543456266336330373e+04,1.543456266336330373e+04,1.000000000000000000e+00,1.160918221561458810e-04
5.314120008554002426e-03,1.547040161328563772e+04,1.547040161328563772e+04,1.547040161328563772e+04,1.000000000000000000e+00,1.175733606521039732e-04
5.332510667746365521e-03,1.550626534650187205e+04,1.550626534650187205e+04,1.550626534650187205e+04,1.000000000000000000e+00,1.190733554426487466e-04
5.350964971783969855e-03,1.554215335970806882e+04,1.554215335970806882e+04,1.554215335970806882e+04,1.000000000000000000e+00,1.205920282968355915e-04
5.369483140923538012e-03,1.557806508203449448e+04,1.557806508203449448e+04,1.557806508203449448e+04,1.000000000000000000e+00,1.221296030102848895e-04
5.388065396184034406e-03,1.561399993821758653e+04,1.561399993821758653e+04,1.561399993821758653e+04,1.000000000000000000e+00,1.236863059049472823e-04
5.406711959349316809e-03,1.564995734893884037e+04,1.564995734893884037e+04,1.564995734893884037e+04,1.000000000000000000e+00,1.252623658589162769e-04
5.425423052970766193e-03,1.568593673082097666e+04,1.568593673082097666e+04,1.568593673082097666e+04,1.000000000000000000e+00,1.268580143320935198e-04
5.444198900369953860e-03,1.572193749642510375e+04,1.572193749642510375e+04,1.572193749642510375e+04,1.000000000000000000e+00,1.284734853929386670e-04
5.463039725641302517e-03,1.575795905424696866e+04,1.575795905424696866e+04,1.575795905424696866e+04,1.000000000000000000e+00,1.301090157453307905e-04
5.481945753654764684e-03,1.579400080871433602e+04,1.579400080871433602e+04,1.579400080871433602e+04,1.000000000000000000e+00,1.317648447556172176e-04
5.500917210058499374e-03,1.583006216018436680e+04,1.583006216018436680e+04,1.583006216018436680e+04,1.000000000000000000e+00,1.334412144800995186e-04
5.519954321281567849e-03,1.586614250494056068e+04,1.586614250494056068e+04,1.586614250494056068e+04,1.000000000000000000e+00,1.351383696917778207e-04
5.539057314536651941e-03,1.590224123519134264e+04,1.590224123519134264e+04,1.590224123519134264e+04,1.000000000000000000e+00,1.368565579092988432e-04
5.558226417822736791e-03,1.593835773906674694e+04,1.593835773906674694e+04,1.593835773906674694e+04,1.000000000000000000e+00,1.385960294238457104e-04
5.577461859927851720e-03,1.597449140061762228e+04,1.597449140061762228e+04,1.597449140061762228e+04,1.000000000000000000e+00,1.403570373283030714e-04
5.596763870431795476e-03,1.601064160592000553e+04,1.601064160592000553e+04,1.601064160592000553e+04,1.000000000000000000e+00,1.421398375990224781e-04
5.616132679708885772e-03,1.604680803025685418e+04,1.604680803025685418e+04,1.604680803025685418e+04,1.000000000000000000e+00,1.439446917043896916e-04
5.635568518930690607e-03,1.608299076488413994e+04,1.608299076488413994e+04,1.608299076488413994e+04,1.000000000000000000e+00,1.457718679192194827e-04
5.655071620068799487e-03,1.611918993528639112e+04,1.611918993528639112e+04,1.611918993528639112e+04,1.000000000000000000e+00,1.476216380595040648e-04
5.674642215897585974e-03,1.615540566961569675e+04,1.615540566961569675e+04,1.615540566961569675e+04,1.000000000000000000e+00,1.494942772449996788e-04
5.694280539997002323e-03,1.619163809869808210e+04,1.619163809869808210e+04,1.619163809869808210e+04,1.000000000000000000e+00,1.513900639400475644e-04
5.713986826755343765e-03,1.622788735603967143e+04,1.622788735603967143e+04,1.622788735603967143e+04,1.000000000000000000e+00,1.533092799944790643e-04
5.733761311372057023e-03,1.626415357783249237e+04,1.626415357783249237e+04,1.626415357783249237e+04,1.000000000000000000e+00,1.552522106857306451e-04
5.753604229860546232e-03,1.630043690296146451e+04,1.630043690296146451e+04,1.630043690296146451e+04,1.000000000000000000e+00,1.572191447608594142e-04
5.773515819051003133e-03,1.633673747301050207e+04,1.633673747301050207e+04,1.633673747301050207e+04,1.000000000000000000e+00,1.592103744791703178e-04
5.793496316593208656e-03,1.637305543226823283e+04,1.637305543226823283e+04,1.637305543226823283e+04,1.000000000000000000e+00,1.612261956560750455e-04
5.813545960959383939e-03,1.640939092773486482e+04,1.640939092773486482e+04,1.640939092773486482e+04,1.000000000000000000e+00,1.632669077060421850e-04
5.833664991447039608e-03,1.644574410912832172e+04,1.644574410912832172e+04,1.644574410912832172e+04,1.000000000000000000e+00,1.653328136879243261e-04
5.853853648181816388e-03,1.648211512888996367e+04,1.648211512888996367e+04,1.648211512888996367e+04,1.000000000000000000e+00,1.674242203495742278e-04
5.874112172120380358e-03,1.651850414219182494e+04,1.651850414219182494e+04,1.651850414219182494e+04,1.000000000000000000e+00,1.695414381731760690e-04
5.894440805053264426e-03,1.655491108172787426e+04,1.655491108172787426e+04,1.655491108172787426e+04,1.000000000000000000e+00,1.716847790860707946e-04
5.914839789607774859e-03,1.659133480993095873e+04,1.659133480993095873e+04,1.659133480993095873e+04,1.000000000000000000e+00,1.738545475019994183e-04
5.935309369250875260e-03,1.662777386253983059e+04,1.662777386253983059e+04,1.662777386253983059e+04,1.000000000000000000e+00,1.760510476531815434e-04
5.955849788292116517e-03,1.666422676380269695e+04,1.666422676380269695e+04,1.666422676380269695e+04,1.000000000000000000e+00,1.782745868136705394e-04
5.976461291886519915e-03,1.670069202651809246e+04,1.670069202651809246e+04,1.670069202651809246e+04,1.000000000000000000e+00,1.805254753212271043e-04
5.997144126037522692e-03,1.673716815202784346e+04,1.673716815202784346e+04,1.673716815202784346e+04,1.000000000000000000e+00,1.828040265993967372e-04
6.017898537599905388e-03,1.677365363021130179e+04,1.677365363021130179e+04,1.677365363021130179e+04,1.000000000000000000e+00,1.851105571786469651e-04
6.038724774282758223e-03,1.681014693948076456e+04,1.681014693948076456e+04,1.681014693948076456e+04,1.000000000000000000e+00,1.874453867177817176e-04
6.059623084652408440e-03,1.684664654677910585e+04,1.684664654677910585e+04,1.684664654677910585e+04,1.000000000000000000e+00,1.898088380259245565e-04
6.080593718135402295e-03,1.688315090757732469e+04,1.688315090757732469e+04,1.688315090757732469e+04,1.000000000000000000e+00,1.922012370835058748e-04
6.101636925021477510e-03,1.691965846587478154e+04,1.691965846587478154e+04,1.691965846587478154e+04,1.000000000000000000e+00,1.946229130636613347e-04
6.122752956466570411e-03,1.695616765420022057e+04,1.695616765420022057e+04,1.695616765420022057e+04,1.000000000000000000e+00,1.970741983540828508e-04
6.143942064495777101e-03,1.699267689361415614e+04,1.699267689361415614e+04,1.699267689361415614e+04,1.000000000000000000e+00,1.995554285776542374e-04
6.165204502006390100e-03,1.702918459371288554e+04,1.702918459371288554e+04,1.702918459371288554e+04,1.000000000000000000e+00,2.020669426142200089e-04
6.186540522770901142e-03,1.706568919188520522e+04,1.706568919188520522e+04,1.706568919188520522e+04,1.000000000000000000e+00,2.046090830922088868e-04
6.207950381440049091e-03,1.710218993924690585e+04,1.710218993924690585e+04,1.710218993924690585e+04,1.000000000000000000e+00,2.071822059550330940e-04
6.229434333545835756e-03,1.713868686728444300e+04,1.713868686728444300e+04,1.713868686728444300e+04,1.000000000000000000e+00,2.097866805953982360e-04
6.250992635504589411e-03,1.717518004114929499e+04,1.717518004114929499e+04,1.717518004114929499e+04,1.000000000000000000e+00,2.124228811563445114e-04
6.272625544620021379e-03,1.721166952888156447e+04,1.721166952888156447e+04,1.721166952888156447e+04,1.000000000000000000e+00,2.150911862191163713e-04
6.294333319086295626e-03,1.724815540141332895e+04,1.724815540141332895e+04,1.724815540141332895e+04,1.000000000000000000e+00,2.177919788556822761e-04
6.316116217991124375e-03,1.728463773257375578e+04,1.728463773257375578e+04,1.728463773257375578e+04,1.000000000000000000e+00,2.205256466835303544e-04
6.337974501318838563e-03,1.732111659909320952e+04,1.732111659909320952e+04,1.732111659909320952e+04,1.000000000000000000e+00,2.232925819190975604e-04
6.359908429953500808e-03,1.735759208060674428e+04,1.735759208060674428e+04,1.735759208060674428e+04,1.000000000000000000e+00,2.260931814338783296e-04
6.381918265682017498e-03,1.739406425965913513e+04,1.739406425965913513e+04,1.739406425965913513e+04,1.000000000000000000e+00,2.289278468097678950e-04
6.404004271197279510e-03,1.743053322170839965e+04,1.743053322170839965e+04,1.743053322170839965e+04,1.000000000000000000e+00,2.317969843958032222e-04
6.426166710101268234e-03,1.746699905513040358e+04,1.746699905513040358e+04,1.746699905513040358e+04,1.000000000000000000e+00,2.347010053653503909e-04
6.448405846908220572e-03,1.750346185122211318e+04,1.750346185122211318e+04,1.750346185122211318e+04,1.000000000000000000e+00,2.376403257741265690e-04
6.470721947047777464e-03,1.753992170420639013e+04,1.753992170420639013e+04,1.753992170420639013e+04,1.000000000000000000e+00,2.406153666188924026e-04
6.493115276868173177e-03,1.757637871109499974e+04,1.757637871109499974e+04,1.757637871109499974e+04,1.000000000000000000e+00,2.436265538947532394e-04
6.515586103639378623e-03,1.761283276904955346e+04,1.761283276904955346e+04,1.761283276904955346e+04,1.000000000000000000e+00,2.466743158172395511e-04
6.538134695556321874e-03,1.764928316733287647e+04,1.764928316733287647e+04,1.764928316733287647e+04,1.000000000000000000e+00,2.497590769606773111e-04
6.560761321742063570e-03,1.768572907753635809e+04,1.768572907753635809e+04,1.768572907753635809e+04,1.000000000000000000e+00,2.528812648766031747e-04
6.583466252251046064e-03,1.772216966654865246e+04,1.772216966654865246e+04,1.772216966654865246e+04,1.000000000000000000e+00,2.560413116850908063e-04
6.606249758072272292e-03,1.775860409656057891e+04,1.775860409656057891e+04,1.775860409656057891e+04,1.000000000000000000e+00,2.592396541184427633e-04
6.629112111132569665e-03,1.779503152507302366e+04,1.779503152507302366e+04,1.779503152507302366e+04,1.000000000000000000e+00,2.624767335632811221e-04
6.652053584299820119e-03,1.783145110490299339e+04,1.783145110490299339e+04,1.783145110490299339e+04,1.000000000000000000e+00,2.657529961051343704e-04
6.675074451386240476e-03,1.786786198419134962e+04,1.786786198419134962e+04,1.786786198419134962e+04,1.000000000000000000e+00,2.690688925709510348e-04
6.698174987151617708e-03,1.790426330641035383e+04,1.790426330641035383e+04,1.790426330641035383e+04,1.000000000000000000e+00,2.724248785740563403e-04
6.721355467306608378e-03,1.794065421037162378e+04,1.794065421037162378e+04,1.794065421037162378e+04,1.000000000000000000e+00,2.758214145578759702e-04
6.744616168516029409e-03,1.797703383023469723e+04,1.797703383023469723e+04,1.797703383023469723e+04,1.000000000000000000e+00,2.792589658409292091e-04
6.767957368402143653e-03,1.801340129551554492e+04,1.801340129551554492e+04,1.801340129551554492e+04,1.000000000000000000e+00,2.827380026615292975e-04
6.791379345548010510e-03,1.804975573109579273e+04,1.804975573109579273e+04,1.804975573109579273e+04,1.000000000000000000e+00,2.862590002231460711e-04
6.814882379500761950e-03,1.808609625723246427e+04,1.808609625723246427e+04,1.808609625723246427e+04,1.000000000000000000e+00,2.898224387399207140e-04
6.838466750774973082e-03,1.812242200983091607e+04,1.812242200983091607e+04,1.812242200983091607e+04,1.000000000000000000e+00,2.934288038109853663e-04
6.862132740855993694e-03,1.815873235031555305e+04,1.815873235031555305e+04,1.815873235031555305e+04,1.000000000000000000e+00,2.970785899162752702e-04
6.885880632203331825e-03,1.819502678333342556e+04,1.819502678333342556e+04,1.819502678333342556e+04,1.000000000000000000e+00,3.007722992995631468e-04
6.909710708253987907e-03,1.823130481442035671e+04,1.823130481442035671e+04,1.823130481442035671e+04,1.000000000000000000e+00,3.045104397690458014e-04
6.933623253425866967e-03,1.826756594771622258e+04,1.826756594771622258e+04,1.826756594771622258e+04,1.000000000000000000e+00,3.082935247178232390e-04
6.957618553121155264e-03,1.830380968597243555e+04,1.830380968597243555e+04,1.830380968597243555e+04,1.000000000000000000e+00,3.121220731814370567e-04
6.981696893729753307e-03,1.834003553055935481e+04,1.834003553055935481e+04,1.834003553055935481e+04,1.000000000000000000e+00,3.159966098957933483e-04
7.005858562632657702e-03,1.837624298147465379e+04,1.837624298147465379e+04,1.837624298147465379e+04,1.000000000000000000e+00,3.199176653562519940e-04
7.030103848205414112e-03,1.841243153734987573e+04,1.841243153734987573e+04,1.841243153734987573e+04,1.000000000000000000e+00,3.238857758761557967e-04
7.054433039821548547e-03,1.844860069545931765e+04,1.844860069545931765e+04,1.844860069545931765e+04,1.000000000000000000e+00,3.279014836476761788e-04
7.078846427856047216e-03,1.848474995172726631e+04,1.848474995172726631e+04,1.848474995172726631e+04,1.000000000000000000e+00,3.319653368010343111e-04
7.103344303688779136e-03,1.852087880073694396e+04,1.852087880073694396e+04,1.852087880073694396e+04,1.000000000000000000e+00,3.360778894659522818e-04
7.127926959708004613e-03,1.855698673573668930e+04,1.855698673573668930e+04,1.855698673573668930e+04,1.000000000000000000e+00,3.402397018334179808e-04
7.152594689313851624e-03,1.859307324865022383e+04,1.859307324865022383e+04,1.859307324865022383e+04,1.000000000000000000e+00,3.444513402169024604e-04
7.177347786921837308e-03,1.862913782815636660e+04,1.862913782815636660e+04,1.862913782815636660e+04,1.000000000000000000e+00,3.487133770797818484e-04
7.202186547966353894e-03,1.866517972982634456e+04,1.866517972982634456e+04,1.866517972982634456e+04,1.000000000000000000e+00,3.530263867484255934e-04
7.227111268904210135e-03,1.870119775608874988e+04,1.870119775608874988e+04,1.870119775608874988e+04,1.000000000000000000e+00,3.573909410428091258e-04
7.252122247218169282e-03,1.873719065114678597e+04,1.873719065114678597e+04,1.873719065114678597e+04,1.000000000000000000e+00,3.618076165116236673e-04
7.277219781420490516e-03,1.877315715226665270e+04,1.877315715226665270e+04,1.877315715226665270e+04,1.000000000000000000e+00,3.662769954270671778e-04
7.302404171056518963e-03,1.880909598979688235e+04,1.880909598979688235e+04,1.880909598979688235e+04,1.000000000000000000e+00,3.707996658282991238e-04
7.327675716708224526e-03,1.884500588718860308e+04,1.884500588718860308e+04,1.884500588718860308e+04,1.000000000000000000e+00,3.753762215664594262e-04
7.353034719997805779e-03,1.888088556101651193e+04,1.888088556101651193e+04,1.888088556101651193e+04,1.000000000000000000e+00,3.800072623492915650e-04
7.378481483591288644e-03,1.891673372100041524e+04,1.891673372100041524e+04,1.891673372100041524e+04,1.000000000000000000e+00,3.846933937853593260e-04
7.404016311202158904e-03,1.895254907002747132e+04,1.895254907002747132e+04,1.895254907002747132e+04,1.000000000000000000e+00,3.894352274292349372e-04
7.429639507594947880e-03,1.898833030417595000e+04,1.898833030417595000e+04,1.898833030417595000e+04,1.000000000000000000e+00,3.942333808265151437e-04
7.455351378588898764e-03,1.902407611273921793e+04,1.902407611273921793e+04,1.902407611273921793e+04,1.000000000000000000e+00,3.990884775584420895e-04
7.481152231061599135e-03,1.905978517825033123e+04,1.905978517825033123e+04,1.905978517825033123e+04,1.000000000000000000e+00,4.040011472875489886e-04
7.507042372952671579e-03,1.909545617650850181e+04,1.909545617650850181e+04,1.909545617650850181e+04,1.000000000000000000e+00,4.089720258027650492e-04
7.533022113267415741e-03,1.913108777660470514e+04,1.913108777660470514e+04,1.913108777660470514e+04,1.000000000000000000e+00,4.140017550643116349e-04
7.559091762080511964e-03,1.916667876623594566e+04,1.916667876623594566e+04,1.916667876623594566e+04,1.000000000000000000e+00,4.190909859894591336e-04
7.585251630539717980e-03,1.920222877675431664e+04,1.920222877675431664e+04,1.920222877675431664e+04,1.000000000000000000e+00,4.242403946578337474e-04
7.611502030869600303e-03,1.923773779283533804e+04,1.923773779283533804e+04,1.923773779283533804e+04,1.000000000000000000e+00,4.294506723924664698e-04
7.637843276375233525e-03,1.927320580348613294e+04,1.927320580348613294e+04,1.927320580348613294e+04,1.000000000000000000e+00,4.347225183742908284e-04
7.664275681445953392e-03,1.930863280091789784e+04,1.930863280091789784e+04,1.930863280091789784e+04,1.000000000000000000e+00,4.400566397069053705e-04
7.690799561559102070e-03,1.934401878054645204e+04,1.934401878054645204e+04,1.934401878054645204e+04,1.000000000000000000e+00,4.454537515069234284e-04
7.717415233283819384e-03,1.937936374099169188e+04,1.937936374099169188e+04,1.937936374099169188e+04,1.000000000000000000e+00,4.509145769951503481e-04
7.744123014284780282e-03,1.941466768407847849e+04,1.941466768407847849e+04,1.941466768407847849e+04,1.000000000000000000e+00,4.564398475892197829e-04
7.770923223326017294e-03,1.944993061483549900e+04,1.944993061483549900e+04,1.944993061483549900e+04,1.000000000000000000e+00,4.620303029968730814e-04
7.797816180274708305e-03,1.948515254149638349e+04,1.948515254149638349e+04,1.948515254149638349e+04,1.000000000000000000e+00,4.676866913098356375e-04
7.824802206104999880e-03,1.952033347549836253e+04,1.952033347549836253e+04,1.952033347549836253e+04,1.000000000000000000e+00,4.734097691007363787e-04
7.851881622901856622e-03,1.955547343148258005e+04,1.955547343148258005e+04,1.955547343148258005e+04,1.000000000000000000e+00,4.792003015186046188e-04
7.879054753864864549e-03,1.959057242729352220e+04,1.959057242729352220e+04,1.959057242729352220e+04,1.000000000000000000e+00,4.850590623876253177e-04
7.906321923312123814e-03,1.962563048397843158e+04,1.962563048397843158e+04,1.962563048397843158e+04,1.000000000000000000e+00,4.909868343052200754e-04
7.933683456684097191e-03,1.966064761112258930e+04,1.966064761112258930e+04,1.966064761112258930e+04,1.000000000000000000e+00,4.969844083724158637e-04
7.961139680547525341e-03,1.969562326562318049e+04,1.969562326562318049e+04,1.969562326562318049e+04,1.000000000000000000e+00,5.030525704518655754e-04
7.988690922599284844e-03,1.973055618900678746e+04,1.973055618900678746e+04,1.973055618900678746e+04,1.000000000000000000e+00,5.091920963325940281e-04
8.016337511670320812e-03,1.976544506994441326e+04,1.976544506994441326e+04,1.976544506994441326e+04,1.000000000000000000e+00,5.154037681271798075e-04
8.044079777729565631e-03,1.980028859091415870e+04,1.980028859091415870e+04,1.980028859091415870e+04,1.000000000000000000e+00,5.216883754959418182e-04
8.071918051887901069e-03,1.983508542823052994e+04,1.983508542823052994e+04,1.983508542823052994e+04,1.000000000000000000e+00,5.280467157005518889e-04
8.099852666402066609e-03,1.986983425207373875e+04,1.986983425207373875e+04,1.986983425207373875e+04,1.000000000000000000e+00,5.344795936602244170e-04
8.127883954678656250e-03,1.990453372652160033e+04,1.990453372652160033e+04,1.990453372652160033e+04,1.000000000000000000e+00,5.409878220079166388e-04
8.156012251278082353e-03,1.993918250957973578e+04,1.993918250957973578e+04,1.993918250957973578e+04,1.000000000000000000e+00,5.475722211456013648e-04
8.184237891918596727e-03,1.997377925321522707e+04,1.997377925321522707e+04,1.997377925321522707e+04,1.000000000000000000e+00,5.542336193005161470e-04
8.212561213480254474e-03,2.000832260338942797e+04,2.000832260338942797e+04,2.000832260338942797e+04,1.000000000000000000e+00,5.609728525816225653e-04
8.240982554008966302e-03,2.004281120009121514e+04,2.004281120009121514e+04,2.004281120009121514e+04,1.000000000000000000e+00,5.677907650342852537e-04
8.269502252720512675e-03,2.007724367737302964e+04,2.007724367737302964e+04,2.007724367737302964e+04,1.000000000000000000e+00,5.746882086983424185e-04
8.298120650004630824e-03,2.011161866338586697e+04,2.011161866338586697e+04,2.011161866338586697e+04,1.000000000000000000e+00,5.816660436631616252e-04
8.326838087429023691e-03,2.014593478041558046e+04,2.014593478041558046e+04,2.014593478041558046e+04,1.000000000000000000e+00,5.887251381242076132e-04
8.355654907743471221e-03,2.018019073332002881e+04,2.018019073332002881e+04,2.018019073332002881e+04,1.000000000000000000e+00,5.958663710501030950e-04
8.384571454883913907e-03,2.021438559615281702e+04,2.021438559615281702e+04,2.021438559615281702e+04,1.000000000000000000e+00,6.030906409245420912e-04
8.413588073976550202e-03,2.024851853943708920e+04,2.024851853943708920e+04,2.024851853943708920e+04,1.000000000000000000e+00,6.103988581661714315e-04
8.442705111341980775e-03,2.028258873176368797e+04,2.028258873176368797e+04,2.028258873176368797e+04,1.000000000000000000e+00,6.177919423612119806e-04
8.471922914499305929e-03,2.031659533981277855e+04,2.031659533981277855e+04,2.031659533981277855e+04,1.000000000000000000e+00,6.252708223454016626e-04
8.501241832170294138e-03,2.035053752837648062e+04,2.035053752837648062e+04,2.035053752837648062e+04,1.000000000000000000e+00,6.328364362836632869e-04
8.530662214283534980e-03,2.038441446038178765e+04,2.038441446038178765e+04,2.038441446038178765e+04,1.000000000000000000e+00,6.404897317529848659e-04
8.560184411978647573e-03,2.041822529691344971e+04,2.041822529691344971e+04,2.041822529691344971e+04,1.000000000000000000e+00,6.482316658248027169e-04
8.589808777610414420e-03,2.045196919723733663e+04,2.045196919723733663e+04,2.045196919723733663e+04,1.000000000000000000e+00,6.560632051465691353e-04
8.619535664753033219e-03,2.048564531882456868e+04,2.048564531882456868e+04,2.048564531882456868e+04,1.000000000000000000e+00,6.639853260273376884e-04
8.649365428204311423e-03,2.051925281737434489e+04,2.051925281737434489e+04,2.051925281737434489e+04,1.000000000000000000e+00,6.719990145197497159e-04
8.679298423989933661e-03,2.055279084683879046e+04,2.055279084683879046e+04,2.055279084683879046e+04,1.000000000000000000e+00,6.801052665055558723e-04
8.709335009367661501e-03,2.058625855944660361e+04,2.058625855944660361e+04,2.058625855944660361e+04,1.000000000000000000e+00,6.883050877803736315e-04
8.739475542831639035e-03,2.061965510572765925e+04,2.061965510572765925e+04,2.061965510572765925e+04,1.000000000000000000e+00,6.965994941397197051e-04
8.769720384116644687e-03,2.065297963565196915e+04,2.065297963565196915e+04,2.065297963565196915e+04,1.000000000000000000e+00,7.049895115026543011e-04
8.800069894202419349e-03,2.068623131733496484e+04,2.068623131733496484e+04,2.068623131733496484e+04,1.000000000000000000e+00,7.134761766455695884e-04
8.830524435317930326e-03,2.071940933441788729e+04,2.071940933441788729e+04,2.071940933441788729e+04,1.000000000000000000e+00,7.220605372318134605e-04
8.861084370945725500e-03,2.075251286973817696e+04,2.075251286973817696e+04,2.075251286973817696e+04,1.000000000000000000e+00,7.307436513573057181e-04
8.891750065826251048e-03,2.078554110480527015e+04,2.078554110480527015e+04,2.078554110480527015e+04,1.000000000000000000e+00,7.395265876201038415e-04
8.922521885962243771e-03,2.081849321982347465e+04,2.081849321982347465e+04,2.081849321982347465e+04,1.000000000000000000e+00,7.484104252133986970e-04
8.953400198623043607e-03,2.085136839371743918e+04,2.085136839371743918e+04,2.085136839371743918e+04,1.000000000000000000e+00,7.573962540153795012e-04
8.984385372349020654e-03,2.088416580415655699e+04,2.088416580415655699e+04,2.088416580415655699e+04,1.000000000000000000e+00,7.664851746826121430e-04
9.015477776955950137e-03,2.091688462758011883e+04,2.091688462758011883e+04,2.091688462758011883e+04,1.000000000000000000e+00,7.756782987417091277e-04
9.046677783539430751e-03,2.094952403922242593e+04,2.094952403922242593e+04,2.094952403922242593e+04,1.000000000000000000e+00,7.849767486835115089e-04
9.077985764479344633e-03,2.098208321313776833e+04,2.098208321313776833e+04,2.098208321313776833e+04,1.000000000000000000e+00,7.943816580564990858e-04
9.109402093444242746e-03,2.101456132222642555e+04,2.101456132222642555e+04,2.101456132222642555e+04,1.000000000000000000e+00,8.038941715613683947e-04
9.140927145395851688e-03,2.104695753826051077e+04,2.104695753826051077e+04,2.104695753826051077e+04,1.000000000000000000e+00,8.135154451470256922e-04
9.172561296593524996e-03,2.107927103190938215e+04,2.107927103190938215e+04,2.107927103190938215e+04,1.000000000000000000e+00,8.232466461045379524e-04
9.204304924598762094e-03,2.111150097255943547e+04,2.111150097255943547e+04,2.111150097255943547e+04,1.000000000000000000e+00,8.330889531574786752e-04
9.236158408279678683e-03,2.114364640759219401e+04,2.114364640759219401e+04,2.114364640759219401e+04,1.000000000000000000e+00,8.430435517427501465e-04
9.268122127815546507e-03,2.117570605781510676e+04,2.117570605781510676e+04,2.117570605781510676e+04,1.000000000000000000e+00,8.531116256145500039e-04
9.300196464701327922e-03,2.120767858639339465e+04,2.120767858639339465e+04,2.120767858639339465e+04,1.000000000000000000e+00,8.632943672016695890e-04
9.332381801752250364e-03,2.123956265252427693e+04,2.123956265252427693e+04,2.123956265252427693e+04,1.000000000000000000e+00,8.735929797723341944e-04
9.364678523108333971e-03,2.127135691148584738e+04,2.127135691148584738e+04,2.127135691148584738e+04,1.000000000000000000e+00,8.840086775068421157e-04
9.397087014239005956e-03,2.130306001468542672e+04,2.130306001468542672e+04,2.130306001468542672e+04,1.000000000000000000e+00,8.945426855678751624e-04
9.429607661947683739e-03,2.133467060971008686e+04,2.133467060971008686e+04,2.133467060971008686e+04,1.000000000000000000e+00,9.051962401731327226e-04
9.462240854376430949e-03,2.136618734037644390e+04,2.136618734037644390e+04,2.136618734037644390e+04,1.000000000000000000e+00,9.159705886662673161e-04
9.494986981010530153e-03,2.139760884678232105e+04,2.139760884678232105e+04,2.139760884678232105e+04,1.000000000000000000e+00,9.268669895881569013e-04
9.527846432683173550e-03,2.142893376535772768e+04,2.142893376535772768e+04,2.142893376535772768e+04,1.000000000000000000e+00,9.378867127488561091e-04
9.560819601580106825e-03,2.146016072891882868e+04,2.146016072891882868e+04,2.146016072891882868e+04,1.000000000000000000e+00,9.490310393000472942e-04
9.593906881244344126e-03,2.149128836671959289e+04,2.149128836671959289e+04,2.149128836671959289e+04,1.000000000000000000e+00,9.603012618043357991e-04
9.627108666580815391e-03,2.152231530450698483e+04,2.152231530450698483e+04,2.152231530450698483e+04,1.000000000000000000e+00,9.716986843085403946e-04
9.660425353861109080e-03,2.155324016457514517e+04,2.155324016457514517e+04,2.155324016457514517e+04,1.000000000000000000e+00,9.832246224150487449e-04
9.693857340728204500e-03,2.158406159363270126e+04,2.158406159363270126e+04,2.158406159363270126e+04,1.000000000000000000e+00,9.948804046341513420e-04
9.727405026201193725e-03,2.161477851076021761e+04,2.161477851076021761e+04,2.161477851076021761e+04,1.000000000000000000e+00,1.006667384067796165e-03
9.761068810680093716e-03,2.164538999096758562e+04,2.164538999096758562e+04,2.164538999096758562e+04,1.000000000000000000e+00,1.018586933669284825e-03
9.794849095950559567e-03,2.167589511047051565e+04,2.167589511047051565e+04,2.167589511047051565e+04,1.000000000000000000e+00,1.030640439359652594e-03
9.828746285188724383e-03,2.170629294489455060e+04,2.170629294489455060e+04,2.170629294489455060e+04,1.000000000000000000e+00,1.042829300043077731e-03
9.862760782965990583e-03,2.173658256930892094e+04,2.173658256930892094e+04,2.173658256930892094e+04,1.000000000000000000e+00,1.055154927710553548e-03
9.896892995253892336e-03,2.176676305826359021e+04,2.176676305826359021e+04,2.176676305826359021e+04,1.000000000000000000e+00,1.067618747537724209e-03
9.931143329428890332e-03,2.179683348582337203e+04,2.179683348582337203e+04,2.179683348582337203e+04,1.000000000000000000e+00,1.080222197988929761e-03
9.965512194277268906e-03,2.182679292560481917e+04,2.182679292560481917e+04,2.182679292560481917e+04,1.000000000000000000e+00,1.092966730918181351e-03
9.999999999999996739e-03,2.185664045081149015e+04,2.185664045081149015e+04,2.185664045081149015e+04,1.000000000000000000e+00,1.105853811672776908e-03
1.003460715821765346e-02,2.188637513427074737e+04,2.188637513427074737e+04,2.188637513427074737e+04,1.000000000000000000e+00,1.118884919195343650e-03
1.006933408197530251e-02,2.191599604847008231e+04,2.191599604847008231e+04,2.191599604847008231e+04,1.000000000000000000e+00,1.132061546128343031e-03
1.010418118574744027e-02,2.194550226559358998e+04,2.194550226559358998e+04,2.194550226559358998e+04,1.000000000000000000e+00,1.145385198917414291e-03
1.013914888544293659e-02,2.197489285755954552e+04,2.197489285755954552e+04,2.197489285755954552e+04,1.000000000000000000e+00,1.158857397917372129e-03
1.017423759841002903e-02,2.200416689461501301e+04,2.200416689461501301e+04,2.200416689461501301e+04,1.000000000000000000e+00,1.172479677418098972e-03
1.020944774344124950e-02,2.203332332466946900e+04,2.203332332466946900e+04,2.203332332466946900e+04,1.000000000000000000e+00,1.186253579249648207e-03
1.024477974077846881e-02,2.206236088135063255e+04,2.206236088135063255e+04,2.206236088135063255e+04,1.000000000000000000e+00,1.200180647541438132e-03
1.028023401211787709e-02,2.209127827490441268e+04,2.209127827490441268e+04,2.209127827490441268e+04,1.000000000000000000e+00,1.214262438705498602e-03
1.031581098061506996e-02,2.212007421363964022e+04,2.212007421363964022e+04,2.212007421363964022e+04,1.000000000000000000e+00,1.228500522646524791e-03
1.035151107089002896e-02,2.214874740398775612e+04,2.214874740398775612e+04,2.214874740398775612e+04,1.000000000000000000e+00,1.242896482843390332e-03
1.038733470903224244e-02,2.217729655056099364e+04,2.217729655056099364e+04,2.217729655056099364e+04,1.000000000000000000e+00,1.257451916429457419e-03
1.042328232260576748e-02,2.220572035621115356e+04,2.220572035621115356e+04,2.220572035621115356e+04,1.000000000000000000e+00,1.272168434275300353e-03
1.045935434065433170e-02,2.223401752209062397e+04,2.223401752209062397e+04,2.223401752209062397e+04,1.000000000000000000e+00,1.287047661068378354e-03
1.049555119370648888e-02,2.226218674771167207e+04,2.226218674771167207e+04,2.226218674771167207e+04,1.000000000000000000e+00,1.302091235394500562e-03
1.053187331378070343e-02,2.229022673100849715e+04,2.229022673100849715e+04,2.229022673100849715e+04,1.000000000000000000e+00,1.317300809819881057e-03
1.056832113439053721e-02,2.231813616839833776e+04,2.231813616839833776e+04,2.231813616839833776e+04,1.000000000000000000e+00,1.332678050969621653e-03
1.060489509054981551e-02,2.234591375484291711e+04,2.234591375484291711e+04,2.234591375484291711e+04,1.000000000000000000e+00,1.348224639610374510e-03
1.064159561877784863e-02,2.237355818391289722e+04,2.237355818391289722e+04,2.237355818391289722e+04,1.000000000000000000e+00,1.363942270730146133e-03
1.067842315710458567e-02,2.240106814784913149e+04,2.240106814784913149e+04,2.240106814784913149e+04,1.000000000000000000e+00,1.379832653618338380e-03
1.071537814507588816e-02,2.242844235875994855e+04,2.242844235875994855e+04,2.242844235875994855e+04,1.000000000000000000e+00,1.395897513260820240e-03
1.075246102375874806e-02,2.245567965466303576e+04,2.245567965466303576e+04,2.245567965466303576e+04,1.000000000000000000e+00,1.412138597153903214e-03
1.078967223574658907e-02,2.248277892038549544e+04,2.248277892038549544e+04,2.248277892038549544e+04,1.000000000000000000e+00,1.428557670770719138e-03
1.082701222516450380e-02,2.250973904069351920e+04,2.250973904069351920e+04,2.250973904069351920e+04,1.000000000000000000e+00,1.445156514795559221e-03
1.086448143767458283e-02,2.253655890026960333e+04,2.253655890026960333e+04,2.253655890026960333e+04,1.000000000000000000e+00,1.461936925214491444e-03
1.090208032048121597e-02,2.256323738376503024e+04,2.256323738376503024e+04,2.256323738376503024e+04,1.000000000000000000e+00,1.478900713411827666e-03
1.093980932233646654e-02,2.258977337585528221e+04,2.258977337585528221e+04,2.258977337585528221e+04,1.000000000000000000e+00,1.496049706263815173e-03
1.097766889354537603e-02,2.261616576129386522e+04,2.261616576129386522e+04,2.261616576129386522e+04,1.000000000000000000e+00,1.513385746234469087e-03
1.101565948597137655e-02,2.264241342496769721e+04,2.264241342496769721e+04,2.264241342496769721e+04,1.000000000000000000e+00,1.530910691472158304e-03
1.105378155304165277e-02,2.266851525195293652e+04,2.266851525195293652e+04,2.266851525195293652e+04,1.000000000000000000e+00,1.548626415902975900e-03
1.109203554975260637e-02,2.269447012756944605e+04,2.269447012756944605e+04,2.269447012756944605e+04,1.000000000000000000e+00,1.566534809328290435e-03
1.113042193267522496e-02,2.272027693743765485e+04,2.272027693743765485e+04,2.272027693743765485e+04,1.000000000000000000e+00,1.584637777518582138e-03
1.116894115996056383e-02,2.274593456753445207e+04,2.274593456753445207e+04,2.274593456753445207e+04,1.000000000000000000e+00,1.602937242310640978e-03
1.120759369134521032e-02,2.277144190425007037e+04,2.277144190425007037e+04,2.277144190425007037e+04,1.000000000000000000e+00,1.621435141700436388e-03
1.124637998815676207e-02,2.279679783080444759e+04,2.279679783080444759e+04,2.279679783080444759e+04,1.000000000000000000e+00,1.640133429679701540e-03
1.128530051331936603e-02,2.282200111953372107e+04,2.282200111953372107e+04,2.282200111953372107e+04,1.000000000000000000e+00,1.659034068481573697e-03
1.132435573135919318e-02,2.284705041342705954e+04,2.284705041342705954e+04,2.284705041342705954e+04,1.000000000000000000e+00,1.678139026893416463e-03
1.136354610841001228e-02,2.287194434779176299e+04,2.287194434779176299e+04,2.287194434779176299e+04,1.000000000000000000e+00,1.697450288873500728e-03
1.140287211221874090e-02,2.289668155756077977e+04,2.289668155756077977e+04,2.289668155756077977e+04,1.000000000000000000e+00,1.716969854136177198e-03
1.144233421215106947e-02,2.292126067736726691e+04,2.292126067736726691e+04,2.292126067736726691e+04,1.000000000000000000e+00,1.736699738225051587e-03
1.148193287919699324e-02,2.294568034162250115e+04,2.294568034162250115e+04,2.294568034162250115e+04,1.000000000000000000e+00,1.756641972582488479e-03
1.152166858597648315e-02,2.296993918459169436e+04,2.296993918459169436e+04,2.296993918459169436e+04,1.000000000000000000e+00,1.776798604622404016e-03
1.156154180674510284e-02,2.299403584047297045e+04,2.299403584047297045e+04,2.299403584047297045e+04,1.000000000000000000e+00,1.797171697797530880e-03
1.160155301739971417e-02,2.301796894347449052e+04,2.301796894347449052e+04,2.301796894347449052e+04,1.000000000000000000e+00,1.817763331670649079e-03
1.164170269548408382e-02,2.304173712789437195e+04,2.304173712789437195e+04,2.304173712789437195e+04,1.000000000000000000e+00,1.838575601982801776e-03
1.168199132019463911e-02,2.306533902819889408e+04,2.306533902819889408e+04,2.306533902819889408e+04,1.000000000000000000e+00,1.859610620720789911e-03
1.172241937238615792e-02,2.308877327910324675e+04,2.308877327910324675e+04,2.308877327910324675e+04,1.000000000000000000e+00,1.880870516186227423e-03
1.176298733457754875e-02,2.311203851565188597e+04,2.311203851565188597e+04,2.311203851565188597e+04,1.000000000000000000e+00,1.902357433060465662e-03
1.180369569095755279e-02,2.313513337329918795e+04,2.313513337329918795e+04,2.313513337329918795e+04,1.000000000000000000e+00,1.924073532470763548e-03
1.184454492739055870e-02,2.315805650527355829e+04,2.315805650527355829e+04,2.315805650527355829e+04,1.000000000000000000e+00,1.946020993509715163e-03
1.188553553142238442e-02,2.318080663063469547e+04,2.318080663063469547e+04,2.318080663063469547e+04,1.000000000000000000e+00,1.968202017446758507e-03
1.192666799228613711e-02,2.320338248478799142e+04,2.320338248478799142e+04,2.320338248478799142e+04,1.000000000000000000e+00,1.990618823830442655e-03
1.196794280090798974e-02,2.322578280425169578e+04,2.322578280425169578e+04,2.322578280425169578e+04,1.000000000000000000e+00,2.013273649300878140e-03
1.200936044991308092e-02,2.324800632673357177e+04,2.324800632673357177e+04,2.324800632673357177e+04,1.000000000000000000e+00,2.036168747662945536e-03
1.205092143363138343e-02,2.327005179120726825e+04,2.327005179120726825e+04,2.327005179120726825e+04,1.000000000000000000e+00,2.059306389957612105e-03
1.209262624810359885e-02,2.329191793798912477e+04,2.329191793798912477e+04,2.329191793798912477e+04,1.000000000000000000e+00,2.082688864533052426e-03
1.213447539108711108e-02,2.331360350881606064e+04,2.331360350881606064e+04,2.331360350881606064e+04,1.000000000000000000e+00,2.106318477115163602e-03
1.217646936206187407e-02,2.333510724692260555e+04,2.333510724692260555e+04,2.333510724692260555e+04,1.000000000000000000e+00,2.130197550878046645e-03
1.221860866223640867e-02,2.335642789711962178e+04,2.335642789711962178e+04,2.335642789711962178e+04,1.000000000000000000e+00,2.154328426511666755e-03
1.226089379455376493e-02,2.337756420587265529e+04,2.337756420587265529e+04,2.337756420587265529e+04,1.000000000000000000e+00,2.178713462292247108e-03
1.230332526369756589e-02,2.339851492138075992e+04,2.339851492138075992e+04,2.339851492138075992e+04,1.000000000000000000e+00,2.203355034147479272e-03
1.234590357609797670e-02,2.341927879365585977e+04,2.341927879365585977e+04,2.341927879365585977e+04,1.000000000000000000e+00,2.228255535725778575e-03
1.238862923993777447e-02,2.343985457460278121e+04,2.343985457460278121e+04,2.343985457460278121e+04,1.000000000000000000e+00,2.253417378460012641e-03
1.243150276515840591e-02,2.346024101214286566e+04,2.346024101214286566e+04,2.346024101214286566e+04,1.000000000000000000e+00,2.278842991056284888e-03
1.247452466346611610e-02,2.348043676588993185e+04,2.348043676588993185e+04,2.348043676588993185e+04,1.000000000000000000e+00,2.304534811242605220e-03
1.251769544833798015e-02,2.350044042707061817e+04,2.350044042707061817e+04,2.350044042707061817e+04,1.000000000000000000e+00,2.330495287338440070e-03
1.256101563502809090e-02,2.352025058672834712e+04,2.352025058672834712e+04,2.352025058672834712e+04,1.000000000000000000e+00,2.356726884769568334e-03
1.260448574057366870e-02,2.353986583765457544e+04,2.353986583765457544e+04,2.353986583765457544e+04,1.000000000000000000e+00,2.383232086285447422e-03
1.264810628380129420e-02,2.355928477448342892e+04,2.355928477448342892e+04,2.355928477448342892e+04,1.000000000000000000e+00,2.410013392001658910e-03
1.269187778533301982e-02,2.357850599379001505e+04,2.357850599379001505e+04,2.357850599379001505e+04,1.000000000000000000e+00,2.437073319437447084e-03
1.273580076759264074e-02,2.359752809418613469e+04,2.359752809418613469e+04,2.359752809418613469e+04,1.000000000000000000e+00,2.464414403554849534e-03
1.277987575481189485e-02,2.361634967641875483e+04,2.361634967641875483e+04,2.361634967641875483e+04,1.000000000000000000e+00,2.492039196795539646e-03
1.282410327303677190e-02,2.363496934346730268e+04,2.363496934346730268e+04,2.363496934346730268e+04,1.000000000000000000e+00,2.519950269115170654e-03
1.286848385013373251e-02,2.365338570064326268e+04,2.365338570064326268e+04,2.365338570064326268e+04,1.000000000000000000e+00,2.548150208018153812e-03
1.291301801579602775e-02,2.367159735568822362e+04,2.367159735568822362e+04,2.367159735568822362e+04,1.000000000000000000e+00,2.576641618589905168e-03
1.295770630155002739e-02,2.368960291887453423e+04,2.368960291887453423e+04,2.368960291887453423e+04,1.000000000000000000e+00,2.605427123526992458e-03
1.300254924076159682e-02,2.370740100310451089e+04,2.370740100310451089e+04,2.370740100310451089e+04,1.000000000000000000e+00,2.634509363167922540e-03
1.304754736864239054e-02,2.372499022402771152e+04,2.372499022402771152e+04,2.372499022402771152e+04,1.000000000000000000e+00,2.663890995521293794e-03
1.309270122225628975e-02,2.374236920510233176e+04,2.374236920510233176e+04,2.374236920510233176e+04,1.000000000000000000e+00,2.693574696856115575e-03
1.313801134052580526e-02,2.375953658470073424e+04,2.375953658470073424e+04,2.375953658470073424e+04,1.000000000000000000e+00,2.723563162558259414e-03
1.318347826423848894e-02,2.377649100604067280e+04,2.377649100604067280e+04,2.377649100604067280e+04,1.000000000000000000e+00,2.753859106048042737e-03
1.322910253605344422e-02,2.379323111552952105e+04,2.379323111552952105e+04,2.379323111552952105e+04,1.000000000000000000e+00,2.784465258607481206e-03
1.327488470050772716e-02,2.380975556286508072e+04,2.380975556286508072e+04,2.380975556286508072e+04,1.000000000000000000e+00,2.815384369404695403e-03
1.332082530402289335e-02,2.382606300113735779e+04,2.382606300113735779e+04,2.382606300113735779e+04,1.000000000000000000e+00,2.846619205512299338e-03
1.336692489491148918e-02,2.384215208692981469e+04,2.384215208692981469e+04,2.384215208692981469e+04,1.000000000000000000e+00,2.878172551926868380e-03
1.341318402338366467e-02,2.385802148042334011e+04,2.385802148042334011e+04,2.385802148042334011e+04,1.000000000000000000e+00,2.910047211587896750e-03
1.345960324155364568e-02,2.387366984549693734e+04,2.387366984549693734e+04,2.387366984549693734e+04,1.000000000000000000e+00,2.942246005389328230e-03
1.350618310344638140e-02,2.388909584983269087e+04,2.388909584983269087e+04,2.388909584983269087e+04,1.000000000000000000e+00,2.974771772196414202e-03
1.355292416500413280e-02,2.390429816501837195e+04,2.390429816501837195e+04,2.390429816501837195e+04,1.000000000000000000e+00,3.007627368855769843e-03
1.359982698409315655e-02,2.391927546665162663e+04,2.391927546665162663e+04,2.391927546665162663e+04,1.000000000000000000e+00,3.040815670205590342e-03
1.364689212051028479e-02,2.393402643444355272e+04,2.393402643444355272e+04,2.393402643444355272e+04,1.000000000000000000e+00,3.074339569083792828e-03
1.369412013598966457e-02,2.394854975232458673e+04,2.394854975232458673e+04,2.394854975232458673e+04,1.000000000000000000e+00,3.108201976332432108e-03
1.374151159420943305e-02,2.396284410166994712e+04,2.396284410166994712e+04,2.396284410166994712e+04,1.000000000000000000e+00,3.142405819902150971e-03
1.378906706079849331e-02,2.397690810848491310e+04,2.397690810848491310e+04,2.397690810848491310e+04,1.000000000000000000e+00,3.176954037793798102e-03
1.383678710334318961e-02,2.399074037240783946e+04,2.399074037240783946e+04,2.399074037240783946e+04,1.000000000000000000e+00,3.211849581513821598e-03
1.388467229139413346e-02,2.400433949724760896e+04,2.400433949724760896e+04,2.400433949724760896e+04,1.000000000000000000e+00,3.247095419964871228e-03
1.393272319647298474e-02,2.401770409135193768e+04,2.401770409135193768e+04,2.401770409135193768e+04,1.000000000000000000e+00,3.282694539459666671e-03
1.398094039207930031e-02,2.403083276772453974e+04,2.403083276772453974e+04,2.403083276772453974e+04,1.000000000000000000e+00,3.318649943699568047e-03
1.402932445369733418e-02,2.404372414414014929e+04,2.404372414414014929e+04,2.404372414414014929e+04,1.000000000000000000e+00,3.354964653751463764e-03
1.407787595880293299e-02,2.405637684326292219e+04,2.405637684326292219e+04,2.405637684326292219e+04,1.000000000000000000e+00,3.391641708021758336e-03
1.412659548687041772e-02,2.406878949276335334e+04,2.406878949276335334e+04,2.406878949276335334e+04,1.000000000000000000e+00,3.428684162228138460e-03
1.417548361937950342e-02,2.408096072543563423e+04,2.408096072543563423e+04,2.408096072543563423e+04,1.000000000000000000e+00,3.466095089368620343e-03
1.422454093982227115e-02,2.409288917931679680e+04,2.409288917931679680e+04,2.409288917931679680e+04,1.000000000000000000e+00,3.503877579687739077e-03
1.427376803371007037e-02,2.410457349780400909e+04,2.410457349780400909e+04,2.410457349780400909e+04,1.000000000000000000e+00,3.542034740641142494e-03
1.432316548858054636e-02,2.411601232977469408e+04,2.411601232977469408e+04,2.411601232977469408e+04,1.000000000000000000e+00,3.580569696855788811e-03
1.437273389400463459e-02,2.412720432970466572e+04,2.412720432970466572e+04,2.412720432970466572e+04,1.000000000000000000e+00,3.619485590090242271e-03
1.442247384159364709e-02,2.413814815762678700e+04,2.413814815762678700e+04,2.413814815762678700e+04,1.000000000000000000e+00,3.658785579164164012e-03
1.447238592500625469e-02,2.414884246929865913e+04,2.414884246929865913e+04,2.414884246929865913e+04,1.000000000000000000e+00,3.698472838387953203e-03
1.452247073995562368e-02,2.415928591049176976e+04,2.415928591049176976e+04,2.415928591049176976e+04,1.000000000000000000e+00,3.738550556529097318e-03
1.457272888421650564e-02,2.416947713161271167e+04,2.416947713161271167e+04,2.416947713161271167e+04,1.000000000000000000e+00,3.779021938896248971e-03
1.462316095763241744e-02,2.417941478922415990e+04,2.417941478922415990e+04,2.417941478922415990e+04,1.000000000000000000e+00,3.819890207491176415e-03
1.467376756212272239e-02,2.418909754616870850e+04,2.418909754616870850e+04,2.418909754616870850e+04,1.000000000000000000e+00,3.861158600944959978e-03
1.472454930168987618e-02,2.419852407169320577e+04,2.419852407169320577e+04,2.419852407169320577e+04,1.000000000000000000e+00,3.902830374450528238e-03
1.477550678242659302e-02,2.420769304157292936e+04,2.420769304157292936e+04,2.420769304157292936e+04,1.000000000000000000e+00,3.944908799696885543e-03
1.482664061252314536e-02,2.421660313823616525e+04,2.421660313823616525e+04,2.421660313823616525e+04,1.000000000000000000e+00,3.987397164794240917e-03
1.487795140227453870e-02,2.422525305088956156e+04,2.422525305088956156e+04,2.422525305088956156e+04,1.000000000000000000e+00,4.030298774199961818e-03
1.492943976408785470e-02,2.423364147564274026e+04,2.423364147564274026e+04,2.423364147564274026e+04,1.000000000000000000e+00,4.073616948641326473e-03
1.498110631248951961e-02,2.424176711563428034e+04,2.424176711563428034e+04,2.424176711563428034e+04,1.000000000000000000e+00,4.117355025032112294e-03
1.503295166413270816e-02,2.424962868115678066e+04,2.424962868115678066e+04,2.424962868115678066e+04,1.000000000000000000e+00,4.161516356388885070e-03
1.508497643780461021e-02,2.425722488978261390e+04,2.425722488978261390e+04,2.425722488978261390e+04,1.000000000000000000e+00,4.206104311742990369e-03
1.513718125443388671e-02,2.426455446649037185e+04,2.426455446649037185e+04,2.426455446649037185e+04,1.000000000000000000e+00,4.251122276048616665e-03
1.518956673709804216e-02,2.427161613558682802e+04,2.427161613558682802e+04,2.427161613558682802e+04,1.000000000000000000e+00,4.296573648636137568e-03
1.524213351103087186e-02,2.427840858523863062e+04,2.427840858523863062e+04,2.427840858523863062e+04,1.000000000000000000e+00,4.342461836670784454e-03
1.529488220362996455e-02,2.428493049679110482e+04,2.428493049679110482e+04,2.428493049679110482e+04,1.000000000000000000e+00,4.388790259920400359e-03
1.534781344446411143e-02,2.429118055942624778e+04,2.429118055942624778e+04,2.429118055942624778e+04,1.000000000000000000e+00,4.435562353153578094e-03
1.540092786528087822e-02,2.429715747030746206e+04,2.429715747030746206e+04,2.429715747030746206e+04,1.000000000000000000e+00,4.482781566021612311e-03
1.545422610001411824e-02,2.430285993471364782e+04,2.430285993471364782e+04,2.430285993471364782e+04,1.000000000000000000e+00,4.530451362933706101e-03
1.550770878479158094e-02,2.430828666617337512e+04,2.430828666617337512e+04,2.430828666617337512e+04,1.000000000000000000e+00,4.578575222928406296e-03
1.556137655794244748e-02,2.431343638659978023e+04,2.431343638659978023e+04,2.431343638659978023e+04,1.000000000000000000e+00,4.627156639540396660e-03
1.561523006000497399e-02,2.431830782642608756e+04,2.431830782642608756e+04,2.431830782642608756e+04,1.000000000000000000e+00,4.676199120664123465e-03
1.566926993373413471e-02,2.432289972473882881e+04,2.432289972473882881e+04,2.432289972473882881e+04,1.000000000000000000e+00,4.725706188414243065e-03
1.572349682410932939e-02,2.432721082941457280e+04,2.432721082941457280e+04,2.432721082941457280e+04,1.000000000000000000e+00,4.775681378981185346e-03
1.577791137834200566e-02,2.433123989725425417e+04,2.433123989725425417e+04,2.433123989725425417e+04,1.000000000000000000e+00,4.826128242480083597e-03
1.583251424588345488e-02,2.433498569411838616e+04,2.433498569411838616e+04,2.433498569411838616e+04,1.000000000000000000e+00,4.877050342802923162e-03
1.588730607843250042e-02,2.433844699506227698e+04,2.433844699506227698e+04,2.433844699506227698e+04,1.000000000000000000e+00,4.928451257458028346e-03
1.594228752994336987e-02,2.434162258383757217e+04,2.434162258383757217e+04,2.434162258383757217e+04,1.000000000000000000e+00,4.980334577281612593e-03
1.599745925663338328e-02,2.434451123771984567e+04,2.434451123771984567e+04,2.434451123771984567e+04,1.000000000000000000e+00,5.032703903099417647e-03
1.605282191699087049e-02,2.434711172683924087e+04,2.434711172683924087e+04,2.434711172683924087e+04,1.000000000000000000e+00,5.085562845221704327e-03
1.610837617178297390e-02,2.434942283025718280e+04,2.434942283025718280e+04,2.434942283025718280e+04,1.000000000000000000e+00,5.138915026444545314e-03
1.616412268406362124e-02,2.435144333689868654e+04,2.435144333689868654e+04,2.435144333689868654e+04,1.000000000000000000e+00,5.192764082028122029e-03
1.622006211918132143e-02,2.435317204569168462e+04,2.435317204569168462e+04,2.435317204569168462e+04,1.000000000000000000e+00,5.247113659506751591e-03
1.627619514478719984e-02,2.435460776570547023e+04,2.435460776570547023e+04,2.435460776570547023e+04,1.000000000000000000e+00,5.301967418494138960e-03
1.633252243084290858e-02,2.435574931629190905e+04,2.435574931629190905e+04,2.435574931629190905e+04,1.000000000000000000e+00,5.357329030486798933e-03
1.638904464962865834e-02,2.435659552722268199e+04,2.435659552722268199e+04,2.435659552722268199e+04,1.000000000000000000e+00,5.413202178658177433e-03
1.644576247575125702e-02,2.435714523882923822e+04,2.435714523882923822e+04,2.435714523882923822e+04,1.000000000000000000e+00,5.469590557656100853e-03
1.650267658615209299e-02,2.435739730214182055e+04,2.435739730214182055e+04,2.435739730214182055e+04,1.000000000000000000e+00,5.526497873382604960e-03
1.655978766011527090e-02,2.435735057902848712e+04,2.435735057902848712e+04,2.435735057902848712e+04,1.000000000000000000e+00,5.583927842785232042e-03
1.661709637927569899e-02,2.435700394233332190e+04,2.435700394233332190e+04,2.435700394233332190e+04,1.000000000000000000e+00,5.641884193628395223e-03
1.667460342762726658e-02,2.435635627601573287e+04,2.435635627601573287e+04,2.435635627601573287e+04,1.000000000000000000e+00,5.700370664271739787e-03
1.673230949153092784e-02,2.435540647528705085e+04,2.435540647528705085e+04,2.435540647528705085e+04,1.000000000000000000e+00,5.759391003433883376e-03
1.679021525972295217e-02,2.435415343833969746e+04,2.435415343833969746e+04,2.435415343833969746e+04,1.000000000000000000e+00,5.818948967949635377e-03
1.684832142332311558e-02,2.435259604663217033e+04,2.435259604663217033e+04,2.435259604663217033e+04,1.000000000000000000e+00,5.879048317631574254e-03
1.690662867584300302e-02,2.435073318737148657e+04,2.435073318737148657e+04,2.435073318737148657e+04,1.000000000000000000e+00,5.939692820114046874e-03
1.696513771319421368e-02,2.434856375958842909e+04,2.434856375958842909e+04,2.434856375958842909e+04,1.000000000000000000e+00,6.000886251984787617e-03
1.702384923369670150e-02,2.434608667428083209e+04,2.434608667428083209e+04,2.434608667428083209e+04,1.000000000000000000e+00,6.062632398514498401e-03
1.708276393808709492e-02,2.434330085455540757e+04,2.434330085455540757e+04,2.434330085455540757e+04,1.000000000000000000e+00,6.124935053390043009e-03
1.714188252952712418e-02,2.434020523577051063e+04,2.434020523577051063e+04,2.434020523577051063e+04,1.000000000000000000e+00,6.187798018431811195e-03
1.720120571361190981e-02,2.433679876567801693e+04,2.433679876567801693e+04,2.433679876567801693e+04,1.000000000000000000e+00,6.251225103317790965e-03
1.726073419837845582e-02,2.433308040456514209e+04,2.433308040456514209e+04,2.433308040456514209e+04,1.000000000000000000e+00,6.315220125291518341e-03
1.732046869431406316e-02,2.432904912539514044e+04,2.432904912539514044e+04,2.432904912539514044e+04,1.000000000000000000e+00,6.379786908872223279e-03
1.738040991436487492e-02,2.432470391394920443e+04,2.432470391394920443e+04,2.432470391394920443e+04,1.000000000000000000e+00,6.444929285553315651e-03
1.744055857394429324e-02,2.432004376896705071e+04,2.432004376896705071e+04,2.432004376896705071e+04,1.000000000000000000e+00,6.510651093502672730e-03
1.750091539094157655e-02,2.431506770228648747e+04,2.431506770228648747e+04,2.431506770228648747e+04,1.000000000000000000e+00,6.576956177249499054e-03
1.756148108573039185e-02,2.430977473898387689e+04,2.430977473898387689e+04,2.430977473898387689e+04,1.000000000000000000e+00,6.643848387372679014e-03
1.762225638117740495e-02,2.430416391705627757e+04,2.430416391705627757e+04,2.430416391705627757e+04,1.000000000000000000e+00,6.711331580050402743e-03
1.768324200265096111e-02,2.429823428203746516e+04,2.429823428203746516e+04,2.429823428203746516e+04,1.000000000000000000e+00,6.779409615189987623e-03
1.774443867802964758e-02,2.429198488892971727e+04,2.429198488892971727e+04,2.429198488892971727e+04,1.000000000000000000e+00,6.848086356514611860e-03
1.780584713771105748e-02,2.428541480645395495e+04,2.428541480645395495e+04,2.428541480645395495e+04,1.000000000000000000e+00,6.917365672330280831e-03
1.786746811462046336e-02,2.427852311727630513e+04,2.427852311727630513e+04,2.427852311727630513e+04,1.000000000000000000e+00,6.987251435207463696e-03
1.792930234421962962e-02,2.427130891814608913e+04,2.427130891814608913e+04,2.427130891814608913e+04,1.000000000000000000e+00,7.057747521629254180e-03
1.799135056451549308e-02,2.426377132003390579e+04,2.426377132003390579e+04,2.426377132003390579e+04,1.000000000000000000e+00,7.128857811630370279e-03
1.805361351606904474e-02,2.425590944826996929e+04,2.425590944826996929e+04,2.425590944826996929e+04,1.000000000000000000e+00,7.200586188437664917e-03
1.811609194200413178e-02,2.424772244267905626e+04,2.424772244267905626e+04,2.424772244267905626e+04,1.000000000000000000e+00,7.272936538099258538e-03
1.817878658801639138e-02,2.423920945771873085e+04,2.423920945771873085e+04,2.423920945771873085e+04,1.000000000000000000e+00,7.345912749108943728e-03
1.824169820238204578e-02,2.423036966261359703e+04,2.423036966261359703e+04,2.423036966261359703e+04,1.000000000000000000e+00,7.419518712023519952e-03
1.830482753596690548e-02,2.422120224149109708e+04,2.422120224149109708e+04,2.422120224149109708e+04,1.000000000000000000e+00,7.493758319079988663e-03
1.836817534223530654e-02,2.421170639351553837e+04,2.421170639351553837e+04,2.421170639351553837e+04,1.000000000000000000e+00,7.568635463798253915e-03
1.843174237725914849e-02,2.420188133302143979e+04,2.420188133302143979e+04,2.420188133302143979e+04,1.000000000000000000e+00,7.644154040580782017e-03
1.849552939972684204e-02,2.419172628965621698e+04,2.419172628965621698e+04,2.419172628965621698e+04,1.000000000000000000e+00,7.720317944316421044e-03
1.855953717095240943e-02,2.418124051011438496e+04,2.418124051011438496e+04,2.418124051011438496e+04,1.000000000000000000e+00,7.797131070476808964e-03
1.862376645488455704e-02,2.417042326013029742e+04,2.417042326013029742e+04,2.417042326013029742e+04,1.000000000000000000e+00,7.874597315339473824e-03
1.868821801811584860e-02,2.415927382157893953e+04,2.415927382157893953e+04,2.415927382157893953e+04,1.000000000000000000e+00,7.952720574621289715e-03
1.875289262989175351e-02,2.414779149215168582e+04,2.414779149215168582e+04,2.414779149215168582e+04,1.000000000000000000e+00,8.031504742909275837e-03
1.881779106211989641e-02,2.413597558548510642e+04,2.413597558548510642e+04,2.413597558548510642e+04,1.000000000000000000e+00,8.110953713223210265e-03
1.888291408937925811e-02,2.412382543128810721e+04,2.412382543128810721e+04,2.412382543128810721e+04,1.000000000000000000e+00,8.191071376576439592e-03
1.894826248892940088e-02,2.411134037546855689e+04,2.411134037546855689e+04,2.411134037546855689e+04,1.000000000000000000e+00,8.271861621528188435e-03
1.901383704071981165e-02,2.409851978025906283e+04,2.409851978025906283e+04,2.409851978025906283e+04,1.000000000000000000e+00,8.353328333729379343e-03
1.907963852739910302e-02,2.408536302434191384e+04,2.408536302434191384e+04,2.408536302434191384e+04,1.000000000000000000e+00,8.435475395463236381e-03
1.914566773432445010e-02,2.407186950297294970e+04,2.407186950297294970e+04,2.407186950297294970e+04,1.000000000000000000e+00,8.518306685177124901e-03
1.921192544957087828e-02,2.405803862810408827e+04,2.405803862810408827e+04,2.405803862810408827e+04,1.000000000000000000e+00,8.601826077012970570e-03
1.927841246394079375e-02,2.404386982850604181e+04,2.404386982850604181e+04,2.404386982850604181e+04,1.000000000000000000e+00,8.686037440324157963e-03
1.934512957097328165e-02,2.402936254988854853e+04,2.402936254988854853e+04,2.402936254988854853e+04,1.000000000000000000e+00,8.770944639194660011e-03
1.941207756695366091e-02,2.401451625502091338e+04,2.401451625502091338e+04,2.401451625502091338e+04,1.000000000000000000e+00,8.856551531943068420e-03
1.947925725092294197e-02,2.399933042623317669e+04,2.399933042623317669e+04,2.399933042623317669e+04,1.000000000000000000e+00,8.942861971513869218e-03
1.954666942468746144e-02,2.398380458138091490e+04,2.398380458138091490e+04,2.398380458138091490e+04,1.000000000000000000e+00,9.029879810985082245e-03
1.961431489282830162e-02,2.396793826410198380e+04,2.396793826410198380e+04,2.396793826410198380e+04,1.000000000000000000e+00,9.117608899663428093e-03
1.968219446271101195e-02,2.395173103552741304e+04,2.395173103552741304e+04,2.395173103552741304e+04,1.000000000000000000e+00,9.206053079508851392e-03
1.975030894449516725e-02,2.393518247434716977e+04,2.393518247434716977e+04,2.393518247434716977e+04,1.000000000000000000e+00,9.295216184603483783e-03
1.981865915114414470e-02,2.391829217691803933e+04,2.391829217691803933e+04,2.391829217691803933e+04,1.000000000000000000e+00,9.385102040629304809e-03
1.988724589843469601e-02,2.390105975737309200e+04,2.390105975737309200e+04,2.390105975737309200e+04,1.000000000000000000e+00,9.475714464339568197e-03
1.995607000496675554e-02,2.388348484772785014e+04,2.388348484772785014e+04,2.388348484772785014e+04,1.000000000000000000e+00,9.567057263024423761e-03
2.002513229217319293e-02,2.386556709798536031e+04,2.386556709798536031e+04,2.386556709798536031e+04,1.000000000000000000e+00,9.659134233968635908e-03
2.009443358432966634e-02,2.384730617624195293e+04,2.384730617624195293e+04,2.384730617624195293e+04,1.000000000000000000e+00,9.751949163906772911e-03
2.016397470856437849e-02,2.382870176878909842e+04,2.382870176878909842e+04,2.382870176878909842e+04,1.000000000000000000e+00,9.845505828463904305e-03
2.023375649486799585e-02,2.380975358021599823e+04,2.380975358021599823e+04,2.380975358021599823e+04,1.000000000000000000e+00,9.939807991600711420e-03
2.030377977610354351e-02,2.379046133350964374e+04,2.379046133350964374e+04,2.379046133350964374e+04,1.000000000000000000e+00,1.003485940504329418e-02
2.037404538801633469e-02,2.377082477015474797e+04,2.377082477015474797e+04,2.377082477015474797e+04,1.000000000000000000e+00,1.013066380770936623e-02
2.044455416924401830e-02,2.375084365107935810e+04,2.375084365107935810e+04,2.375084365107935810e+04,1.000000000000000000e+00,1.022722492549511114e-02
2.051530696132647033e-02,2.373051779664016794e+04,2.373051779664016794e+04,2.373051779664016794e+04,1.000000000000000000e+00,1.032454648806110931e-02
2.058630460871591419e-02,2.370984710369849563e+04,2.370984710369849563e+04,2.370984710369849563e+04,1.000000000000000000e+00,1.042263223662493951e-02
2.065754795878697175e-02,2.368883149204904839e+04,2.368883149204904839e+04,2.368883149204904839e+04,1.000000000000000000e+00,1.052148590086194289e-02
2.072903786184682878e-02,2.366747090007190127e+04,2.366747090007190127e+04,2.366747090007190127e+04,1.000000000000000000e+00,1.062111119644694283e-02
2.080077517114530677e-02,2.364576528480936395e+04,2.364576528480936395e+04,2.364576528480936395e+04,1.000000000000000000e+00,1.072151182447850064e-02
2.087276074288508393e-02,2.362371462203954434e+04,2.362371462203954434e+04,2.362371462203954434e+04,1.000000000000000000e+00,1.082269147089210022e-02
2.094499543623189880e-02,2.360131890634901356e+04,2.360131890634901356e+04,2.360131890634901356e+04,1.000000000000000000e+00,1.092465380586986508e-02
2.101748011332487884e-02,2.357857815120455416e+04,2.357857815120455416e+04,2.357857815120455416e+04,1.000000000000000000e+00,1.102740248324604426e-02
2.109021563928671281e-02,2.355549238902173238e+04,2.355549238902173238e+04,2.355549238902173238e+04,1.000000000000000000e+00,1.113094113990152276e-02
2.116320288223404525e-02,2.353206167123400883e+04,2.353206167123400883e+04,2.353206167123400883e+04,1.000000000000000000e+00,1.123527339515688860e-02
2.123644271328781197e-02,2.350828606835954997e+04,2.350828606835954997e+04,2.350828606835954997e+04,1.000000000000000000e+00,1.134040285015587568e-02
2.130993600658371429e-02,2.348416567006449259e+04,2.348416567006449259e+04,2.348416567006449259e+04,1.000000000000000000e+00,1.144633308724695916e-02
2.138368363928251289e-02,2.345970058522808540e+04,2.345970058522808540e+04,2.345970058522808540e+04,1.000000000000000000e+00,1.155306766935283377e-02
2.145768649158061314e-02,2.343489094200369436e+04,2.343489094200369436e+04,2.343489094200369436e+04,1.000000000000000000e+00,1.166061013933936651e-02
2.153194544672049765e-02,2.340973689937611925e+04,2.340973689937611925e+04,2.340973689937611925e+04,1.000000000000000000e+00,1.176896402515640282e-02
2.160646139100136018e-02,2.338423869023103543e+04,2.338423869023103543e+04,2.338423869023103543e+04,1.000000000000000000e+00,1.187813286133865796e-02
2.168123521378957294e-02,2.335839658277675335e+04,2.335839658277675335e+04,2.335839658277675335e+04,1.000000000000000000e+00,1.198812016997038987e-02
2.175626780752936210e-02,2.333221086435448524e+04,2.333221086435448524e+04,2.333221086435448524e+04,1.000000000000000000e+00,1.209892945206100454e-02
2.183156006775345201e-02,2.330568184147544162e+04,2.330568184147544162e+04,2.330568184147544162e+04,1.000000000000000000e+00,1.221056418690915843e-02
2.190711289309373727e-02,2.327880983986205683e+04,2.327880983986205683e+04,2.327880983986205683e+04,1.000000000000000000e+00,1.232302783146613234e-02
2.198292718529207615e-02,2.325159520448527473e+04,2.325159520448527473e+04,2.325159520448527473e+04,1.000000000000000000e+00,1.243632381968707602e-02
2.205900384921094526e-02,2.322403829960032090e+04,2.322403829960032090e+04,2.322403829960032090e+04,1.000000000000000000e+00,1.255045556187957441e-02
2.213534379284430240e-02,2.319613950878243850e+04,2.319613950878243850e+04,2.319613950878243850e+04,1.000000000000000000e+00,1.266542644404880166e-02
2.221194792732840428e-02,2.316789923495845869e+04,2.316789923495845869e+04,2.316789923495845869e+04,1.000000000000000000e+00,1.278123982723519333e-02
2.228881716695274920e-02,2.313931790043870205e+04,2.313931790043870205e+04,2.313931790043870205e+04,1.000000000000000000e+00,1.289789904684319685e-02
2.236595242917086696e-02,2.311039594694572588e+04,2.311039594694572588e+04,2.311039594694572588e+04,1.000000000000000000e+00,1.301540741197121723e-02
2.244335463461135868e-02,2.308113383564195465e+04,2.308113383564195465e+04,2.308113383564195465e+04,1.000000000000000000e+00,1.313376820473029574e-02
2.252102470708884294e-02,2.305153204715529500e+04,2.305153204715529500e+04,2.305153204715529500e+04,1.000000000000000000e+00,1.325298467955907805e-02
2.259896357361504404e-02,2.302159108693315648e+04,2.302159108693315648e+04,2.302159108693315648e+04,1.000000000000000000e+00,1.337306006563220712e-02
2.267717216440976249e-02,2.299131159171523541e+04,2.299131159171523541e+04,2.299131159171523541e+04,1.000000000000000000e+00,1.349399762880063892e-02
2.275565141291204310e-02,2.296069432321977729e+04,2.296069432321977729e+04,2.296069432321977729e+04,1.000000000000000000e+00,1.361580067053979118e-02
2.283440225579127722e-02,2.292974006569269113e+04,2.292974006569269113e+04,2.292974006569269113e+04,1.000000000000000000e+00,1.373847246916741482e-02
2.291342563295845763e-02,2.289844962167727863e+04,2.289844962167727863e+04,2.289844962167727863e+04,1.000000000000000000e+00,1.386201627679291802e-02
2.299272248757729120e-02,2.286682381199665178e+04,2.286682381199665178e+04,2.286682381199665178e+04,1.000000000000000000e+00,1.398643531869009707e-02
2.307229376607552312e-02,2.283486347573245439e+04,2.283486347573245439e+04,2.283486347573245439e+04,1.000000000000000000e+00,1.411173279265940869e-02
2.315214041815618490e-02,2.280256947020383086e+04,2.280256947020383086e+04,2.280256947020383086e+04,1.000000000000000000e+00,1.423791186839193715e-02
2.323226339680904348e-02,2.276994267094300812e+04,2.276994267094300812e+04,2.276994267094300812e+04,1.000000000000000000e+00,1.436497568682328259e-02
2.331266365832181109e-02,2.273698397167088115e+04,2.273698397167088115e+04,2.273698397167088115e+04,1.000000000000000000e+00,1.449292735948540072e-02
2.339334216229167068e-02,2.270369428426948798e+04,2.270369428426948798e+04,2.270369428426948798e+04,1.000000000000000000e+00,1.462176996785556800e-02
2.347429987163669393e-02,2.267007453875319334e+04,2.267007453875319334e+04,2.267007453875319334e+04,1.000000000000000000e+00,1.475150656269800728e-02
2.355553775260732161e-02,2.263612568323810774e+04,2.263612568323810774e+04,2.263612568323810774e+04,1.000000000000000000e+00,1.488214016339996920e-02
2.363705677479797235e-02,2.260184868390998963e+04,2.260184868390998963e+04,2.260184868390998963e+04,1.000000000000000000e+00,1.501367375731012428e-02
2.371885791115849532e-02,2.256724452502701752e+04,2.256724452502701752e+04,2.256724452502701752e+04,1.000000000000000000e+00,1.514611029908920735e-02
2.380094213800585529e-02,2.253231426272616955e+04,2.253231426272616955e+04,2.253231426272616955e+04,1.000000000000000000e+00,1.527945274654888760e-02
2.388331043503576570e-02,2.249705913221331502e+04,2.249705913221331502e+04,2.249705913221331502e+04,1.000000000000000000e+00,1.541370413533245040e-02
2.396596378533443622e-02,2.246148041536302480e+04,2.246148041536302480e+04,2.246148041536302480e+04,1.000000000000000000e+00,1.554886749236806913e-02
2.404890317539021272e-02,2.242557941034193573e+04,2.242557941034193573e+04,2.242557941034193573e+04,1.000000000000000000e+00,1.568494581515007119e-02
2.413212959510539768e-02,2.238935743153133080e+04,2.238935743153133080e+04,2.238935743153133080e+04,1.000000000000000000e+00,1.582194207115065337e-02
2.421564403780806368e-02,2.235281580944777306e+04,2.235281580944777306e+04,2.235281580944777306e+04,1.000000000000000000e+00,1.595985919722429924e-02
2.429944750026395359e-02,2.231595589066175671e+04,2.231595589066175671e+04,2.231595589066175671e+04,1.000000000000000000e+00,1.609870009901138294e-02
2.438354098268828360e-02,2.227877903771714409e+04,2.227877903771714409e+04,2.227877903771714409e+04,1.000000000000000000e+00,1.623846765033343936e-02
2.446792548875775103e-02,2.224128662904617522e+04,2.224128662904617522e+04,2.224128662904617522e+04,1.000000000000000000e+00,1.637916469259238436e-02
2.455260202562245878e-02,2.220348005888509942e+04,2.220348005888509942e+04,2.220348005888509942e+04,1.000000000000000000e+00,1.652079403415981571e-02
2.463757160391805145e-02,2.216536073718736225e+04,2.216536073718736225e+04,2.216536073718736225e+04,1.000000000000000000e+00,1.666335844976810782e-02
2.472283523777761907e-02,2.212693008953580284e+04,2.212693008953580284e+04,2.212693008953580284e+04,1.000000000000000000e+00,1.680686067989307919e-02
2.480839394484390253e-02,2.208818955705329427e+04,2.208818955705329427e+04,2.208818955705329427e+04,1.000000000000000000e+00,1.695130343014032356e-02
2.489424874628140549e-02,2.204914059631204509e+04,2.204914059631204509e+04,2.204914059631204509e+04,1.000000000000000000e+00,1.709668937062092803e-02
2.498040066678863108e-02,2.200978469651292107e+04,2.200978469651292107e+04,2.200978469651292107e+04,1.000000000000000000e+00,1.724302114886044554e-02
2.506685073461023538e-02,2.197012355753193697e+04,2.197012355753193697e+04,2.197012355753193697e+04,1.000000000000000000e+00,1.739030153087905289e-02
2.515359998154934745e-02,2.193015901650814340e+04,2.193015901650814340e+04,2.193015901650814340e+04,1.000000000000000000e+00,1.753853334995507385e-02
2.524064944297986154e-02,2.188989292512210159e+04,2.188989292512210159e+04,2.188989292512210159e+04,1.000000000000000000e+00,1.768771941214444463e-02
2.532800015785880571e-02,2.184932714748136641e+04,2.184932714748136641e+04,2.184932714748136641e+04,1.000000000000000000e+00,1.783786249426642240e-02
2.541565316873879363e-02,2.180846355997476348e+04,2.180846355997476348e+04,2.180846355997476348e+04,1.000000000000000000e+00,1.798896534341213466e-02
2.550360952178036197e-02,2.176730405112742301e+04,2.176730405112742301e+04,2.176730405112742301e+04,1.000000000000000000e+00,1.814103067645605680e-02
2.559187026676452287e-02,2.172585052145423469e+04,2.172585052145423469e+04,2.172585052145423469e+04,1.000000000000000000e+00,1.829406117955664074e-02
2.568043645710527123e-02,2.168410488331202214e+04,2.168410488331202214e+04,2.168410488331202214e+04,1.000000000000000000e+00,1.844805950766473940e-02
2.576930914986222745e-02,2.164206906075220832e+04,2.164206906075220832e+04,2.164206906075220832e+04,1.000000000000000000e+00,1.860302828402374264e-02
2.585848940575313087e-02,2.159974498937141834e+04,2.159974498937141834e+04,2.159974498937141834e+04,1.000000000000000000e+00,1.875897009967171167e-02
2.594797828916658305e-02,2.155713461616212953e+04,2.155713461616212953e+04,2.155713461616212953e+04,1.000000000000000000e+00,1.891588751293779222e-02
2.603777686817471820e-02,2.151423989936220460e+04,2.151423989936220460e+04,2.151423989936220460e+04,1.000000000000000000e+00,1.907378304894078586e-02
2.612788621454601584e-02,2.147106280830395553e+04,2.147106280830395553e+04,2.147106280830395553e+04,1.000000000000000000e+00,1.923265919908353702e-02
2.621830740375799204e-02,2.142760532444309501e+04,2.142760532444309501e+04,2.142760532444309501e+04,1.000000000000000000e+00,1.939251842161447345e-02
2.630904151501009883e-02,2.138386958202837195e+04,2.138386958202837195e+04,2.138386958202837195e+04,1.000000000000000000e+00,1.955336326994083426e-02
2.640008963123656460e-02,2.133985799970153312e+04,2.133985799970153312e+04,2.133985799970153312e+04,1.000000000000000000e+00,1.971519652057058744e-02
2.649145283911942192e-02,2.129557303458768365e+04,2.129557303458768365e+04,2.129557303458768365e+04,1.000000000000000000e+00,1.987802095643146846e-02
2.658313222910132362e-02,2.125101715034486915e+04,2.125101715034486915e+04,2.125101715034486915e+04,1.000000000000000000e+00,2.004183933814285626e-02
2.667512889539866774e-02,2.120619281695219252e+04,2.120619281695219252e+04,2.120619281695219252e+04,1.000000000000000000e+00,2.020665440371029881e-02
2.676744393601459410e-02,2.116110251050026636e+04,2.116110251050026636e+04,2.116110251050026636e+04,1.000000000000000000e+00,2.037246886821691624e-02
2.686007845275219241e-02,2.111574871297908612e+04,2.111574871297908612e+04,2.111574871297908612e+04,1.000000000000000000e+00,2.053928542352262410e-02
2.695303355122749892e-02,2.107013391206912274e+04,2.107013391206912274e+04,2.107013391206912274e+04,1.000000000000000000e+00,2.070710673795676804e-02
2.704631034088281552e-02,2.102426060093098931e+04,2.102426060093098931e+04,2.102426060093098931e+04,1.000000000000000000e+00,2.087593545601056783e-02
2.713990993499990068e-02,2.097813127799667927e+04,2.097813127799667927e+04,2.097813127799667927e+04,1.000000000000000000e+00,2.104577419803322150e-02
2.723383345071322958e-02,2.093174844676045905e+04,2.093174844676045905e+04,2.093174844676045905e+04,1.000000000000000000e+00,2.121662555992364849e-02
2.732808200902345219e-02,2.088511461557041184e+04,2.088511461557041184e+04,2.088511461557041184e+04,1.000000000000000000e+00,2.138849211282233334e-02
2.742265673481059096e-02,2.083823229742128751e+04,2.083823229742128751e+04,2.083823229742128751e+04,1.000000000000000000e+00,2.156137640280613929e-02
2.751755875684760294e-02,2.079110400974625372e+04,2.079110400974625372e+04,2.079110400974625372e+04,1.000000000000000000e+00,2.173528095057883358e-02
2.761278920781376836e-02,2.074373232317762813e+04,2.074373232317762813e+04,2.074373232317762813e+04,1.000000000000000000e+00,2.191020830288425980e-02
2.770834922430833597e-02,2.069612014292119784e+04,2.069612014292119784e+04,2.069612014292119784e+04,1.000000000000000000e+00,2.208616133536617232e-02
2.780423994686391509e-02,2.064827051152539934e+04,2.064827051152539934e+04,2.064827051152539934e+04,1.000000000000000000e+00,2.226314305813464900e-02
2.790046251996019730e-02,2.060018647076010529e+04,2.060018647076010529e+04,2.060018647076010529e+04,1.000000000000000000e+00,2.244115647309857103e-02
2.799701809203758093e-02,2.055187106090928137e+04,2.055187106090928137e+04,2.055187106090928137e+04,1.000000000000000000e+00,2.262020457344749227e-02
2.809390781551096214e-02,2.050332732050976847e+04,2.050332732050976847e+04,2.050332732050976847e+04,1.000000000000000000e+00,2.280029034360312942e-02
2.819113284678333164e-02,2.045455828609474702e+04,2.045455828609474702e+04,2.045455828609474702e+04,1.000000000000000000e+00,2.298141675917395738e-02
2.828869434625969764e-02,2.040556699193727400e+04,2.040556699193727400e+04,2.040556699193727400e+04,1.000000000000000000e+00,2.316358678690461428e-02
2.838659347836086991e-02,2.035635646979690137e+04,2.035635646979690137e+04,2.035635646979690137e+04,1.000000000000000000e+00,2.334680338463577393e-02
2.848483141153746595e-02,2.030692974866824443e+04,2.030692974866824443e+04,2.030692974866824443e+04,1.000000000000000000e+00,2.353106950125529243e-02
2.858340931828370901e-02,2.025728985453136556e+04,2.025728985453136556e+04,2.025728985453136556e+04,1.000000000000000000e+00,2.371638807665859758e-02
2.868232837515150360e-02,2.020743981010481730e+04,2.020743981010481730e+04,2.020743981010481730e+04,1.000000000000000000e+00,2.390276204170383931e-02
2.878158976276444861e-02,2.015738263460060625e+04,2.015738263460060625e+04,2.015738263460060625e+04,1.000000000000000000e+00,2.409019431817348289e-02
2.888119466583201692e-02,2.010712134348100517e+04,2.010712134348100517e+04,2.010712134348100517e+04,1.000000000000000000e+00,2.427868781873537829e-02
2.898114427316356503e-02,2.005665895506201559e+04,2.005665895506201559e+04,2.005665895506201559e+04,1.000000000000000000e+00,2.446824545525146458e-02
2.908143977768257518e-02,2.000599874222540529e+04,2.000599874222540529e+04,2.000599874222540529e+04,1.000000000000000000e+00,2.465887044971992390e-02
2.918208237644093553e-02,1.995514430239195281e+04,1.995514430239195281e+04,1.995514430239195281e+04,1.000000000000000000e+00,2.485056643818022923e-02
2.928307327063313023e-02,1.990409924390576998e+04,1.990409924390576998e+04,1.990409924390576998e+04,1.000000000000000000e+00,2.504333709790998799e-02
2.938441366561073825e-02,1.985286716377962875e+04,1.985286716377962875e+04,1.985286716377962875e+04,1.000000000000000000e+00,2.523718612120822227e-02
2.948610477089663034e-02,1.980145164740946348e+04,1.980145164740946348e+04,1.980145164740946348e+04,1.000000000000000000e+00,2.543211721569622538e-02
2.958814780019951643e-02,1.974985626829340617e+04,1.974985626829340617e+04,1.974985626829340617e+04,1.000000000000000000e+00,2.562813410462656816e-02
2.969054397142838544e-02,1.969808458775558393e+04,1.969808458775558393e+04,1.969808458775558393e+04,1.000000000000000000e+00,2.582524052719096727e-02
2.979329450670713947e-02,1.964614015467342324e+04,1.964614015467342324e+04,1.964614015467342324e+04,1.000000000000000000e+00,2.602344023883713942e-02
2.989640063238903356e-02,1.959402650520996031e+04,1.959402650520996031e+04,1.959402650520996031e+04,1.000000000000000000e+00,2.622273701158207848e-02
2.999986357907138967e-02,1.954174716255020758e+04,1.954174716255020758e+04,1.954174716255020758e+04,1.000000000000000000e+00,2.642313463433579313e-02
3.010368458161027244e-02,1.948930563664145666e+04,1.948930563664145666e+04,1.948930563664145666e+04,1.000000000000000000e+00,2.662463691322138060e-02
3.020786487913530022e-02,1.943670542393882351e+04,1.943670542393882351e+04,1.943670542393882351e+04,1.000000000000000000e+00,2.682724767190296233e-02
3.031240571506428616e-02,1.938395000715392962e+04,1.938395000715392962e+04,1.938395000715392962e+04,1.000000000000000000e+00,2.703097075191525367e-02
3.041730833711819154e-02,1.933104285500917467e+04,1.933104285500917467e+04,1.933104285500917467e+04,1.000000000000000000e+00,2.723581001299759177e-02
3.052257399733596457e-02,1.927798753504188426e+04,1.927798753504188426e+04,1.927798753504188426e+04,1.000000000000000000e+00,2.744176949434719640e-02
3.062820395208955965e-02,1.922478807626238995e+04,1.922478807626238995e+04,1.922478807626238995e+04,1.000000000000000000e+00,2.764885394518827588e-02
3.073419946209882819e-02,1.917144861231436516e+04,1.917144861231436516e+04,1.917144861231436516e+04,1.000000000000000000e+00,2.785706834248535477e-02
3.084056179244662119e-02,1.911797325391161576e+04,1.911797325391161576e+04,1.911797325391161576e+04,1.000000000000000000e+00,2.806641771421503409e-02
3.094729221259385696e-02,1.906436608856422754e+04,1.906436608856422754e+04,1.906436608856422754e+04,1.000000000000000000e+00,2.827690714014034074e-02
3.105439199639479370e-02,1.901063118031274280e+04,1.901063118031274280e+04,1.901063118031274280e+04,1.000000000000000000e+00,2.848854175259386834e-02
3.116186242211203480e-02,1.895677256946900161e+04,1.895677256946900161e+04,1.895677256946900161e+04,1.000000000000000000e+00,2.870132673726325315e-02
3.126970477243192631e-02,1.890279427236350966e+04,1.890279427236350966e+04,1.890279427236350966e+04,1.000000000000000000e+00,2.891526733398933763e-02
3.137792033447982937e-02,1.884870028110060230e+04,1.884870028110060230e+04,1.884870028110060230e+04,1.000000000000000000e+00,2.913036883756513554e-02
3.148651039983544481e-02,1.879449456332052068e+04,1.879449456332052068e+04,1.879449456332052068e+04,1.000000000000000000e+00,2.934663659854802945e-02
3.159547626454834585e-02,1.874018106196691588e+04,1.874018106196691588e+04,1.874018106196691588e+04,1.000000000000000000e+00,2.956407602407265522e-02
3.170481922915329570e-02,1.868576369506325136e+04,1.868576369506325136e+04,1.868576369506325136e+04,1.000000000000000000e+00,2.978269257867842065e-02
3.181454059868585316e-02,1.863124635549472441e+04,1.863124635549472441e+04,1.863124635549472441e+04,1.000000000000000000e+00,3.000249178513468562e-02
3.192464168269790875e-02,1.857663291079622286e+04,1.857663291079622286e+04,1.857663291079622286e+04,1.000000000000000000e+00,3.022347922527980624e-02
3.203512379527342219e-02,1.852192722465565021e+04,1.852192722465565021e+04,1.852192722465565021e+04,1.000000000000000000e+00,3.044566057654892605e-02
3.214598825504395851e-02,1.846713351918566696e+04,1.846713351918566696e+04,1.846713351918566696e+04,1.000000000000000000e+00,3.066904221663183452e-02
3.225723638520448106e-02,1.841225631510375024e+04,1.841225631510375024e+04,1.841225631510375024e+04,1.000000000000000000e+00,3.089363115726037959e-02
3.236886951352917208e-02,1.835730010890752237e+04,1.835730010890752237e+04,1.835730010890752237e+04,1.000000000000000000e+00,3.111943452695964049e-02
3.248088897238731593e-02,1.830226936185301747e+04,1.830226936185301747e+04,1.830226936185301747e+04,1.000000000000000000e+00,3.134645955482051605e-02
3.259329609875907113e-02,1.824716849975699733e+04,1.824716849975699733e+04,1.824716849975699733e+04,1.000000000000000000e+00,3.157471357188964406e-02
3.270609223425154782e-02,1.819200191280822401e+04,1.819200191280822401e+04,1.819200191280822401e+04,1.000000000000000000e+00,3.180420401255461965e-02
3.281927872511472555e-02,1.813677395538838027e+04,1.813677395538838027e+04,1.813677395538838027e+04,1.000000000000000000e+00,3.203493841596147251e-02
3.293285692225767641e-02,1.808148894590222699e+04,1.808148894590222699e+04,1.808148894590222699e+04,1.000000000000000000e+00,3.226692442743091943e-02
3.304682818126448290e-02,1.802615116661769207e+04,1.802615116661769207e+04,1.802615116661769207e+04,1.000000000000000000e+00,3.250016979989761579e-02
3.316119386241055816e-02,1.797076486351462154e+04,1.797076486351462154e+04,1.797076486351462154e+04,1.000000000000000000e+00,3.273468239536000274e-02
3.327595533067882055e-02,1.791533424614254545e+04,1.791533424614254545e+04,1.791533424614254545e+04,1.000000000000000000e+00,3.297047018634050031e-02
3.339111395577606944e-02,1.785986348748849559e+04,1.785986348748849559e+04,1.785986348748849559e+04,1.000000000000000000e+00,3.320754125737013923e-02
3.350667111214921529e-02,1.780435672385263751e+04,1.780435672385263751e+04,1.780435672385263751e+04,1.000000000000000000e+00,3.344590380647622513e-02
3.362262817900173173e-02,1.774881805505092052e+04,1.774881805505092052e+04,1.774881805505092052e+04,1.000000000000000000e+00,3.368556614729965870e-02
3.373898654031012162e-02,1.769325173095695209e+04,1.769325173095695209e+04,1.769325173095695209e+04,1.000000000000000000e+00,3.392653706853560741e-02
3.385574758484051483e-02,1.763766246243372007e+04,1.763766246243372007e+04,1.763766246243372007e+04,1.000000000000000000e+00,3.416882645652052214e-02
3.397291270616508568e-02,1.758205499741312451e+04,1.758205499741312451e+04,1.758205499741312451e+04,1.000000000000000000e+00,3.441244451737084792e-02
3.409048330267878263e-02,1.752643403693225264e+04,1.752643403693225264e+04,1.752643403693225264e+04,1.000000000000000000e+00,3.465740162158093690e-02
3.420846077761600240e-02,1.747080423505822910e+04,1.747080423505822910e+04,1.747080423505822910e+04,1.000000000000000000e+00,3.490370830619545645e-02
3.432684653906731970e-02,1.741517019882571185e+04,1.741517019882571185e+04,1.741517019882571185e+04,1.000000000000000000e+00,3.515137527701853865e-02
3.444564199999640419e-02,1.735953648818564034e+04,1.735953648818564034e+04,1.735953648818564034e+04,1.000000000000000000e+00,3.540041341083854931e-02
3.456484857825667389e-02,1.730390761596544326e+04,1.730390761596544326e+04,1.730390761596544326e+04,1.000000000000000000e+00,3.565083375769011881e-02
3.468446769660837870e-02,1.724828804784079330e+04,1.724828804784079330e+04,1.724828804784079330e+04,1.000000000000000000e+00,3.590264754313090417e-02
3.480450078273553127e-02,1.719268220231842133e+04,1.719268220231842133e+04,1.719268220231842133e+04,1.000000000000000000e+00,3.615586617055152607e-02
3.492494926926300453e-02,1.713709445073012103e+04,1.713709445073012103e+04,1.713709445073012103e+04,1.000000000000000000e+00,3.641050122351759816e-02
3.504581459377351105e-02,1.708152911723818761e+04,1.708152911723818761e+04,1.708152911723818761e+04,1.000000000000000000e+00,3.666656446813147674e-02
3.516709819882485322e-02,1.702599047884962783e+04,1.702599047884962783e+04,1.702599047884962783e+04,1.000000000000000000e+00,3.692406785542455550e-02
3.528880153196709002e-02,1.697048276544329929e+04,1.697048276544329929e+04,1.697048276544329929e+04,1.000000000000000000e+00,3.718302352378624609e-02
3.541092604575991898e-02,1.691501020462505767e+04,1.691501020462505767e+04,1.691501020462505767e+04,1.000000000000000000e+00,3.744344390062416539e-02
3.553347319778986380e-02,1.685957741892350896e+04,1.685957741892350896e+04,1.685957741892350896e+04,1.000000000000000000e+00,3.770534259816463868e-02
3.565644445068774648e-02,1.680418922949477928e+04,1.680418922949477928e+04,1.680418922949477928e+04,1.000000000000000000e+00,3.796873402334231817e-02
3.577984127214612481e-02,1.674885040380737701e+04,1.674885040380737701e+04,1.674885040380737701e+04,1.000000000000000000e+00,3.823363283396237489e-02
3.590366513493691014e-02,1.669356565276047331e+04,1.669356565276047331e+04,1.669356565276047331e+04,1.000000000000000000e+00,3.850005393541820059e-02
3.602791751692877020e-02,1.663833963079805835e+04,1.663833963079805835e+04,1.663833963079805835e+04,1.000000000000000000e+00,3.876801248398960287e-02
3.615259990110487875e-02,1.658317693603560110e+04,1.658317693603560110e+04,1.658317693603560110e+04,1.000000000000000000e+00,3.903752389019242430e-02
3.627771377558056815e-02,1.652808211039905655e+04,1.652808211039905655e+04,1.652808211039905655e+04,1.000000000000000000e+00,3.930860382216395249e-02
3.640326063362121084e-02,1.647305963977768261e+04,1.647305963977768261e+04,1.647305963977768261e+04,1.000000000000000000e+00,3.958126820911212623e-02
3.652924197365985115e-02,1.641811395418760003e+04,1.641811395418760003e+04,1.641811395418760003e+04,1.000000000000000000e+00,3.985553324480296117e-02
3.665565929931520472e-02,1.636324942794864000e+04,1.636324942794864000e+04,1.636324942794864000e+04,1.000000000000000000e+00,4.013141539110275796e-02
3.678251411940960253e-02,1.630847037987162366e+04,1.630847037987162366e+04,1.630847037987162366e+04,1.000000000000000000e+00,4.040893138157530817e-02
3.690980794798693482e-02,1.625378107345837634e+04,1.625378107345837634e+04,1.625378107345837634e+04,1.000000000000000000e+00,4.068809822512647195e-02
3.703754230433087269e-02,1.619918571711207187e+04,1.619918571711207187e+04,1.619918571711207187e+04,1.000000000000000000e+00,4.096893320970505792e-02
3.716571871298279817e-02,1.614468846663310615e+04,1.614468846663310615e+04,1.614468846663310615e+04,1.000000000000000000e+00,4.125145391187381994e-02
3.729433870376010901e-02,1.609029361554061143e+04,1.609029361554061143e+04,1.609029361554061143e+04,1.000000000000000000e+00,4.153567869161801235e-02
3.742340381177447495e-02,1.603600573537111450e+04,1.603600573537111450e+04,1.603600573537111450e+04,1.000000000000000000e+00,4.182162708704192239e-02
3.755291557745021186e-02,1.598182937000546190e+04,1.598182937000546190e+04,1.598182937000546190e+04,1.000000000000000000e+00,4.210931905738021785e-02
3.768287554654253801e-02,1.592776900188192303e+04,1.592776900188192303e+04,1.592776900188192303e+04,1.000000000000000000e+00,4.239877490138867916e-02
3.781328527015608010e-02,1.587382905231307996e+04,1.587382905231307996e+04,1.587382905231307996e+04,1.000000000000000000e+00,4.269001526203324709e-02
3.794414630476342087e-02,1.582001388181498442e+04,1.582001388181498442e+04,1.582001388181498442e+04,1.000000000000000000e+00,4.298306113125013872e-02
3.807546021222371624e-02,1.576632779044870222e+04,1.576632779044870222e+04,1.576632779044870222e+04,1.000000000000000000e+00,4.327793385479599547e-02
3.820722855980117350e-02,1.571277501817345546e+04,1.571277501817345546e+04,1.571277501817345546e+04,1.000000000000000000e+00,4.357465513716483885e-02
3.833945292018389739e-02,1.565935974521173557e+04,1.565935974521173557e+04,1.565935974521173557e+04,1.000000000000000000e+00,4.387324704660085922e-02
3.847213487150259043e-02,1.560608609242477360e+04,1.560608609242477360e+04,1.560608609242477360e+04,1.000000000000000000e+00,4.417373202018669981e-02
3.860527599734950993e-02,1.555295812169979581e+04,1.555295812169979581e+04,1.555295812169979581e+04,1.000000000000000000e+00,4.447613286902443036e-02
3.873887788679717531e-02,1.549997983634776392e+04,1.549997983634776392e+04,1.549997983634776392e+04,1.000000000000000000e+00,4.478047278350043986e-02
3.887294213441747082e-02,1.544715518151091783e+04,1.544715518151091783e+04,1.544715518151091783e+04,1.000000000000000000e+00,4.508677533864300507e-02
3.900747034030059568e-02,1.539448804458125414e+04,1.539448804458125414e+04,1.539448804458125414e+04,1.000000000000000000e+00,4.539506449957334683e-02
3.914246411007434034e-02,1.534198229551318036e+04,1.534198229551318036e+04,1.534198229551318036e+04,1.000000000000000000e+00,4.570536474587142545e-02
3.927792505492297415e-02,1.528964198572395253e+04,1.528964198572395253e+04,1.528964198572395253e+04,1.000000000000000000e+00,4.601770168064268918e-02
3.941385479160668115e-02,1.523747119491772173e+04,1.523747119491772173e+04,1.523747119491772173e+04,1.000000000000000000e+00,4.633210160614077006e-02
3.955025494248076701e-02,1.518547394198585243e+04,1.518547394198585243e+04,1.518547394198585243e+04,1.000000000000000000e+00,4.664859126861526512e-02
3.968712713551505317e-02,1.513365418536557627e+04,1.513365418536557627e+04,1.513365418536557627e+04,1.000000000000000000e+00,4.696719786433454363e-02
3.982447300431336129e-02,1.508201582355770734e+04,1.508201582355770734e+04,1.508201582355770734e+04,1.000000000000000000e+00,4.728794904615866296e-02
3.996229418813287276e-02,1.503056269565456387e+04,1.503056269565456387e+04,1.503056269565456387e+04,1.000000000000000000e+00,4.761087293024034162e-02
4.010059233190380740e-02,1.497929858187757600e+04,1.497929858187757600e+04,1.497929858187757600e+04,1.000000000000000000e+00,4.793599810284543405e-02
4.023936908624897030e-02,1.492822720412431772e+04,1.492822720412431772e+04,1.492822720412431772e+04,1.000000000000000000e+00,4.826335362730692358e-02
4.037862610750362485e-02,1.487735222652425182e+04,1.487735222652425182e+04,1.487735222652425182e+04,1.000000000000000000e+00,4.859296905110083858e-02
4.051836505773503266e-02,1.482667725600356971e+04,1.482667725600356971e+04,1.482667725600356971e+04,1.000000000000000000e+00,4.892487441305994750e-02
4.065858760476242367e-02,1.477620584285822406e+04,1.477620584285822406e+04,1.477620584285822406e+04,1.000000000000000000e+00,4.925910025072238047e-02
4.079929542217683447e-02,1.472594148133577801e+04,1.472594148133577801e+04,1.472594148133577801e+04,1.000000000000000000e+00,4.959567760782118695e-02
4.094049018936125883e-02,1.467588761022441213e+04,1.467588761022441213e+04,1.467588761022441213e+04,1.000000000000000000e+00,4.993463804191226180e-02
4.108217359151043052e-02,1.462604761363503530e+04,1.462604761363503530e+04,1.462604761363503530e+04,1.000000000000000000e+00,5.027601363278670632e-02
4.122434731965109872e-02,1.457642482706730152e+04,1.457642482706730152e+04,1.457642482706730152e+04,1.000000000000000000e+00,5.061983700939073211e-02
4.136701307066215083e-02,1.452702253883598314e+04,1.452702253883598314e+04,1.452702253883598314e+04,1.000000000000000000e+00,5.096614136177218812e-02
4.151017254729498507e-02,1.447784398442727979e+04,1.447784398442727979e+04,1.447784398442727979e+04,1.000000000000000000e+00,5.131496042829784832e-02
4.165382745819364019e-02,1.442889234675496482e+04,1.442889234675496482e+04,1.442889234675496482e+04,1.000000000000000000e+00,5.166632850280548916e-02
4.179797951791531380e-02,1.438017075679415211e+04,1.438017075679415211e+04,1.438017075679415211e+04,1.000000000000000000e+00,5.202028044317811434e-02
4.194263044695076964e-02,1.433168229422069999e+04,1.433168229422069999e+04,1.433168229422069999e+04,1.000000000000000000e+00,5.237685168008984066e-02
4.208778197174500857e-02,1.428342998805733987e+04,1.428342998805733987e+04,1.428342998805733987e+04,1.000000000000000000e+00,5.273607822591507704e-02
4.223343582471766194e-02,1.423541681732508187e+04,1.423541681732508187e+04,1.423541681732508187e+04,1.000000000000000000e+00,5.309799668382177845e-02
4.237959374428379444e-02,1.418764571170007912e+04,1.418764571170007912e+04,1.418764571170007912e+04,1.000000000000000000e+00,5.346264425703341899e-02
4.252625747487463748e-02,1.414011955217606737e+04,1.414011955217606737e+04,1.414011955217606737e+04,1.000000000000000000e+00,5.383005875827870379e-02
4.267342876695838505e-02,1.409284117173191953e+04,1.409284117173191953e+04,1.409284117173191953e+04,1.000000000000000000e+00,5.420027861942807584e-02
4.282110937706119780e-02,1.404581335600329112e+04,1.404581335600329112e+04,1.404581335600329112e+04,1.000000000000000000e+00,5.457334290131749671e-02
4.296930106778795722e-02,1.399903884396068315e+04,1.399903884396068315e+04,1.399903884396068315e+04,1.000000000000000000e+00,5.494929130377115833e-02
4.311800560784347092e-02,1.395252032858897837e+04,1.395252032858897837e+04,1.395252032858897837e+04,1.000000000000000000e+00,5.532816417581703367e-02
4.326722477205348361e-02,1.390626038044572852e+04,1.390626038044572852e+04,1.390626038044572852e+04,1.000000000000000000e+00,5.571000221712723438e-02
4.341696034138602805e-02,1.386026123646415181e+04,1.386026123646415181e+04,1.386026123646415181e+04,1.000000000000000000e+00,5.609484561527577906e-02
4.356721410297244301e-02,1.381452502633288350e+04,1.381452502633288350e+04,1.381452502633288350e+04,1.000000000000000000e+00,5.648273491907300492e-02
4.371798785012885602e-02,1.376905384218362269e+04,1.376905384218362269e+04,1.376905384218362269e+04,1.000000000000000000e+00,5.687371131979049310e-02
4.386928338237752745e-02,1.372384973920721495e+04,1.372384973920721495e+04,1.372384973920721495e+04,1.000000000000000000e+00,5.726781666144755562e-02
4.402110250546844433e-02,1.367891473627178311e+04,1.367891473627178311e+04,1.367891473627178311e+04,1.000000000000000000e+00,5.766509345130065717e-02
4.417344703140069911e-02,1.363425081654243149e+04,1.363425081654243149e+04,1.363425081654243149e+04,1.000000000000000000e+00,5.806558487053588291e-02
4.432631877844420143e-02,1.358985992810314201e+04,1.358985992810314201e+04,1.358985992810314201e+04,1.000000000000000000e+00,5.846933478517066241e-02
4.447971957116136216e-02,1.354574398457964890e+04,1.354574398457964890e+04,1.354574398457964890e+04,1.000000000000000000e+00,5.887638775716871192e-02
4.463365124042898563e-02,1.350190486576484909e+04,1.350190486576484909e+04,1.350190486576484909e+04,1.000000000000000000e+00,5.928678905577409314e-02
4.478811562345991204e-02,1.345834441824455098e+04,1.345834441824455098e+04,1.345834441824455098e+04,1.000000000000000000e+00,5.970058466906680988e-02
4.494311456382510395e-02,1.341506445602528765e+04,1.341506445602528765e+04,1.341506445602528765e+04,1.000000000000000000e+00,6.011782131574655574e-02
4.509864991147552460e-02,1.337206676116275048e+04,1.337206676116275048e+04,1.337206676116275048e+04,1.000000000000000000e+00,6.053854645714799865e-02
4.525472352276444649e-02,1.332935308439239998e+04,1.332935308439239998e+04,1.332935308439239998e+04,1.000000000000000000e+00,6.096280830949735857e-02
4.541133726046930885e-02,1.328692511300269871e+04,1.328692511300269871e+04,1.328692511300269871e+04,1.000000000000000000e+00,6.139065570505797265e-02
4.556849299381416502e-02,1.324478400904197406e+04,1.324478400904197406e+04,1.324478400904197406e+04,1.000000000000000000e+00,6.182213593868589319e-02
4.572619259849187989e-02,1.320293052789274225e+04,1.320293052789274225e+04,1.320293052789274225e+04,1.000000000000000000e+00,6.225729521858045651e-02
4.588443795668655650e-02,1.316136539748272480e+04,1.316136539748272480e+04,1.316136539748272480e+04,1.000000000000000000e+00,6.269618038941737748e-02
4.604323095709609431e-02,1.312008932889889002e+04,1.312008932889889002e+04,1.312008932889889002e+04,1.000000000000000000e+00,6.313883898978264742e-02
4.620257349495453247e-02,1.307910301681764759e+04,1.307910301681764759e+04,1.307910301681764759e+04,1.000000000000000000e+00,6.358531926324288708e-02
4.636246747205481633e-02,1.303840713993397731e+04,1.303840713993397731e+04,1.303840713993397731e+04,1.000000000000000000e+00,6.403567016960959313e-02
4.652291479677142516e-02,1.299800236138962100e+04,1.299800236138962100e+04,1.299800236138962100e+04,1.000000000000000000e+00,6.448994139641507639e-02
4.668391738408327052e-02,1.295788932920032312e+04,1.295788932920032312e+04,1.295788932920032312e+04,1.000000000000000000e+00,6.494818337060244418e-02
4.684547715559637948e-02,1.291806867668225459e+04,1.291806867668225459e+04,1.291806867668225459e+04,1.000000000000000000e+00,6.541044727042924500e-02
4.700759603956691790e-02,1.287854102287713431e+04,1.287854102287713431e+04,1.287854102287713431e+04,1.000000000000000000e+00,6.587678503758845339e-02
4.717027597092418589e-02,1.283930697297668485e+04,1.283930697297668485e+04,1.283930697297668485e+04,1.000000000000000000e+00,6.634724938956293450e-02
4.733351889129382151e-02,1.280036711874581670e+04,1.280036711874581670e+04,1.280036711874581670e+04,1.000000000000000000e+00,6.682189383220063505e-02
4.749732674902077539e-02,1.276172203894484301e+04,1.276172203894484301e+04,1.276172203894484301e+04,1.000000000000000000e+00,6.730077267252902729e-02
4.766170149919268795e-02,1.272337229840679356e+04,1.272337229840679356e+04,1.272337229840679356e+04,1.000000000000000000e+00,6.778394102464536941e-02
4.782664510366318317e-02,1.268531803944122112e+04,1.268531803944122112e+04,1.268531803944122112e+04,1.000000000000000000e+00,6.827145262135196624e-02
4.799215953107541233e-02,1.264755841332207274e+04,1.264755841332207274e+04,1.264755841332207274e+04,1.000000000000000000e+00,6.876335662170758589e-02
4.815824675688531314e-02,1.261009243192303984e+04,1.261009243192303984e+04,1.261009243192303984e+04,1.000000000000000000e+00,6.925970202594870784e-02
4.832490876338536856e-02,1.257291911405528117e+04,1.257291911405528117e+04,1.257291911405528117e+04,1.000000000000000000e+00,6.976053845547708354e-02
4.849214753972816427e-02,1.253603748552531943e+04,1.253603748552531943e+04,1.253603748552531943e+04,1.000000000000000000e+00,7.026591616155665465e-02
4.865996508195030018e-02,1.249944657919197198e+04,1.249944657919197198e+04,1.249944657919197198e+04,1.000000000000000000e+00,7.077588603413488555e-02
4.882836339299597567e-02,1.246314543502362903e+04,1.246314543502362903e+04,1.246314543502362903e+04,1.000000000000000000e+00,7.129049961080657916e-02
4.899734448274105370e-02,1.242713310015405114e+04,1.242713310015405114e+04,1.242713310015405114e+04,1.000000000000000000e+00,7.180980908590749168e-02
4.916691036801698611e-02,1.239140862893926533e+04,1.239140862893926533e+04,1.239140862893926533e+04,1.000000000000000000e+00,7.233386731975491313e-02
4.933706307263488466e-02,1.235597108301258231e+04,1.235597108301258231e+04,1.235597108301258231e+04,1.000000000000000000e+00,7.286272784802309832e-02
4.950780462740980714e-02,1.232081953134021569e+04,1.232081953134021569e+04,1.232081953134021569e+04,1.000000000000000000e+00,7.339644489126799509e-02
4.967913707018477287e-02,1.228595305027665563e+04,1.228595305027665563e+04,1.228595305027665563e+04,1.000000000000000000e+00,7.393507336459441415e-02
4.985106244585523622e-02,1.225137072361876562e+04,1.225137072361876562e+04,1.225137072361876562e+04,1.000000000000000000e+00,7.447866888747402270e-02
5.002358280639340044e-02,1.221707164266073050e+04,1.221707164266073050e+04,1.221707164266073050e+04,1.000000000000000000e+00,7.502728779371341250e-02
5.019670021087289241e-02,1.218305477426405014e+04,1.218305477426405014e+04,1.218305477426405014e+04,1.000000000000000000e+00,7.558098632277884810e-02
5.037041672549310428e-02,1.214931794960584193e+04,1.214931794960584193e+04,1.214931794960584193e+04,1.000000000000000000e+00,7.613981425049556884e-02
5.054473442360395141e-02,1.211585843410665257e+04,1.211585843410665257e+04,1.211585843410665257e+04,1.000000000000000000e+00,7.670381814140153631e-02
5.071965538573062343e-02,1.208267351625318042e+04,1.208267351625318042e+04,1.208267351625318042e+04,1.000000000000000000e+00,7.727304493163747456e-02
5.089518169959853650e-02,1.204976051211521190e+04,1.204976051211521190e+04,1.204976051211521190e+04,1.000000000000000000e+00,7.784754196150429906e-02
5.107131546015798024e-02,1.201711676498163069e+04,1.201711676498163069e+04,1.201711676498163069e+04,1.000000000000000000e+00,7.842735697801005157e-02
5.124805876960934065e-02,1.198473964500244983e+04,1.198473964500244983e+04,1.198473964500244983e+04,1.000000000000000000e+00,7.901253813742319110e-02
5.142541373742807315e-02,1.195262654883494542e+04,1.195262654883494542e+04,1.195262654883494542e+04,1.000000000000000000e+00,7.960313400781481030e-02
5.160338248039004344e-02,1.192077489929555668e+04,1.192077489929555668e+04,1.192077489929555668e+04,1.000000000000000000e+00,8.019919357160756879e-02
5.178196712259655610e-02,1.188918214501599687e+04,1.188918214501599687e+04,1.188918214501599687e+04,1.000000000000000000e+00,8.080076622811324660e-02
5.196116979549988274e-02,1.185784576010472847e+04,1.185784576010472847e+04,1.185784576010472847e+04,1.000000000000000000e+00,8.140790179607226840e-02
5.214099263792858208e-02,1.182676324381252016e+04,1.182676324381252016e+04,1.182676324381252016e+04,1.000000000000000000e+00,8.202065051618254166e-02
5.232143779611324319e-02,1.179593212020328610e+04,1.179593212020328610e+04,1.179593212020328610e+04,1.000000000000000000e+00,8.263906305363144522e-02
5.250250742371179169e-02,1.176534993782906895e+04,1.176534993782906895e+04,1.176534993782906895e+04,1.000000000000000000e+00,8.326319050061446736e-02
5.268420368183540647e-02,1.173501425608436693e+04,1.173501425608436693e+04,1.173501425608436693e+04,1.000000000000000000e+00,8.389308428359132375e-02
5.286652873907426303e-02,1.170492182410870009e+04,1.170492182410870009e+04,1.170492182410870009e+04,1.000000000000000000e+00,8.452879023355733268e-02
5.304948477152337388e-02,1.167506811190440931e+04,1.167506811190440931e+04,1.167506811190440931e+04,1.000000000000000000e+00,8.517034486401132976e-02
5.323307396280870657e-02,1.164544851941998422e+04,1.164544851941998422e+04,1.164544851941998422e+04,1.000000000000000000e+00,8.581778379651469613e-02
5.341729850411302410e-02,1.161605849204528749e+04,1.161605849204528749e+04,1.161605849204528749e+04,1.000000000000000000e+00,8.647114257427598871e-02
5.360216059420220419e-02,1.158689351987396367e+04,1.158689351987396367e+04,1.158689351987396367e+04,1.000000000000000000e+00,8.713045665284578634e-02
5.378766243945134334e-02,1.155794913698359414e+04,1.155794913698359414e+04,1.155794913698359414e+04,1.000000000000000000e+00,8.779576139063451079e-02
5.397380625387135367e-02,1.152922092073189560e+04,1.152922092073189560e+04,1.152922092073189560e+04,1.000000000000000000e+00,8.846709203923773523e-02
5.416059425913504616e-02,1.150070449106998240e+04,1.150070449106998240e+04,1.150070449106998240e+04,1.000000000000000000e+00,8.914448373357550248e-02
5.434802868460386627e-02,1.147239550987225812e+04,1.147239550987225812e+04,1.147239550987225812e+04,1.000000000000000000e+00,8.982797148184498703e-02
5.453611176735442129e-02,1.144428968028164854e+04,1.144428968028164854e+04,1.144428968028164854e+04,1.000000000000000000e+00,9.051759015527773011e-02
5.472484575220528530e-02,1.141638274607103813e+04,1.141638274607103813e+04,1.141638274607103813e+04,1.000000000000000000e+00,9.121337447770090645e-02
5.491423289174364453e-02,1.138867049102046076e+04,1.138867049102046076e+04,1.138867049102046076e+04,1.000000000000000000e+00,9.191535901491509897e-02
5.510427544635223412e-02,1.136114873830872784e+04,1.136114873830872784e+04,1.136114873830872784e+04,1.000000000000000000e+00,9.262357816385596854e-02
5.529497568423631659e-02,1.133381334992156189e+04,1.133381334992156189e+04,1.133381334992156189e+04,1.000000000000000000e+00,9.333806614158154935e-02
5.548633588145091000e-02,1.130665987795415640e+04,1.130665987795415640e+04,1.130665987795415640e+04,1.000000000000000000e+00,9.405885407807780541e-02
5.567835832192766232e-02,1.127968206003838895e+04,1.127968206003838895e+04,1.127968206003838895e+04,1.000000000000000000e+00,9.478595721943619545e-02
5.587104529750230864e-02,1.125287307618218983e+04,1.125287307618218983e+04,1.125287307618218983e+04,1.000000000000000000e+00,9.551938479759676526e-02
5.606439910794192016e-02,1.122622616897510852e+04,1.122622616897510852e+04,1.122622616897510852e+04,1.000000000000000000e+00,9.625914506650540270e-02
5.625842206097255577e-02,1.119973464309461087e+04,1.119973464309461087e+04,1.119973464309461087e+04,1.000000000000000000e+00,9.700524527749659898e-02
5.645311647230654567e-02,1.117339186443543076e+04,1.117339186443543076e+04,1.117339186443543076e+04,1.000000000000000000e+00,9.775769165093528557e-02
5.664848466567024704e-02,1.114719125927814275e+04,1.114719125927814275e+04,1.114719125927814275e+04,1.000000000000000000e+00,9.851648934756206122e-02
5.684452897283179262e-02,1.112112631349569529e+04,1.112112631349569529e+04,1.112112631349569529e+04,1.000000000000000000e+00,9.928164243953875590e-02
5.704125173362885326e-02,1.109519057179925221e+04,1.109519057179925221e+04,1.109519057179925221e+04,1.000000000000000000e+00,1.000531538812187843e-01
5.723865529599674040e-02,1.106937763702048869e+04,1.106937763702048869e+04,1.106937763702048869e+04,1.000000000000000000e+00,1.008310254796256772e-01
5.743674201599619639e-02,1.104368116943176210e+04,1.104368116943176210e+04,1.104368116943176210e+04,1.000000000000000000e+00,1.016152578646607185e-01
5.763551425784163573e-02,1.101809488610172775e+04,1.101809488610172775e+04,1.101809488610172775e+04,1.000000000000000000e+00,1.024058504590381058e-01
5.783497439392930317e-02,1.099261256028758908e+04,1.099261256028758908e+04,1.099261256028758908e+04,1.000000000000000000e+00,1.032028014479620809e-01
5.803512480486580638e-02,1.096722802086262527e+04,1.096722802086262527e+04,1.096722802086262527e+04,1.000000000000000000e+00,1.040061077485472385e-01
5.823596787949614911e-02,1.094193514374047481e+04,1.094193514374047481e+04,1.094193514374047481e+04,1.000000000000000000e+00,1.048157649019977183e-01
5.843750601493256924e-02,1.091672765744095523e+04,1.091672765744095523e+04,1.091672765744095523e+04,1.000000000000000000e+00,1.056317651621459519e-01
5.863974161658293272e-02,1.089159913466982289e+04,1.089159913466982289e+04,1.089159913466982289e+04,1.000000000000000000e+00,1.064540972875867436e-01
5.884267709817971037e-02,1.086654319563558238e+04,1.086654319563558238e+04,1.086654319563558238e+04,1.000000000000000000e+00,1.072827484160365497e-01
5.904631488180842741e-02,1.084155351774679366e+04,1.084155351774679366e+04,1.084155351774679366e+04,1.000000000000000000e+00,1.081177041261385252e-01
5.925065739793686920e-02,1.081662383521957418e+04,1.081662383521957418e+04,1.081662383521957418e+04,1.000000000000000000e+00,1.089589484030391020e-01
5.945570708544388461e-02,1.079174793872147529e+04,1.079174793872147529e+04,1.079174793872147529e+04,1.000000000000000000e+00,1.098064636037808239e-01
5.966146639164875837e-02,1.076691967505132016e+04,1.076691967505132016e+04,1.076691967505132016e+04,1.000000000000000000e+00,1.106602304225353245e-01
5.986793777234009073e-02,1.074213294685477376e+04,1.074213294685477376e+04,1.074213294685477376e+04,1.000000000000000000e+00,1.115202278556785692e-01
6.007512369180531553e-02,1.071738171237369716e+04,1.071738171237369716e+04,1.071738171237369716e+04,1.000000000000000000e+00,1.123864331667276950e-01
6.028302662286003089e-02,1.069265998523076814e+04,1.069265998523076814e+04,1.069265998523076814e+04,1.000000000000000000e+00,1.132588218511535461e-01
6.049164904687769767e-02,1.066796183424708943e+04,1.066796183424708943e+04,1.066796183424708943e+04,1.000000000000000000e+00,1.141373676010816463e-01
6.070099345381892164e-02,1.064328138329315880e+04,1.064328138329315880e+04,1.064328138329315880e+04,1.000000000000000000e+00,1.150220422699014255e-01
6.091106234226146415e-02,1.061861281117230283e+04,1.061861281117230283e+04,1.061861281117230283e+04,1.000000000000000000e+00,1.159128158367911665e-01
6.112185821942988512e-02,1.059395035145277507e+04,1.059395035145277507e+04,1.059395035145277507e+04,1.000000000000000000e+00,1.168096563702655244e-01
6.133338360122554678e-02,1.056928778052020243e+04,1.056928778052020243e+04,1.056928778052020243e+04,1.000000000000000000e+00,1.177125242914691394e-01
6.154564101225674239e-02,1.054461721567673158e+04,1.054461721567673158e+04,1.054461721567673158e+04,1.000000000000000000e+00,1.186213585307289292e-01
6.175863298586858202e-02,1.051993048965023991e+04,1.051993048965023991e+04,1.051993048965023991e+04,1.000000000000000000e+00,1.195360911331546233e-01
6.197236206417339882e-02,1.049521951429835099e+04,1.049521951429835099e+04,1.049521951429835099e+04,1.000000000000000000e+00,1.204566511778368543e-01
6.218683079808103031e-02,1.047047628076018555e+04,1.047047628076018555e+04,1.047047628076018555e+04,1.000000000000000000e+00,1.213829647281363389e-01
6.240204174732941894e-02,1.044569285967014002e+04,1.044569285967014002e+04,1.044569285967014002e+04,1.000000000000000000e+00,1.223149547823433325e-01
6.261799748051490033e-02,1.042086140143116063e+04,1.042086140143116063e+04,1.042086140143116063e+04,1.000000000000000000e+00,1.232525412247260643e-01
6.283470057512301199e-02,1.039597413654790944e+04,1.039597413654790944e+04,1.039597413654790944e+04,1.000000000000000000e+00,1.241956407770341830e-01
6.305215361755921177e-02,1.037102337601782710e+04,1.037102337601782710e+04,1.037102337601782710e+04,1.000000000000000000e+00,1.251441669504953780e-01
6.327035920317990170e-02,1.034600151177889529e+04,1.034600151177889529e+04,1.034600151177889529e+04,1.000000000000000000e+00,1.260980299983480435e-01
6.348931993632314641e-02,1.032090101721328392e+04,1.032090101721328392e+04,1.032090101721328392e+04,1.000000000000000000e+00,1.270571368689638325e-01
6.370903843033993985e-02,1.029571444770630660e+04,1.029571444770630660e+04,1.029571444770630660e+04,1.000000000000000000e+00,1.280213911596141951e-01
6.392951730762523599e-02,1.027043444125746282e+04,1.027043444125746282e+04,1.027043444125746282e+04,1.000000000000000000e+00,1.289906930709110444e-01
6.415075919964959017e-02,1.024505371914518946e+04,1.024505371914518946e+04,1.024505371914518946e+04,1.000000000000000000e+00,1.299649393620048166e-01
6.437276674699012047e-02,1.021956496931569927e+04,1.021956496931569927e+04,1.021956496931569927e+04,1.000000000000000000e+00,1.309440218032552616e-01
6.459554259936226006e-02,1.019395943473689840e+04,1.019395943473689840e+04,1.019395943473689840e+04,1.000000000000000000e+00,1.319278087784752085e-01
6.481908941565137083e-02,1.016822738817857135e+04,1.016822738817857135e+04,1.016822738817857135e+04,1.000000000000000000e+00,1.329161504427904816e-01
6.504340986394456514e-02,1.014235919443750208e+04,1.014235919443750208e+04,1.014235919443750208e+04,1.000000000000000000e+00,1.339088919808185396e-01
6.526850662156231941e-02,1.011634533404150534e+04,1.011634533404150534e+04,1.011634533404150534e+04,1.000000000000000000e+00,1.349058738392100998e-01
6.549438237509058736e-02,1.009017640463780845e+04,1.009017640463780845e+04,1.009017640463780845e+04,1.000000000000000000e+00,1.359069316768551916e-01
6.572103982041284376e-02,1.006384312246835725e+04,1.006384312246835725e+04,1.006384312246835725e+04,1.000000000000000000e+00,1.369118963170595227e-01
6.594848166274218382e-02,1.003733632392757863e+04,1.003733632392757863e+04,1.003733632392757863e+04,1.000000000000000000e+00,1.379205937017701222e-01
6.617671061665388044e-02,1.001064696720263237e+04,1.001064696720263237e+04,1.001064696720263237e+04,1.000000000000000000e+00,1.389328448479864864e-01
6.640572940611734476e-02,9.983766133991372044e+03,9.983766133991372044e+03,9.983766133991372044e+03,1.000000000000000000e+00,1.399484658064209797e-01
6.663554076452898878e-02,9.956685031297713067e+03,9.956685031297713067e+03,9.956685031297713067e+03,1.000000000000000000e+00,1.409672676225535992e-01
6.686614743474465772e-02,9.929394993300598799e+03,9.929394993300598799e+03,9.929394993300598799e+03,1.000000000000000000e+00,1.419890563001599826e-01
6.709755216911260367e-02,9.901887483293952755e+03,9.901887483293952755e+03,9.901887483293952755e+03,1.000000000000000000e+00,1.430136327674316754e-01
6.732975772950601512e-02,9.874154095696365403e+03,9.874154095696365403e+03,9.874154095696365403e+03,1.000000000000000000e+00,1.440407928457952125e-01
6.756276688735617098e-02,9.846186561307069496e+03,9.846186561307069496e+03,9.846186561307069496e+03,1.000000000000000000e+00,1.450703272684107648e-01
6.779658242368545584e-02,9.817977328453898735e+03,9.817977328453898735e+03,9.817977328453898735e+03,1.000000000000000000e+00,1.461020302733394283e-01
6.803120712914076385e-02,9.789520229854799254e+03,9.789520229854799254e+03,9.789520229854799254e+03,1.000000000000000000e+00,1.471357100042762489e-01
6.826664380402641674e-02,9.760809379253074439e+03,9.760809379253074439e+03,9.760809379253074439e+03,1.000000000000000000e+00,1.481711726531190487e-01
6.850289525833785920e-02,9.731839008420036407e+03,9.731839008420036407e+03,9.731839008420036407e+03,1.000000000000000000e+00,1.492082200433828831e-01
6.873996431179509037e-02,9.702603468953715492e+03,9.702603468953715492e+03,9.702603468953715492e+03,1.000000000000000000e+00,1.502466496197049362e-01
6.897785379387653959e-02,9.673097234100077912e+03,9.673097234100077912e+03,9.673097234100077912e+03,1.000000000000000000e+00,1.512862544398943521e-01
6.921656654385245633e-02,9.643314900595945801e+03,9.643314900595945801e+03,9.643314900595945801e+03,1.000000000000000000e+00,1.523268231696137121e-01
6.945610541081906342e-02,9.613251190530652821e+03,9.613251190530652821e+03,9.613251190530652821e+03,1.000000000000000000e+00,1.533681400797648198e-01
6.969647325373246050e-02,9.582900953225402191e+03,9.582900953225402191e+03,9.582900953225402191e+03,1.000000000000000000e+00,1.544099850466735813e-01
6.993767294144294377e-02,9.552259167126863758e+03,9.552259167126863758e+03,9.552259167126863758e+03,1.000000000000000000e+00,1.554521335551339312e-01
7.017970735272888172e-02,9.521320941713869615e+03,9.521320941713869615e+03,9.521320941713869615e+03,1.000000000000000000e+00,1.564943567043981798e-01
7.042257937633135401e-02,9.490081519414925424e+03,9.490081519414925424e+03,9.490081519414925424e+03,1.000000000000000000e+00,1.575364212171939393e-01
7.066629191098858231e-02,9.458536277533370594e+03,9.458536277533370594e+03,9.458536277533370594e+03,1.000000000000000000e+00,1.585780894518377671e-01
7.091084786547041663e-02,9.426680730179325110e+03,9.426680730179325110e+03,9.426680730179325110e+03,1.000000000000000000e+00,1.596191194175321515e-01
7.115625015861326563e-02,9.394510773748690553e+03,9.394510773748690553e+03,9.394510773748690553e+03,1.000000000000000000e+00,1.606592689578520694e-01
7.140250171935470791e-02,9.362024302922907737e+03,9.362024302922907737e+03,9.362024302922907737e+03,1.000000000000000000e+00,1.616983238576841231e-01
7.164960548676854724e-02,9.329220183602668840e+03,9.329220183602668840e+03,9.329220183602668840e+03,1.000000000000000000e+00,1.627360815201621125e-01
7.189756441009981236e-02,9.296097388426711404e+03,9.296097388426711404e+03,9.296097388426711404e+03,1.000000000000000000e+00,1.637723364856985553e-01
7.214638144880028414e-02,9.262654992952184330e+03,9.262654992952184330e+03,9.262654992952184330e+03,1.000000000000000000e+00,1.648068803782056502e-01
7.239605957256328717e-02,9.228892176523395392e+03,9.228892176523395392e+03,9.228892176523395392e+03,1.000000000000000000e+00,1.658395019331621589e-01
7.264660176135956382e-02,9.194808223117344824e+03,9.194808223117344824e+03,9.194808223117344824e+03,1.000000000000000000e+00,1.668699870277894071e-01
7.289801100547255164e-02,9.160402522165590199e+03,9.160402522165590199e+03,9.160402522165590199e+03,1.000000000000000000e+00,1.678981187133821440e-01
7.315029030553445166e-02,9.125674569351573155e+03,9.125674569351573155e+03,9.125674569351573155e+03,1.000000000000000000e+00,1.689236772498142192e-01
7.340344267256157518e-02,9.090623967381819966e+03,9.090623967381819966e+03,9.090623967381819966e+03,1.000000000000000000e+00,1.699464401422470516e-01
7.365747112799059249e-02,9.055250426730715844e+03,9.055250426730715844e+03,9.055250426730715844e+03,1.000000000000000000e+00,1.709661821800782244e-01
7.391237870371442087e-02,9.019553766357019413e+03,9.019553766357019413e+03,9.019553766357019413e+03,1.000000000000000000e+00,1.719826754781384193e-01
7.416816844211872317e-02,8.983533914391946382e+03,8.983533914391946382e+03,8.983533914391946382e+03,1.000000000000000000e+00,1.729956895201802958e-01
7.442484339611775412e-02,8.947190908797296288e+03,8.947190908797296288e+03,8.947190908797296288e+03,1.000000000000000000e+00,1.740049912046680858e-01
7.468240662919113648e-02,8.910524924057390308e+03,8.910524924057390308e+03,8.910524924057390308e+03,1.000000000000000000e+00,1.750103454048293206e-01
7.494086121542026246e-02,8.873537494973625144e+03,8.873537494973625144e+03,8.873537494973625144e+03,1.000000000000000000e+00,1.760115393073271028e-01
7.520021023952522254e-02,8.836232017233751321e+03,8.836232017233751321e+03,8.836232017233751321e+03,1.000000000000000000e+00,1.770083937095348336e-01
7.546045679690126240e-02,8.798612081244042201e+03,8.798612081244042201e+03,8.798612081244042201e+03,1.000000000000000000e+00,1.780007311160766992e-01
7.572160399365597538e-02,8.760681334565735597e+03,8.760681334565735597e+03,8.760681334565735597e+03,1.000000000000000000e+00,1.789883731159965519e-01
7.598365494664624520e-02,8.722443481256150335e+03,8.722443481256150335e+03,8.722443481256150335e+03,1.000000000000000000e+00,1.799711404237069323e-01
7.624661278351570204e-02,8.683902281190803478e+03,8.683902281190803478e+03,8.683902281190803478e+03,1.000000000000000000e+00,1.809488529208299612e-01
7.651048064273166527e-02,8.645061549365284009e+03,8.645061549365284009e+03,8.645061549365284009e+03,1.000000000000000000e+00,1.819213296988802797e-01
7.677526167362287712e-02,8.605925155179158537e+03,8.605925155179158537e+03,8.605925155179158537e+03,1.000000000000000000e+00,1.828883891028416364e-01
7.704095903641698662e-02,8.566497021699906327e+03,8.566497021699906327e+03,8.566497021699906327e+03,1.000000000000000000e+00,1.838498487755811650e-01
7.730757590227825549e-02,8.526781124907933190e+03,8.526781124907933190e+03,8.526781124907933190e+03,1.000000000000000000e+00,1.848055257031053777e-01
7.757511545334563885e-02,8.486781492923635597e+03,8.486781492923635597e+03,8.486781492923635597e+03,1.000000000000000000e+00,1.857552362606749718e-01
7.784358088277033849e-02,8.446502205215258073e+03,8.446502205215258073e+03,8.446502205215258073e+03,1.000000000000000000e+00,1.866987962597297379e-01
7.811297539475424434e-02,8.405947391788507957e+03,8.405947391788507957e+03,8.405947391788507957e+03,1.000000000000000000e+00,1.876360209956486891e-01
7.838330220458801512e-02,8.365121232358416819e+03,8.365121232358416819e+03,8.365121232358416819e+03,1.000000000000000000e+00,1.885667252963074969e-01
7.865456453868968634e-02,8.324028693064070467e+03,8.324028693064070467e+03,8.324028693064070467e+03,1.000000000000000000e+00,1.894907403615185004e-01
7.892676563464282036e-02,8.282678264030051650e+03,8.282678264030051650e+03,8.282678264030051650e+03,1.000000000000000000e+00,1.904079775935142993e-01
7.919990874123543356e-02,8.241079428971212110e+03,8.241079428971212110e+03,8.241079428971212110e+03,1.000000000000000000e+00,1.913183738770899145e-01
7.947399711849857662e-02,8.199241610761228003e+03,8.199241610761228003e+03,8.199241610761228003e+03,1.000000000000000000e+00,1.922218681047811184e-01
7.974903403774552535e-02,8.157174168866527907e+03,8.157174168866527907e+03,8.157174168866527907e+03,1.000000000000000000e+00,1.931184011789813249e-01
8.002502278161049976e-02,8.114886397019929973e+03,8.114886397019929973e+03,8.114886397019929973e+03,1.000000000000000000e+00,1.940079160170631034e-01
8.030196664408799367e-02,8.072387520964582109e+03,8.072387520964582109e+03,8.072387520964582109e+03,1.000000000000000000e+00,1.948903575556999723e-01
8.057986893057203504e-02,8.029686696269133790e+03,8.029686696269133790e+03,8.029686696269133790e+03,1.000000000000000000e+00,1.957656727544104802e-01
8.085873295789587634e-02,7.986793006212075852e+03,7.986793006212075852e+03,7.986793006212075852e+03,1.000000000000000000e+00,1.966338105982995965e-01
8.113856205437119939e-02,7.943715459737577476e+03,7.943715459737577476e+03,7.943715459737577476e+03,1.000000000000000000e+00,1.974947221000484254e-01
8.141935955982809725e-02,7.900462989480107353e+03,7.900462989480107353e+03,7.900462989480107353e+03,1.000000000000000000e+00,1.983483603011173269e-01
8.170112882565475076e-02,7.857044449859670749e+03,7.857044449859670749e+03,7.857044449859670749e+03,1.000000000000000000e+00,1.991946802722091847e-01
8.198387321483782686e-02,7.813468615245889850e+03,7.813468615245889850e+03,7.813468615245889850e+03,1.000000000000000000e+00,2.000336391129743929e-01
8.226759610200205797e-02,7.769744178191442188e+03,7.769744178191442188e+03,7.769744178191442188e+03,1.000000000000000000e+00,2.008651959509828167e-01
8.255230087345090395e-02,7.725879876643038187e+03,7.725879876643038187e+03,7.725879876643038187e+03,1.000000000000000000e+00,2.016893153052225218e-01
8.283799092720682544e-02,7.681887057543217452e+03,7.681887057543217452e+03,7.681887057543217452e+03,1.000000000000000000e+00,2.025060348718459857e-01
8.312466967305182086e-02,7.637779466112539922e+03,7.637779466112539922e+03,7.637779466112539922e+03,1.000000000000000000e+00,2.033154634347125456e-01
8.341234053256840753e-02,7.593570735507848440e+03,7.593570735507848440e+03,7.593570735507848440e+03,1.000000000000000000e+00,2.041177167292401728e-01
8.370100693917999213e-02,7.549274281915958454e+03,7.549274281915958454e+03,7.549274281915958454e+03,1.000000000000000000e+00,2.049129147274579010e-01
8.399067233819214329e-02,7.504903302690630881e+03,7.504903302690630881e+03,7.504903302690630881e+03,1.000000000000000000e+00,2.057011815813399591e-01
8.428134018683360040e-02,7.460470774703344432e+03,7.460470774703344432e+03,7.460470774703344432e+03,1.000000000000000000e+00,2.064826455662603366e-01
8.457301395429780988e-02,7.415989452902646917e+03,7.415989452902646917e+03,7.415989452902646917e+03,1.000000000000000000e+00,2.072574390246298137e-01
8.486569712178386460e-02,7.371471869078365671e+03,7.371471869078365671e+03,7.371471869078365671e+03,1.000000000000000000e+00,2.080256983098358881e-01
8.515939318253841483e-02,7.326930330825226520e+03,7.326930330825226520e+03,7.326930330825226520e+03,1.000000000000000000e+00,2.087875637305429410e-01
8.545410564189712121e-02,7.282376920701708514e+03,7.282376920701708514e+03,7.282376920701708514e+03,1.000000000000000000e+00,2.095431794954610016e-01
8.574983801732688482e-02,7.237823495577966241e+03,7.237823495577966241e+03,7.237823495577966241e+03,1.000000000000000000e+00,2.102926936586191342e-01
8.604659383846730014e-02,7.193281686170447756e+03,7.193281686170447756e+03,7.193281686170447756e+03,1.000000000000000000e+00,2.110362580653058762e-01
8.634437664717313499e-02,7.148762896754962640e+03,7.148762896754962640e+03,7.148762896754962640e+03,1.000000000000000000e+00,2.117740282986509126e-01
8.664318999755644957e-02,7.104278305584256486e+03,7.104278305584256486e+03,7.104278305584256486e+03,1.000000000000000000e+00,2.125061636428152156e-01
8.694303745602925682e-02,7.059839637811317516e+03,7.059839637811317516e+03,7.059839637811317516e+03,1.000000000000000000e+00,2.132328503753014581e-01
8.724392260134571087e-02,7.015460681891628155e+03,7.015460681891628155e+03,7.015460681891628155e+03,1.000000000000000000e+00,2.139543490923571378e-01
8.754584902464510043e-02,6.971155351801374309e+03,6.971155351801374309e+03,6.971155351801374309e+03,1.000000000000000000e+00,2.146709383915757219e-01
8.784882032949453690e-02,6.926937247936007225e+03,6.926937247936007225e+03,6.926937247936007225e+03,1.000000000000000000e+00,2.153829017630647102e-01
8.815284013193228074e-02,6.882819658333471125e+03,6.882819658333471125e+03,6.882819658333471125e+03,1.000000000000000000e+00,2.160905275203051090e-01
8.845791206051044353e-02,6.838815560154496779e+03,6.838815560154496779e+03,6.838815560154496779e+03,1.000000000000000000e+00,2.167941087346277884e-01
8.876403975633863352e-02,6.794937621410806969e+03,6.794937621410806969e+03,6.794937621410806969e+03,1.000000000000000000e+00,2.174939431734597972e-01
8.907122687312724052e-02,6.751198202931638662e+03,6.751198202931638662e+03,6.751198202931638662e+03,1.000000000000000000e+00,2.181903332424700026e-01
8.937947707723108148e-02,6.707609360558714798e+03,6.707609360558714798e+03,6.707609360558714798e+03,1.000000000000000000e+00,2.188835859317428412e-01
8.968879404769340702e-02,6.664182847561138260e+03,6.664182847561138260e+03,6.664182847561138260e+03,1.000000000000000000e+00,2.195740127661332253e-01
8.999918147628936660e-02,6.620930117260273619e+03,6.620930117260273619e+03,6.620930117260273619e+03,1.000000000000000000e+00,2.202619297599055226e-01
9.031064306757033422e-02,6.577862325855887320e+03,6.577862325855887320e+03,6.577862325855887320e+03,1.000000000000000000e+00,2.209476573758086537e-01
9.062318253890803976e-02,6.534990335444346783e+03,6.534990335444346783e+03,6.534990335444346783e+03,1.000000000000000000e+00,2.216315204886971646e-01
9.093680362053921384e-02,6.492324717220169077e+03,6.492324717220169077e+03,6.492324717220169077e+03,1.000000000000000000e+00,2.223138483538300292e-01
9.125151005560962203e-02,6.449876437272169824e+03,6.449876437272169824e+03,6.449876437272169824e+03,1.000000000000000000e+00,2.229949981736348008e-01
9.156730560021909826e-02,6.407659095792565495e+03,6.407659095792565495e+03,6.407659095792565495e+03,1.000000000000000000e+00,2.236754342568726406e-01
9.188419402346616194e-02,6.365686707513309557e+03,6.365686707513309557e+03,6.365686707513309557e+03,1.000000000000000000e+00,2.243556545818456704e-01
9.220217910749337054e-02,6.323972896931764808e+03,6.323972896931764808e+03,6.323972896931764808e+03,1.000000000000000000e+00,2.250361633020474261e-01
9.252126464753195056e-02,6.282530904174980606e+03,6.282530904174980606e+03,6.282530904174980606e+03,1.000000000000000000e+00,2.257174707454365770e-01
9.284145445194745550e-02,6.241373591158341696e+03,6.241373591158341696e+03,6.241373591158341696e+03,1.000000000000000000e+00,2.264000934256532593e-01
9.316275234228496571e-02,6.200513448008770865e+03,6.200513448008770865e+03,6.200513448008770865e+03,1.000000000000000000e+00,2.270845540649167604e-01
9.348516215331517665e-02,6.159962599738051722e+03,6.159962599738051722e+03,6.159962599738051722e+03,1.000000000000000000e+00,2.277713816288704229e-01
9.380868773307948771e-02,6.119732813151921619e+03,6.119732813151921619e+03,6.119732813151921619e+03,1.000000000000000000e+00,2.284611113736196575e-01
9.413333294293645126e-02,6.079835503980850262e+03,6.079835503980850262e+03,6.079835503980850262e+03,1.000000000000000000e+00,2.291542849052121411e-01
9.445910165760754151e-02,6.040281744218801578e+03,6.040281744218801578e+03,6.040281744218801578e+03,1.000000000000000000e+00,2.298514502518092528e-01
9.478599776522381171e-02,6.001082269657175857e+03,6.001082269657175857e+03,6.001082269657175857e+03,1.000000000000000000e+00,2.305531619488181694e-01
9.511402516737178792e-02,5.962247487601427565e+03,5.962247487601427565e+03,5.962247487601427565e+03,1.000000000000000000e+00,2.312599811372411662e-01
9.544318777914033436e-02,5.923787484757528546e+03,5.923787484757528546e+03,5.923787484757528546e+03,1.000000000000000000e+00,2.319724756755003059e-01
9.577348952916736602e-02,5.885712035277605537e+03,5.885712035277605537e+03,5.885712035277605537e+03,1.000000000000000000e+00,2.326912202650421035e-01
9.610493435968660292e-02,5.848030608952831244e+03,5.848030608952831244e+03,5.848030608952831244e+03,1.000000000000000000e+00,2.334167965899759112e-01
9.643752622657493501e-02,5.810752371067005697e+03,5.810752371067005697e+03,5.810752371067005697e+03,1.000000000000000000e+00,2.341497931295005164e-01
9.677126909939920418e-02,5.773885664085863027e+03,5.773885664085863027e+03,5.773885664085863027e+03,1.000000000000000000e+00,2.348907838804618065e-01
9.710616696146384674e-02,5.737437722797649258e+03,5.737437722797649258e+03,5.737437722797649258e+03,1.000000000000000000e+00,2.356403154479094764e-01
9.744222380985834153e-02,5.701415472047268850e+03,5.701415472047268850e+03,5.701415472047268850e+03,1.000000000000000000e+00,2.363989383152450274e-01
9.777944365550515771e-02,5.665825610415332449e+03,5.665825610415332449e+03,5.665825610415332449e+03,1.000000000000000000e+00,2.371672100672444494e-01
9.811783052320721676e-02,5.630674617943070189e+03,5.630674617943070189e+03,5.630674617943070189e+03,1.000000000000000000e+00,2.379456955922003014e-01
9.845738845169621500e-02,5.595968763906173081e+03,5.595968763906173081e+03,5.595968763906173081e+03,1.000000000000000000e+00,2.387349672972765846e-01
9.879812149368066843e-02,5.561714114632995916e+03,5.561714114632995916e+03,5.561714114632995916e+03,1.000000000000000000e+00,2.395356053374035066e-01
9.914003371589458213e-02,5.527916541361381860e+03,5.527916541361381860e+03,5.527916541361381860e+03,1.000000000000000000e+00,2.403481978580077616e-01
9.948312919914557850e-02,5.494581728130599913e+03,5.494581728130599913e+03,5.494581728130599913e+03,1.000000000000000000e+00,2.411733412519443120e-01
9.982741203836383026e-02,5.461715179703169269e+03,5.461715179703169269e+03,5.461715179703169269e+03,1.000000000000000000e+00,2.420116404309429203e-01
1.001728863426508548e-01,5.429322229514058563e+03,5.429322229514058563e+03,5.429322229514058563e+03,1.000000000000000000e+00,2.428637091119839886e-01
1.005195562353288080e-01,5.397408047642526071e+03,5.397408047642526071e+03,5.397408047642526071e+03,1.000000000000000000e+00,2.437301701189290293e-01
1.008674258539892926e-01,5.365977648805162062e+03,5.365977648805162062e+03,5.365977648805162062e+03,1.000000000000000000e+00,2.446116556998761404e-01
1.012164993505429850e-01,5.335035900365972338e+03,5.335035900365972338e+03,5.335035900365972338e+03,1.000000000000000000e+00,2.455088078605923152e-01
1.015667808912690817e-01,5.304587530362467078e+03,5.304587530362467078e+03,5.304587530362467078e+03,1.000000000000000000e+00,2.464222787145280424e-01
1.019182746568653153e-01,5.274636961610413891e+03,5.274636961610413891e+03,5.274636961610413891e+03,1.000000000000000000e+00,2.473527226932061007e-01
1.022709848424974005e-01,5.245185726064119081e+03,5.245185726064119081e+03,5.245185726064119081e+03,1.000000000000000000e+00,2.483006737624000038e-01
1.026249156578493971e-01,5.216233086299446768e+03,5.216233086299446768e+03,5.216233086299446768e+03,1.000000000000000000e+00,2.492665689328097955e-01
1.029800713271738916e-01,5.187778245601976778e+03,5.187778245601976778e+03,5.187778245601976778e+03,1.000000000000000000e+00,2.502508499211557602e-01
1.033364560893423323e-01,5.159820415054124169e+03,5.159820415054124169e+03,5.159820415054124169e+03,1.000000000000000000e+00,2.512539663706568338e-01
1.036940741978959329e-01,5.132358816530400873e+03,5.132358816530400873e+03,5.132358816530400873e+03,1.000000000000000000e+00,2.522763761030438201e-01
1.040529299210959380e-01,5.105392685671340587e+03,5.105392685671340587e+03,5.105392685671340587e+03,1.000000000000000000e+00,2.533185453786548358e-01
1.044130275419749843e-01,5.078921274837773126e+03,5.078921274837773126e+03,5.078921274837773126e+03,1.000000000000000000e+00,2.543809491648718613e-01
1.047743713583878661e-01,5.052943856047016197e+03,5.052943856047016197e+03,5.052943856047016197e+03,1.000000000000000000e+00,2.554640714131575785e-01
1.051369656830634103e-01,5.027459723892463444e+03,5.027459723892463444e+03,5.027459723892463444e+03,1.000000000000000000e+00,2.565684053449694413e-01
1.055008148436552412e-01,5.002468198448264957e+03,5.002468198448264957e+03,5.002468198448264957e+03,1.000000000000000000e+00,2.576944537468190966e-01
1.058659231827938640e-01,4.977968628161122979e+03,4.977968628161122979e+03,4.977968628161122979e+03,1.000000000000000000e+00,2.588427292748083919e-01
1.062322950581383180e-01,4.953960392730149579e+03,4.953960392730149579e+03,4.953960392730149579e+03,1.000000000000000000e+00,2.600137547688929351e-01
1.065999348424285093e-01,4.930442905977777627e+03,4.930442905977777627e+03,4.930442905977777627e+03,1.000000000000000000e+00,2.612080635772643933e-01
1.069688469235369060e-01,4.907415618712305331e+03,4.907415618712305331e+03,4.907415618712305331e+03,1.000000000000000000e+00,2.624261998911015525e-01
1.073390357045212323e-01,4.884877521812089071e+03,4.884877521812089071e+03,4.884877521812089071e+03,1.000000000000000000e+00,2.636686921141126461e-01
1.077105056036768566e-01,4.862821570086224710e+03,4.862821570086224710e+03,4.862821570086224710e+03,1.000000000000000000e+00,2.649357480022102584e-01
1.080832610545898881e-01,4.841236821507497552e+03,4.841236821507497552e+03,4.841236821507497552e+03,1.000000000000000000e+00,2.662273570013047874e-01
1.084573065061895797e-01,4.820112489008954981e+03,4.820112489008954981e+03,4.820112489008954981e+03,1.000000000000000000e+00,2.675435049470303306e-01
1.088326464228016460e-01,4.799438008738615281e+03,4.799438008738615281e+03,4.799438008738615281e+03,1.000000000000000000e+00,2.688841779339105065e-01
1.092092852842015682e-01,4.779203032872663243e+03,4.779203032872663243e+03,4.779203032872663243e+03,1.000000000000000000e+00,2.702493621368802779e-01
1.095872275856683564e-01,4.759397422656359595e+03,4.759397422656359595e+03,4.759397422656359595e+03,1.000000000000000000e+00,2.716390436319625068e-01
1.099664778380375352e-01,4.740011241665612033e+03,4.740011241665612033e+03,4.740011241665612033e+03,1.000000000000000000e+00,2.730532082160409546e-01
1.103470405677554750e-01,4.721034749281766381e+03,4.721034749281766381e+03,4.721034749281766381e+03,1.000000000000000000e+00,2.744918412256632800e-01
1.107289203169333491e-01,4.702458394372293697e+03,4.702458394372293697e+03,4.702458394372293697e+03,1.000000000000000000e+00,2.759549273547794446e-01
1.111121216434011183e-01,4.684272809171269728e+03,4.684272809171269728e+03,4.684272809171269728e+03,1.000000000000000000e+00,2.774424504713805528e-01
1.114966491207623894e-01,4.666468803352350733e+03,4.666468803352350733e+03,4.666468803352350733e+03,1.000000000000000000e+00,2.789543934329415942e-01
1.118825073384485114e-01,4.649037358288923315e+03,4.649037358288923315e+03,4.649037358288923315e+03,1.000000000000000000e+00,2.804907379006460477e-01
1.122697009017734893e-01,4.631969621494621606e+03,4.631969621494621606e+03,4.631969621494621606e+03,1.000000000000000000e+00,2.820514641522942623e-01
1.126582344319890794e-01,4.615256759945616977e+03,4.615256759945616977e+03,4.615256759945616977e+03,1.000000000000000000e+00,2.836365422105118217e-01
1.130481125663400782e-01,4.598886054359521950e+03,4.598886054359521950e+03,4.598886054359521950e+03,1.000000000000000000e+00,2.852456893224629697e-01
1.134393399581191536e-01,4.582840460608706962e+03,4.582840460608706962e+03,4.582840460608706962e+03,1.000000000000000000e+00,2.868783310350824789e-01
1.138319212767228972e-01,4.567102957071138007e+03,4.567102957071138007e+03,4.567102957071138007e+03,1.000000000000000000e+00,2.885338628239836334e-01
1.142258612077071689e-01,4.551656778138017216e+03,4.551656778138017216e+03,4.551656778138017216e+03,1.000000000000000000e+00,2.902116643129246665e-01
1.146211644528434825e-01,4.536485404229366395e+03,4.536485404229366395e+03,4.536485404229366395e+03,1.000000000000000000e+00,2.919110986400609842e-01
1.150178357301746696e-01,4.521572552417454062e+03,4.521572552417454062e+03,4.521572552417454062e+03,1.000000000000000000e+00,2.936315118364682952e-01
1.154158797740713477e-01,4.506902167642713721e+03,4.506902167642713721e+03,4.506902167642713721e+03,1.000000000000000000e+00,2.953722322177009252e-01
1.158153013352883898e-01,4.492458414506521876e+03,4.492458414506521876e+03,4.492458414506521876e+03,1.000000000000000000e+00,2.971325697891042950e-01
1.162161051810220030e-01,4.478225669626568560e+03,4.478225669626568560e+03,4.478225669626568560e+03,1.000000000000000000e+00,2.989118156656973002e-01
1.166182960949659758e-01,4.464188514541586301e+03,4.464188514541586301e+03,4.464188514541586301e+03,1.000000000000000000e+00,3.007092415075000580e-01
1.170218788773691870e-01,4.450331729151583204e+03,4.450331729151583204e+03,4.450331729151583204e+03,1.000000000000000000e+00,3.025240989711512896e-01
1.174268583450927550e-01,4.436640285682070498e+03,4.436640285682070498e+03,4.436640285682070498e+03,1.000000000000000000e+00,3.043556191788253651e-01
1.178332393316678800e-01,4.423099343160196440e+03,4.423099343160196440e+03,4.423099343160196440e+03,1.000000000000000000e+00,3.062030122054026360e-01
1.182410266873529098e-01,4.409693630656145615e+03,4.409693630656145615e+03,4.409693630656145615e+03,1.000000000000000000e+00,3.080654238485172614e-01
1.186502252791916678e-01,4.396404967319071147e+03,4.396404967319071147e+03,4.396404967319071147e+03,1.000000000000000000e+00,3.099417586889475218e-01
1.190608399910714349e-01,4.383214413677007542e+03,4.383214413677007542e+03,4.383214413677007542e+03,1.000000000000000000e+00,3.118308230162626926e-01
1.194728757237811662e-01,4.370103254794360510e+03,4.370103254794360510e+03,4.370103254794360510e+03,1.000000000000000000e+00,3.137313920247827848e-01
1.198863373950703193e-01,4.357052996948181317e+03,4.357052996948181317e+03,4.357052996948181317e+03,1.000000000000000000e+00,3.156422093294417031e-01
1.203012299397070023e-01,4.344045364706874352e+03,4.344045364706874352e+03,4.344045364706874352e+03,1.000000000000000000e+00,3.175619865039207568e-01
1.207175583095372179e-01,4.331062298782094331e+03,4.331062298782094331e+03,4.331062298782094331e+03,1.000000000000000000e+00,3.194894026701786127e-01
1.211353274735438718e-01,4.318085954638082512e+03,4.318085954638082512e+03,4.318085954638082512e+03,1.000000000000000000e+00,3.214231041417500712e-01
1.215545424179063499e-01,4.305098701843036906e+03,4.305098701843036906e+03,4.305098701843036906e+03,1.000000000000000000e+00,3.233617041232578204e-01
1.219752081460594856e-01,4.292083124146854971e+03,4.292083124146854971e+03,4.292083124146854971e+03,1.000000000000000000e+00,3.253037824685843238e-01
1.223973296787537607e-01,4.279022020269529094e+03,4.279022020269529094e+03,4.279022020269529094e+03,1.000000000000000000e+00,3.272478855001862974e-01
1.228209120541147864e-01,4.265898405385517435e+03,4.265898405385517435e+03,4.265898405385517435e+03,1.000000000000000000e+00,3.291925258921379327e-01
1.232459603277041710e-01,4.252695513287321774e+03,4.252695513287321774e+03,4.252695513287321774e+03,1.000000000000000000e+00,3.311361826193542912e-01
1.236724795725789861e-01,4.239396974039048473e+03,4.239396974039048473e+03,4.239396974039048473e+03,1.000000000000000000e+00,3.330773147111629195e-01
1.241004748793528151e-01,4.225987354851554301e+03,4.225987354851554301e+03,4.225987354851554301e+03,1.000000000000000000e+00,3.350144045615067734e-01
1.245299513562563437e-01,4.212451623012520940e+03,4.212451623012520940e+03,4.212451623012520940e+03,1.000000000000000000e+00,3.369459173541977659e-01
1.249609141291986580e-01,4.198774965464729576e+03,4.198774965464729576e+03,4.198774965464729576e+03,1.000000000000000000e+00,3.388702870247671251e-01
1.253933683418279044e-01,4.184942793687057929e+03,4.184942793687057929e+03,4.184942793687057929e+03,1.000000000000000000e+00,3.407859165522290623e-01
1.258273191555929482e-01,4.170940749080223213e+03,4.170940749080223213e+03,4.170940749080223213e+03,1.000000000000000000e+00,3.426911783236009645e-01
1.262627717498049917e-01,4.156754708840804597e+03,4.156754708840804597e+03,4.156754708840804597e+03,1.000000000000000000e+00,3.445844145733128472e-01
1.266997313216995658e-01,4.142370792306940530e+03,4.142370792306940530e+03,4.142370792306940530e+03,1.000000000000000000e+00,3.464639378996090535e-01
1.271382030864980361e-01,4.127775367757703862e+03,4.127775367757703862e+03,4.127775367757703862e+03,1.000000000000000000e+00,3.483280318599402126e-01
1.275781922774703592e-01,4.112955059648647875e+03,4.112955059648647875e+03,4.112955059648647875e+03,1.000000000000000000e+00,3.501749516473635637e-01
1.280197041459972818e-01,4.097896756263900897e+03,4.097896756263900897e+03,4.097896756263900897e+03,1.000000000000000000e+00,3.520029248497508756e-01
1.284627439616329858e-01,4.082587617765942014e+03,4.082587617765942014e+03,4.082587617765942014e+03,1.000000000000000000e+00,3.538101522936643595e-01
1.289073170121684819e-01,4.067015310103267439e+03,4.067015310103267439e+03,4.067015310103267439e+03,1.000000000000000000e+00,3.555948286892098298e-01
1.293534286036938930e-01,4.051170947929976592e+03,4.051170947929976592e+03,4.051170947929976592e+03,1.000000000000000000e+00,3.573554033449741762e-01
1.298010840606623473e-01,4.035048218479611478e+03,4.035048218479611478e+03,4.035048218479611478e+03,1.000000000000000000e+00,3.590905148700337945e-01
1.302502887259533171e-01,4.018641076558713394e+03,4.018641076558713394e+03,4.018641076558713394e+03,1.000000000000000000e+00,3.607987937466200501e-01
1.307010479609367892e-01,4.001943694699921707e+03,4.001943694699921707e+03,4.001943694699921707e+03,1.000000000000000000e+00,3.624788584055738672e-01
1.311533671455365757e-01,3.984950468545104286e+03,3.984950468545104286e+03,3.984950468545104286e+03,1.000000000000000000e+00,3.641293161307318504e-01
1.316072516782949842e-01,3.967656022247045712e+03,3.967656022247045712e+03,3.967656022247045712e+03,1.000000000000000000e+00,3.657487640085400615e-01
1.320627069764370720e-01,3.950055213878251834e+03,3.950055213878251834e+03,3.950055213878251834e+03,1.000000000000000000e+00,3.673357899229386381e-01
1.325197384759356223e-01,3.932143140835632948e+03,3.932143140835632948e+03,3.932143140835632948e+03,1.000000000000000000e+00,3.688889735955170335e-01
1.329783516315755920e-01,3.913915145229220343e+03,3.913915145229220343e+03,3.913915145229220343e+03,1.000000000000000000e+00,3.704068876708094815e-01
1.334385519170193102e-01,3.895366819242695783e+03,3.895366819242695783e+03,3.895366819242695783e+03,1.000000000000000000e+00,3.718880988465204096e-01
1.339003448248719530e-01,3.876494010453928695e+03,3.876494010453928695e+03,3.876494010453928695e+03,1.000000000000000000e+00,3.733311690483994694e-01
1.343637358667472692e-01,3.857293427782476101e+03,3.857293427782476101e+03,3.857293427782476101e+03,1.000000000000000000e+00,3.747347150051659748e-01
1.348287305733328889e-01,3.837767292666992489e+03,3.837767292666992489e+03,3.837767292666992489e+03,1.000000000000000000e+00,3.760978673641683367e-01
1.352953344944566316e-01,3.817920694032226493e+03,3.817920694032226493e+03,3.817920694032226493e+03,1.000000000000000000e+00,3.774200325025436897e-01
1.357635531991525923e-01,3.797758835920991714e+03,3.797758835920991714e+03,3.797758835920991714e+03,1.000000000000000000e+00,3.787006304742154827e-01
1.362333922757280325e-01,3.777287011585362052e+03,3.777287011585362052e+03,3.777287011585362052e+03,1.000000000000000000e+00,3.799390931329848509e-01
1.367048573318294935e-01,3.756510601084689370e+03,3.756510601084689370e+03,3.756510601084689370e+03,1.000000000000000000e+00,3.811348645201607099e-01
1.371779539945099657e-01,3.735435068836980463e+03,3.735435068836980463e+03,3.735435068836980463e+03,1.000000000000000000e+00,3.822874012478957306e-01
1.376526879102962508e-01,3.714065961126114871e+03,3.714065961126114871e+03,3.714065961126114871e+03,1.000000000000000000e+00,3.833961728779670675e-01
1.381290647452558806e-01,3.692408903566018580e+03,3.692408903566018580e+03,3.692408903566018580e+03,1.000000000000000000e+00,3.844606622956091568e-01
1.386070901850655068e-01,3.670469598523673085e+03,3.670469598523673085e+03,3.670469598523673085e+03,1.000000000000000000e+00,3.854803660780923846e-01
1.390867699350778752e-01,3.648253822502551429e+03,3.648253822502551429e+03,3.648253822502551429e+03,1.000000000000000000e+00,3.864547948576769754e-01
1.395681097203904930e-01,3.625767489051764642e+03,3.625767489051764642e+03,3.625767489051764642e+03,1.000000000000000000e+00,3.873834806835508848e-01
1.400511152859136854e-01,3.603020166052254353e+03,3.603020166052254353e+03,3.603020166052254353e+03,1.000000000000000000e+00,3.882663569914807655e-01
1.405357923964395961e-01,3.580026742317675598e+03,3.580026742317675598e+03,3.580026742317675598e+03,1.000000000000000000e+00,3.891039569894647054e-01
1.410221468367103548e-01,3.556802372510269834e+03,3.556802372510269834e+03,3.556802372510269834e+03,1.000000000000000000e+00,3.898968849008009330e-01
1.415101844114875496e-01,3.533362019947389399e+03,3.533362019947389399e+03,3.533362019947389399e+03,1.000000000000000000e+00,3.906457675906181981e-01
1.419999109456212549e-01,3.509720448346591184e+03,3.509720448346591184e+03,3.509720448346591184e+03,1.000000000000000000e+00,3.913512536919665497e-01
1.424913322841200869e-01,3.485892214086446529e+03,3.485892214086446529e+03,3.485892214086446529e+03,1.000000000000000000e+00,3.920140127325713042e-01
1.429844542922202311e-01,3.461891658976915551e+03,3.461891658976915551e+03,3.461891658976915551e+03,1.000000000000000000e+00,3.926347342635672644e-01
1.434792828554558863e-01,3.437732903532389628e+03,3.437732903532389628e+03,3.437732903532389628e+03,1.000000000000000000e+00,3.932141269915082615e-01
1.439758238797292367e-01,3.413429840740460349e+03,3.413429840740460349e+03,3.413429840740460349e+03,1.000000000000000000e+00,3.937529179149494296e-01
1.444740832913815887e-01,3.388996130317961615e+03,3.388996130317961615e+03,3.388996130317961615e+03,1.000000000000000000e+00,3.942518514667726071e-01
1.449740670372631768e-01,3.364445264893237891e+03,3.364445264893237891e+03,3.364445264893237891e+03,1.000000000000000000e+00,3.947116970455204488e-01
1.454757810848047728e-01,3.339793676030856204e+03,3.339793676030856204e+03,3.339793676030856204e+03,1.000000000000000000e+00,3.951336165707242665e-01
1.459792314220886011e-01,3.315061820811584312e+03,3.315061820811584312e+03,3.315061820811584312e+03,1.000000000000000000e+00,3.955193097063343655e-01
1.464844240579201984e-01,3.290269994586149096e+03,3.290269994586149096e+03,3.290269994586149096e+03,1.000000000000000000e+00,3.958705314214963078e-01
1.469913650218997170e-01,3.265437999115913499e+03,3.265437999115913499e+03,3.265437999115913499e+03,1.000000000000000000e+00,3.961890522956371674e-01
1.475000603644939512e-01,3.240585139180682290e+03,3.240585139180682290e+03,3.240585139180682290e+03,1.000000000000000000e+00,3.964766569730617252e-01
1.480105161571087791e-01,3.215730220319746422e+03,3.215730220319746422e+03,3.215730220319746422e+03,1.000000000000000000e+00,3.967351426942208881e-01
1.485227384921612714e-01,3.190891547662659377e+03,3.190891547662659377e+03,3.190891547662659377e+03,1.000000000000000000e+00,3.969663179053241064e-01
1.490367334831530777e-01,3.166086925805834198e+03,3.166086925805834198e+03,3.166086925805834198e+03,1.000000000000000000e+00,3.971720009477965330e-01
1.495525072647425346e-01,3.141333659691373214e+03,3.141333659691373214e+03,3.141333659691373214e+03,1.000000000000000000e+00,3.973540188289343966e-01
1.500700659928183855e-01,3.116648556443861253e+03,3.116648556443861253e+03,3.116648556443861253e+03,1.000000000000000000e+00,3.975142060749010109e-01
1.505894158445730269e-01,3.092048486762500033e+03,3.092048486762500033e+03,3.092048486762500033e+03,1.000000000000000000e+00,3.976544755113960994e-01
1.511105630185768378e-01,3.067553806759532563e+03,3.067553806759532563e+03,3.067553806759532563e+03,1.000000000000000000e+00,3.977772635130228940e-01
1.516335137348511497e-01,3.043185978618273566e+03,3.043185978618273566e+03,3.043185978618273566e+03,1.000000000000000000e+00,3.978852388272640095e-01
1.521582742349432971e-01,3.018965792389625676e+03,3.018965792389625676e+03,3.018965792389625676e+03,1.000000000000000000e+00,3.979810755798466881e-01
1.526848507820006140e-01,2.994913367890479094e+03,2.994913367890479094e+03,2.994913367890479094e+03,1.000000000000000000e+00,3.980674513962322858e-01
1.532132496608458461e-01,2.971048165556163895e+03,2.971048165556163895e+03,2.971048165556163895e+03,1.000000000000000000e+00,3.981470466697871746e-01
1.537434771780512577e-01,2.947388998587537117e+03,2.947388998587537117e+03,2.947388998587537117e+03,1.000000000000000000e+00,3.982225440103140390e-01
1.542755396620146546e-01,2.923954046314503557e+03,2.923954046314503557e+03,2.923954046314503557e+03,1.000000000000000000e+00,3.982966278732041898e-01
1.548094434630343241e-01,2.900760868701342588e+03,2.900760868701342588e+03,2.900760868701342588e+03,1.000000000000000000e+00,3.983719843694945029e-01
1.553451949533855847e-01,2.877826421920738539e+03,2.877826421920738539e+03,2.877826421920738539e+03,1.000000000000000000e+00,3.984513012569390611e-01
1.558828005273960593e-01,2.855167017206854325e+03,2.855167017206854325e+03,2.855167017206854325e+03,1.000000000000000000e+00,3.985372600554264455e-01
1.564222666015223917e-01,2.832797579107602360e+03,2.832797579107602360e+03,2.832797579107602360e+03,1.000000000000000000e+00,3.986324292303484174e-01
1.569635996144266021e-01,2.810731901494938484e+03,2.810731901494938484e+03,2.810731901494938484e+03,1.000000000000000000e+00,3.987392937675947047e-01
1.575068060270535808e-01,2.788983276682075484e+03,2.788983276682075484e+03,2.788983276682075484e+03,1.000000000000000000e+00,3.988603397283807528e-01
1.580518923227072214e-01,2.767564528454612173e+03,2.767564528454612173e+03,2.767564528454612173e+03,1.000000000000000000e+00,3.989980571131803155e-01
1.585988650071284145e-01,2.746488030760678612e+03,2.746488030760678612e+03,2.746488030760678612e+03,1.000000000000000000e+00,3.991549408174955849e-01
1.591477306085727073e-01,2.725765726921710666e+03,2.725765726921710666e+03,2.725765726921710666e+03,1.000000000000000000e+00,3.993334917435130693e-01
1.596984956778877696e-01,2.705409149324980717e+03,2.705409149324980717e+03,2.705409149324980717e+03,1.000000000000000000e+00,3.995362180684219888e-01
1.602511667885924418e-01,2.685429439562611606e+03,2.685429439562611606e+03,2.685429439562611606e+03,1.000000000000000000e+00,3.997656366704401831e-01
1.608057505369541729e-01,2.665837368984506156e+03,2.665837368984506156e+03,2.665837368984506156e+03,1.000000000000000000e+00,4.000242747137633392e-01
1.613622535420683179e-01,2.646642788801652841e+03,2.646642788801652841e+03,2.646642788801652841e+03,1.000000000000000000e+00,4.003145850531328320e-01
1.619206824459369920e-01,2.627850502978996246e+03,2.627850502978996246e+03,2.627850502978996246e+03,1.000000000000000000e+00,4.006383122430218768e-01
1.624810439135487838e-01,2.609462816447010937e+03,2.609462816447010937e+03,2.609462816447010937e+03,1.000000000000000000e+00,4.009968542388913093e-01
1.630433446329574154e-01,2.591481936567719458e+03,2.591481936567719458e+03,2.591481936567719458e+03,1.000000000000000000e+00,4.013916194743631372e-01
1.636075913153623163e-01,2.573910000332791242e+03,2.573910000332791242e+03,2.573910000332791242e+03,1.000000000000000000e+00,4.018240306754741198e-01
1.641737906951882264e-01,2.556749084103542373e+03,2.556749084103542373e+03,2.556749084103542373e+03,1.000000000000000000e+00,4.022955261134036342e-01
1.647419495301663539e-01,2.540001213322607782e+03,2.540001213322607782e+03,2.540001213322607782e+03,1.000000000000000000e+00,4.028075609120743694e-01
1.653120746014139497e-01,2.523668372201429065e+03,2.523668372201429065e+03,2.523668372201429065e+03,1.000000000000000000e+00,4.033616084122094159e-01
1.658841727135159927e-01,2.507752513387505587e+03,2.507752513387505587e+03,2.507752513387505587e+03,1.000000000000000000e+00,4.039591615934562396e-01
1.664582506946060414e-01,2.492255544274483782e+03,2.492255544274483782e+03,2.492255544274483782e+03,1.000000000000000000e+00,4.046017307669426688e-01
1.670343153964483351e-01,2.477176160887851438e+03,2.477176160887851438e+03,2.477176160887851438e+03,1.000000000000000000e+00,4.052903253862916166e-01
1.676123736945186182e-01,2.462506733753577919e+03,2.462506733753577919e+03,2.462506733753577919e+03,1.000000000000000000e+00,4.060249202362243848e-01
1.681924324880869903e-01,2.448239096721048099e+03,2.448239096721048099e+03,2.448239096721048099e+03,1.000000000000000000e+00,4.068053767164486190e-01
1.687744987002996466e-01,2.434365320605835223e+03,2.434365320605835223e+03,2.434365320605835223e+03,1.000000000000000000e+00,4.076315683774746623e-01
1.693585792782623667e-01,2.420877705862655148e+03,2.420877705862655148e+03,2.420877705862655148e+03,1.000000000000000000e+00,4.085033806192782668e-01
1.699446811931224210e-01,2.407768775508818635e+03,2.407768775508818635e+03,2.407768775508818635e+03,1.000000000000000000e+00,4.094207103962215211e-01
1.705328114401524209e-01,2.395031268288773845e+03,2.395031268288773845e+03,2.395031268288773845e+03,1.000000000000000000e+00,4.103834659279280150e-01
1.711229770388335569e-01,2.382658132070357169e+03,2.382658132070357169e+03,2.382658132070357169e+03,1.000000000000000000e+00,4.113915664157006824e-01
1.717151850329393659e-01,2.370642517457431950e+03,2.370642517457431950e+03,2.370642517457431950e+03,1.000000000000000000e+00,4.124449417630181580e-01
1.723094424906203015e-01,2.358975853774814823e+03,2.358975853774814823e+03,2.358975853774814823e+03,1.000000000000000000e+00,4.135431960911430949e-01
1.729057565044872236e-01,2.347642511610106794e+03,2.347642511610106794e+03,2.347642511610106794e+03,1.000000000000000000e+00,4.146846529431391648e-01
1.735041341916967184e-01,2.336625486894639380e+03,2.336625486894639380e+03,2.336625486894639380e+03,1.000000000000000000e+00,4.158673190265736452e-01
1.741045826940355312e-01,2.325908144943169191e+03,2.325908144943169191e+03,2.325908144943169191e+03,1.000000000000000000e+00,4.170891866181192786e-01
1.747071091780067476e-01,2.315474201400731545e+03,2.315474201400731545e+03,2.315474201400731545e+03,1.000000000000000000e+00,4.183482314397807267e-01
1.753117208349140310e-01,2.305307704360278876e+03,2.305307704360278876e+03,2.305307704360278876e+03,1.000000000000000000e+00,4.196424106345372773e-01
1.759184248809484152e-01,2.295393017606808826e+03,2.295393017606808826e+03,2.295393017606808826e+03,1.000000000000000000e+00,4.209696608422596187e-01
1.765272285572738742e-01,2.285714804946287131e+03,2.285714804946287131e+03,2.285714804946287131e+03,1.000000000000000000e+00,4.223278963769193095e-01
1.771381391301145025e-01,2.276258015149031053e+03,2.276258015149031053e+03,2.276258015149031053e+03,1.000000000000000000e+00,4.237150074261373245e-01
1.777511638908402525e-01,2.267006761348418877e+03,2.267006761348418877e+03,2.267006761348418877e+03,1.000000000000000000e+00,4.251286508407872700e-01
1.783663101560545583e-01,2.257941944082626833e+03,2.257941944082626833e+03,2.257941944082626833e+03,1.000000000000000000e+00,4.265657942700358252e-01
1.789835852676814609e-01,2.249044097475403760e+03,2.249044097475403760e+03,2.249044097475403760e+03,1.000000000000000000e+00,4.280232343614587820e-01
1.796029965930536765e-01,2.240294071704877297e+03,2.240294071704877297e+03,2.240294071704877297e+03,1.000000000000000000e+00,4.294977237984811680e-01
1.802245515249998320e-01,2.231673020262478531e+03,2.231673020262478531e+03,2.231673020262478531e+03,1.000000000000000000e+00,4.309859698230715241e-01
1.808482574819330335e-01,2.223162388816110706e+03,2.223162388816110706e+03,2.223162388816110706e+03,1.000000000000000000e+00,4.324846330075713952e-01
1.814741219079394063e-01,2.214743905633213672e+03,2.214743905633213672e+03,2.214743905633213672e+03,1.000000000000000000e+00,4.339903262818970986e-01
1.821021522728672459e-01,2.206399573521966431e+03,2.206399573521966431e+03,2.206399573521966431e+03,1.000000000000000000e+00,4.354996142226522648e-01
1.827323560724155860e-01,2.198111642147299790e+03,2.198111642147299790e+03,2.198111642147299790e+03,1.000000000000000000e+00,4.370090084152503662e-01
1.833647408282239322e-01,2.189861850800861703e+03,2.189861850800861703e+03,2.189861850800861703e+03,1.000000000000000000e+00,4.385148165313157986e-01
1.839993140879621625e-01,2.181631233298353891e+03,2.181631233298353891e+03,2.181631233298353891e+03,1.000000000000000000e+00,4.400130982709513083e-01
1.846360834254202610e-01,2.173401044217573144e+03,2.173401044217573144e+03,2.173401044217573144e+03,1.000000000000000000e+00,4.414998473762083986e-01
1.852750564405994949e-01,2.165152821609811326e+03,2.165152821609811326e+03,2.165152821609811326e+03,1.000000000000000000e+00,4.429710050171920543e-01
1.859162407598020095e-01,2.156868387734258704e+03,2.156868387734258704e+03,2.156868387734258704e+03,1.000000000000000000e+00,4.444224610010028553e-01
1.865596440357226993e-01,2.148529851335876629e+03,2.148529851335876629e+03,2.148529851335876629e+03,1.000000000000000000e+00,4.458500553576233427e-01
1.872052739475399408e-01,2.140119611423576771e+03,2.140119611423576771e+03,2.140119611423576771e+03,1.000000000000000000e+00,4.472495803103296308e-01
1.878531382010082129e-01,2.131620362504910645e+03,2.131620362504910645e+03,2.131620362504910645e+03,1.000000000000000000e+00,4.486167826378150147e-01
1.885032445285488023e-01,2.123015779326339270e+03,2.123015779326339270e+03,2.123015779326339270e+03,1.000000000000000000e+00,4.499475101484251005e-01
1.891556006893429509e-01,2.114292599795800925e+03,2.114292599795800925e+03,2.114292599795800925e+03,1.000000000000000000e+00,4.512381627124417149e-01
1.898102144694240045e-01,2.105438527561857427e+03,2.105438527561857427e+03,2.105438527561857427e+03,1.000000000000000000e+00,4.524852636105672898e-01
1.904670936817711158e-01,2.096441523917062568e+03,2.096441523917062568e+03,2.096441523917062568e+03,1.000000000000000000e+00,4.536853129886960767e-01
1.911262461664013645e-01,2.087289816149680064e+03,2.087289816149680064e+03,2.087289816149680064e+03,1.000000000000000000e+00,4.548347911584108005e-01
1.917876797904641273e-01,2.077971906538925396e+03,2.077971906538925396e+03,2.077971906538925396e+03,1.000000000000000000e+00,4.559301621597231513e-01
1.924514024483345853e-01,2.068476581958648239e+03,2.068476581958648239e+03,2.068476581958648239e+03,1.000000000000000000e+00,4.569678775861740760e-01
1.931174220617085657e-01,2.058792924053465867e+03,2.058792924053465867e+03,2.058792924053465867e+03,1.000000000000000000e+00,4.579443806718251353e-01
1.937857465796961609e-01,2.048910833749966514e+03,2.048910833749966514e+03,2.048910833749966514e+03,1.000000000000000000e+00,4.588562257050747273e-01
1.944563839789172077e-01,2.038824142527217646e+03,2.038824142527217646e+03,2.038824142527217646e+03,1.000000000000000000e+00,4.597007855274927723e-01
1.951293422635962393e-01,2.028528484076045288e+03,2.028528484076045288e+03,2.028528484076045288e+03,1.000000000000000000e+00,4.604757982184934373e-01
1.958046294656586028e-01,2.018019717915038427e+03,2.018019717915038427e+03,2.018019717915038427e+03,1.000000000000000000e+00,4.611790206468780462e-01
1.964822536448254109e-01,2.007293929034317671e+03,2.007293929034317671e+03,2.007293929034317671e+03,1.000000000000000000e+00,4.618082302278351814e-01
1.971622228887102701e-01,1.996347433790798959e+03,1.996347433790798959e+03,1.996347433790798959e+03,1.000000000000000000e+00,4.623612281568599269e-01
1.978445453129155929e-01,1.985176785763184171e+03,1.985176785763184171e+03,1.985176785763184171e+03,1.000000000000000000e+00,4.628358427208082437e-01
1.985292290611300470e-01,1.973778781548527832e+03,1.973778781548527832e+03,1.973778781548527832e+03,1.000000000000000000e+00,4.632299326814712792e-01
1.992162823052248677e-01,1.962151650047648673e+03,1.962151650047648673e+03,1.962151650047648673e+03,1.000000000000000000e+00,4.635416703340323741e-01
1.999057132453519181e-01,1.950301073169845267e+03,1.950301073169845267e+03,1.950301073169845267e+03,1.000000000000000000e+00,4.637709845644625295e-01
2.005975301100414998e-01,1.938235509428924615e+03,1.938235509428924615e+03,1.938235509428924615e+03,1.000000000000000000e+00,4.639184998576135754e-01
2.012917411563003023e-01,1.925963399970972660e+03,1.925963399970972660e+03,1.925963399970972660e+03,1.000000000000000000e+00,4.639848854179651205e-01
2.019883546697106846e-01,1.913493156125502537e+03,1.913493156125502537e+03,1.913493156125502537e+03,1.000000000000000000e+00,4.639708526643774311e-01
2.026873789645286250e-01,1.900833152495784816e+03,1.900833152495784816e+03,1.900833152495784816e+03,1.000000000000000000e+00,4.638771539484012885e-01
2.033888223837833908e-01,1.887991720274300405e+03,1.887991720274300405e+03,1.887991720274300405e+03,1.000000000000000000e+00,4.637045812504670406e-01
2.040926932993770981e-01,1.874977142911268174e+03,1.874977142911268174e+03,1.874977142911268174e+03,1.000000000000000000e+00,4.634539653814622739e-01
2.047990001121850479e-01,1.861799480105359407e+03,1.861799480105359407e+03,1.861799480105359407e+03,1.000000000000000000e+00,4.631266299284879651e-01
2.055077512521550909e-01,1.848473822845895938e+03,1.848473822845895938e+03,1.848473822845895938e+03,1.000000000000000000e+00,4.627252206672920476e-01
2.062189551784089636e-01,1.835015887219931301e+03,1.835015887219931301e+03,1.835015887219931301e+03,1.000000000000000000e+00,4.622526359314501065e-01
2.069326203793427077e-01,1.821441080683287964e+03,1.821441080683287964e+03,1.821441080683287964e+03,1.000000000000000000e+00,4.617117955631552806e-01
2.076487553727289770e-01,1.807764492329753011e+03,1.807764492329753011e+03,1.807764492329753011e+03,1.000000000000000000e+00,4.611056366652547256e-01
2.083673687058173740e-01,1.794000884345960912e+03,1.794000884345960912e+03,1.794000884345960912e+03,1.000000000000000000e+00,4.604371095177742235e-01
2.090884689554373121e-01,1.780164684619180662e+03,1.780164684619180662e+03,1.780164684619180662e+03,1.000000000000000000e+00,4.597091736634318360e-01
2.098120647280999618e-01,1.766270231028457601e+03,1.766270231028457601e+03,1.766270231028457601e+03,1.000000000000000000e+00,4.589248592694761264e-01
2.105381646601018619e-01,1.752335590648596963e+03,1.752335590648596963e+03,1.752335590648596963e+03,1.000000000000000000e+00,4.580882653097763657e-01
2.112667774176266167e-01,1.738381655782077814e+03,1.738381655782077814e+03,1.738381655782077814e+03,1.000000000000000000e+00,4.572043519160559066e-01
2.119979116968492838e-01,1.724428817454660702e+03,1.724428817454660702e+03,1.724428817454660702e+03,1.000000000000000000e+00,4.562780831191180497e-01
2.127315762240397090e-01,1.710496864354869786e+03,1.710496864354869786e+03,1.710496864354869786e+03,1.000000000000000000e+00,4.553143963748224610e-01
2.134677797556673862e-01,1.696604983736309805e+03,1.696604983736309805e+03,1.696604983736309805e+03,1.000000000000000000e+00,4.543181983548774117e-01
2.142065310785050414e-01,1.682771764517339079e+03,1.682771764517339079e+03,1.682771764517339079e+03,1.000000000000000000e+00,4.532943612649388276e-01
2.149478390097340486e-01,1.669015195639019794e+03,1.669015195639019794e+03,1.669015195639019794e+03,1.000000000000000000e+00,4.522477178358144667e-01
2.156917123970494010e-01,1.655351652643146508e+03,1.655351652643146508e+03,1.655351652643146508e+03,1.000000000000000000e+00,4.511827804581147183e-01
2.164381601187654325e-01,1.641794866248575545e+03,1.641794866248575545e+03,1.641794866248575545e+03,1.000000000000000000e+00,4.501034456258803940e-01
2.171871910839222874e-01,1.628357845512573931e+03,1.628357845512573931e+03,1.628357845512573931e+03,1.000000000000000000e+00,4.490135031755232431e-01
2.179388142323913369e-01,1.615053153286650058e+03,1.615053153286650058e+03,1.615053153286650058e+03,1.000000000000000000e+00,4.479167068813370567e-01
2.186930385349822314e-01,1.601892916725926852e+03,1.601892916725926852e+03,1.601892916725926852e+03,1.000000000000000000e+00,4.468167737311350973e-01
2.194498729935501213e-01,1.588888838724598145e+03,1.588888838724598145e+03,1.588888838724598145e+03,1.000000000000000000e+00,4.457173835127767880e-01
2.202093266411033756e-01,1.576052210405663345e+03,1.576052210405663345e+03,1.576052210405663345e+03,1.000000000000000000e+00,4.446221787594303865e-01
2.209714085419106355e-01,1.563394880298149474e+03,1.563394880298149474e+03,1.563394880298149474e+03,1.000000000000000000e+00,4.435350361796863705e-01
2.217361277916095053e-01,1.550931437790050040e+03,1.550931437790050040e+03,1.550931437790050040e+03,1.000000000000000000e+00,4.424606936890942421e-01
2.225034935173148543e-01,1.538676623206889872e+03,1.538676623206889872e+03,1.538676623206889872e+03,1.000000000000000000e+00,4.414040287940934615e-01
2.232735148777283685e-01,1.526644677987002979e+03,1.526644677987002979e+03,1.526644677987002979e+03,1.000000000000000000e+00,4.403698718649144972e-01
2.240462010632469636e-01,1.514849367857312018e+03,1.514849367857312018e+03,1.514849367857312018e+03,1.000000000000000000e+00,4.393630083618572657e-01
2.248215612960731136e-01,1.503304007242301168e+03,1.503304007242301168e+03,1.503304007242301168e+03,1.000000000000000000e+00,4.383881815845298013e-01
2.255996048303243462e-01,1.492021484035944013e+03,1.492021484035944013e+03,1.492021484035944013e+03,1.000000000000000000e+00,4.374500957033607418e-01
2.263803409521447096e-01,1.481011254947131192e+03,1.481011254947131192e+03,1.481011254947131192e+03,1.000000000000000000e+00,4.365525259974932792e-01
2.271637789798145735e-01,1.470272669048746366e+03,1.470272669048746366e+03,1.470272669048746366e+03,1.000000000000000000e+00,4.356963126359786331e-01
2.279499282638621227e-01,1.459803107203287254e+03,1.459803107203287254e+03,1.459803107203287254e+03,1.000000000000000000e+00,4.348817054871861876e-01
2.287387981871750742e-01,1.449600028332671400e+03,1.449600028332671400e+03,1.449600028332671400e+03,1.000000000000000000e+00,4.341089610685370248e-01
2.295303981651131142e-01,1.439660969855936401e+03,1.439660969855936401e+03,1.439660969855936401e+03,1.000000000000000000e+00,4.333783428984576136e-01
2.303247376456193374e-01,1.429983548139297000e+03,1.429983548139297000e+03,1.429983548139297000e+03,1.000000000000000000e+00,4.326901218521380099e-01
2.311218261093335724e-01,1.420565449145491584e+03,1.420565449145491584e+03,1.420565449145491584e+03,1.000000000000000000e+00,4.320445735362506423e-01
2.319216730697055695e-01,1.411403127999075195e+03,1.411403127999075195e+03,1.411403127999075195e+03,1.000000000000000000e+00,4.314415809097765786e-01
2.327242880731080765e-01,1.402490550274263342e+03,1.402490550274263342e+03,1.402490550274263342e+03,1.000000000000000000e+00,4.308802376842100212e-01
2.335296806989518859e-01,1.393821550110026465e+03,1.393821550110026465e+03,1.393821550110026465e+03,1.000000000000000000e+00,4.303595569475056615e-01
2.343378605597986886e-01,1.385390139070230362e+03,1.385390139070230362e+03,1.385390139070230362e+03,1.000000000000000000e+00,4.298785657966138762e-01
2.351488373014767319e-01,1.377190499611869654e+03,1.377190499611869654e+03,1.377190499611869654e+03,1.000000000000000000e+00,4.294363044846835065e-01
2.359626206031955609e-01,1.369216978798179525e+03,1.369216978798179525e+03,1.369216978798179525e+03,1.000000000000000000e+00,4.290318255919924884e-01
2.367792201776623695e-01,1.361463827917334356e+03,1.361463827917334356e+03,1.361463827917334356e+03,1.000000000000000000e+00,4.286641131429937412e-01
2.375986457711965760e-01,1.353921156725113178e+03,1.353921156725113178e+03,1.353921156725113178e+03,1.000000000000000000e+00,4.283308018198871414e-01
2.384209071638471178e-01,1.346575744782601760e+03,1.346575744782601760e+03,1.346575744782601760e+03,1.000000000000000000e+00,4.280284036647711288e-01
2.392460141695085529e-01,1.339414571749970037e+03,1.339414571749970037e+03,1.339414571749970037e+03,1.000000000000000000e+00,4.277534108349150821e-01
2.400739766360393823e-01,1.332424912971835283e+03,1.332424912971835283e+03,1.332424912971835283e+03,1.000000000000000000e+00,4.275023282541428049e-01
2.409048044453779847e-01,1.325594324469741878e+03,1.325594324469741878e+03,1.325594324469741878e+03,1.000000000000000000e+00,4.272716715115281172e-01
2.417385075136614936e-01,1.318910629024473337e+03,1.318910629024473337e+03,1.318910629024473337e+03,1.000000000000000000e+00,4.270579650144838979e-01
2.425750957913438699e-01,1.312360943379693936e+03,1.312360943379693936e+03,1.312360943379693936e+03,1.000000000000000000e+00,4.268574281699111794e-01
2.434145792633153338e-01,1.305929332023591087e+03,1.305929332023591087e+03,1.305929332023591087e+03,1.000000000000000000e+00,4.266652043933615857e-01
2.442569679490203260e-01,1.299599459291951689e+03,1.299599459291951689e+03,1.299599459291951689e+03,1.000000000000000000e+00,4.264762101737885613e-01
2.451022719025780783e-01,1.293355304952348433e+03,1.293355304952348433e+03,1.293355304952348433e+03,1.000000000000000000e+00,4.262853692231216574e-01
2.459505012129018786e-01,1.287181153142927769e+03,1.287181153142927769e+03,1.287181153142927769e+03,1.000000000000000000e+00,4.260876123691667572e-01
2.468016660038205856e-01,1.281061583246364989e+03,1.281061583246364989e+03,1.281061583246364989e+03,1.000000000000000000e+00,4.258778780515104501e-01
2.476557764341981716e-01,1.274981436807413047e+03,1.274981436807413047e+03,1.274981436807413047e+03,1.000000000000000000e+00,4.256511047963746908e-01
2.485128426980557081e-01,1.268925543752324302e+03,1.268925543752324302e+03,1.268925543752324302e+03,1.000000000000000000e+00,4.254021427748112538e-01
2.493728750246928527e-01,1.262878831731478385e+03,1.262878831731478385e+03,1.262878831731478385e+03,1.000000000000000000e+00,4.251257921127248873e-01
2.502358836788098340e-01,1.256826511955785236e+03,1.256826511955785236e+03,1.256826511955785236e+03,1.000000000000000000e+00,4.248168680603676695e-01
2.511018789606306312e-01,1.250754082041604079e+03,1.250754082041604079e+03,1.250754082041604079e+03,1.000000000000000000e+00,4.244702056654329203e-01
2.519708712060248490e-01,1.244647327475712927e+03,1.244647327475712927e+03,1.244647327475712927e+03,1.000000000000000000e+00,4.240806640518283155e-01
2.528428707866315905e-01,1.238492380845262915e+03,1.238492380845262915e+03,1.238492380845262915e+03,1.000000000000000000e+00,4.236431505201026515e-01
2.537178881099833583e-01,1.232277491308808976e+03,1.232277491308808976e+03,1.232277491308808976e+03,1.000000000000000000e+00,4.231532324498711861e-01
2.545959336196306211e-01,1.225993343151410045e+03,1.225993343151410045e+03,1.225993343151410045e+03,1.000000000000000000e+00,4.226072630571329758e-01
2.554770177952653265e-01,1.219630972800115160e+03,1.219630972800115160e+03,1.219630972800115160e+03,1.000000000000000000e+00,4.220016783720856868e-01
2.563611511528469111e-01,1.213181644492068017e+03,1.213181644492068017e+03,1.213181644492068017e+03,1.000000000000000000e+00,4.213329579436288497e-01
2.572483442447274782e-01,1.206636856578978040e+03,1.206636856578978040e+03,1.206636856578978040e+03,1.000000000000000000e+00,4.205976301269053197e-01
2.581386076597782520e-01,1.199988385628095330e+03,1.199988385628095330e+03,1.199988385628095330e+03,1.000000000000000000e+00,4.197922906615462191e-01
2.590319520235150330e-01,1.193230653587280358e+03,1.193230653587280358e+03,1.193230653587280358e+03,1.000000000000000000e+00,4.189144371683456436e-01
2.599283879982257073e-01,1.186362082953260369e+03,1.186362082953260369e+03,1.186362082953260369e+03,1.000000000000000000e+00,4.179629645960043494e-01
2.608279262830970335e-01,1.179381550310798048e+03,1.179381550310798048e+03,1.179381550310798048e+03,1.000000000000000000e+00,4.169369371753052222e-01
2.617305776143433182e-01,1.172288042921668875e+03,1.172288042921668875e+03,1.172288042921668875e+03,1.000000000000000000e+00,4.158354701429987643e-01
2.626363527653332031e-01,1.165080660582895689e+03,1.165080660582895689e+03,1.165080660582895689e+03,1.000000000000000000e+00,4.146577318178544802e-01
2.635452625467190613e-01,1.157758660031632417e+03,1.157758660031632417e+03,1.157758660031632417e+03,1.000000000000000000e+00,4.134029608683587043e-01
2.644573178065656727e-01,1.150323816942183385e+03,1.150323816942183385e+03,1.150323816942183385e+03,1.000000000000000000e+00,4.120713140837513055e-01
2.653725294304806193e-01,1.142781586618839583e+03,1.142781586618839583e+03,1.142781586618839583e+03,1.000000000000000000e+00,4.106642984785603967e-01
2.662909083417426825e-01,1.135137681202671274e+03,1.135137681202671274e+03,1.135137681202671274e+03,1.000000000000000000e+00,4.091835582991431020e-01
2.672124655014333494e-01,1.127397756144548111e+03,1.127397756144548111e+03,1.127397756144548111e+03,1.000000000000000000e+00,4.076307627011718782e-01
2.681372119085672634e-01,1.119567406067361162e+03,1.119567406067361162e+03,1.119567406067361162e+03,1.000000000000000000e+00,4.060076034868431161e-01
2.690651586002231754e-01,1.111652266546199826e+03,1.111652266546199826e+03,1.111652266546199826e+03,1.000000000000000000e+00,4.043158313134644355e-01
2.699963166516768931e-01,1.103660552475226268e+03,1.103660552475226268e+03,1.103660552475226268e+03,1.000000000000000000e+00,4.025581812542211035e-01
2.709306971765317873e-01,1.095603095487187147e+03,1.095603095487187147e+03,1.095603095487187147e+03,1.000000000000000000e+00,4.007383990919962669e-01
2.718683113268526852e-01,1.087490618493638749e+03,1.087490618493638749e+03,1.087490618493638749e+03,1.000000000000000000e+00,3.988602536778188545e-01
2.728091702932980422e-01,1.079333595373366279e+03,1.079333595373366279e+03,1.079333595373366279e+03,1.000000000000000000e+00,3.969274830750281202e-01
2.737532853052548898e-01,1.071142246297349857e+03,1.071142246297349857e+03,1.071142246297349857e+03,1.000000000000000000e+00,3.949437898534400859e-01
2.747006676309711182e-01,1.062926717550833246e+03,1.062926717550833246e+03,1.062926717550833246e+03,1.000000000000000000e+00,3.929129045496480011e-01
2.756513285776912570e-01,1.054698550433220589e+03,1.054698550433220589e+03,1.054698550433220589e+03,1.000000000000000000e+00,3.908391278072277375e-01
2.766052794917905899e-01,1.046469848065402402e+03,1.046469848065402402e+03,1.046469848065402402e+03,1.000000000000000000e+00,3.887270252034505935e-01
2.775625317589118235e-01,1.038252373536424557e+03,1.038252373536424557e+03,1.038252373536424557e+03,1.000000000000000000e+00,3.865810915926944369e-01
2.785230968040992017e-01,1.030057541789025208e+03,1.030057541789025208e+03,1.030057541789025208e+03,1.000000000000000000e+00,3.844057440929696257e-01
2.794869860919363957e-01,1.021896421654580081e+03,1.021896421654580081e+03,1.021896421654580081e+03,1.000000000000000000e+00,3.822053188450259542e-01
2.804542111266821736e-01,1.013780149990649761e+03,1.013780149990649761e+03,1.013780149990649761e+03,1.000000000000000000e+00,3.799842222691774407e-01
2.814247834524091219e-01,1.005720711910539535e+03,1.005720711910539535e+03,1.005720711910539535e+03,1.000000000000000000e+00,3.777472217900577078e-01
2.823987146531399262e-01,9.977299250866755074e+02,9.977299250866755074e+02,9.977299250866755074e+02,1.000000000000000000e+00,3.754990640724524265e-01
2.833760163529863707e-01,9.898192223931256422e+02,9.898192223931256422e+02,9.898192223931256422e+02,1.000000000000000000e+00,3.732443894361834880e-01
2.843567002162878388e-01,9.819996608529711466e+02,9.819996608529711466e+02,9.819996608529711466e+02,1.000000000000000000e+00,3.709877308076088287e-01
2.853407779477514783e-01,9.742818366164725603e+02,9.742818366164725603e+02,9.742818366164725603e+02,1.000000000000000000e+00,3.687334771897675112e-01
2.863282612925902582e-01,9.666744527129771996e+02,9.666744527129771996e+02,9.666744527129771996e+02,1.000000000000000000e+00,3.664853260879223362e-01
2.873191620366641885e-01,9.591846747689963877e+02,9.591846747689963877e+02,9.591846747689963877e+02,1.000000000000000000e+00,3.642464096146731944e-01
2.883134920066209861e-01,9.518193909064920035e+02,9.518193909064920035e+02,9.518193909064920035e+02,1.000000000000000000e+00,3.620197664489366862e-01
2.893112630700366283e-01,9.445852591551413298e+02,9.445852591551413298e+02,9.445852591551413298e+02,1.000000000000000000e+00,3.598083568169153645e-01
2.903124871355581282e-01,9.374887153277710468e+02,9.374887153277710468e+02,9.374887153277710468e+02,1.000000000000000000e+00,3.576150625988895881e-01
2.913171761530443660e-01,9.305348644521012602e+02,9.305348644521012602e+02,9.305348644521012602e+02,1.000000000000000000e+00,3.554422610424343154e-01
2.923253421137093078e-01,9.237258387835906888e+02,9.237258387835906888e+02,9.237258387835906888e+02,1.000000000000000000e+00,3.532911912609411065e-01
2.933369970502650581e-01,9.170632653455443233e+02,9.170632653455443233e+02,9.170632653455443233e+02,1.000000000000000000e+00,3.511628903709684835e-01
2.943521530370661887e-01,9.105487164148161128e+02,9.105487164148161128e+02,9.105487164148161128e+02,1.000000000000000000e+00,3.490583640063604220e-01
2.953708221902524578e-01,9.041837144846192587e+02,9.041837144846192587e+02,9.041837144846192587e+02,1.000000000000000000e+00,3.469785871484699635e-01
2.963930166678941935e-01,8.979691081347390309e+02,8.979691081347390309e+02,8.979691081347390309e+02,1.000000000000000000e+00,3.449242633332391117e-01
2.974187486701374561e-01,8.919015909476665911e+02,8.919015909476665911e+02,8.919015909476665911e+02,1.000000000000000000e+00,3.428944842391181136e-01
2.984480304393499761e-01,8.859762807213290898e+02,8.859762807213290898e+02,8.859762807213290898e+02,1.000000000000000000e+00,3.408877149392453010e-01
2.994808742602660390e-01,8.801884218437036225e+02,8.801884218437036225e+02,8.801884218437036225e+02,1.000000000000000000e+00,3.389024477516830447e-01
3.005172924601350326e-01,8.745333848270855697e+02,8.745333848270855697e+02,8.745333848270855697e+02,1.000000000000000000e+00,3.369372032867530287e-01
3.015572974088657765e-01,8.690064872358989305e+02,8.690064872358989305e+02,8.690064872358989305e+02,1.000000000000000000e+00,3.349904626225845838e-01
3.026009015191778451e-01,8.636006724224782829e+02,8.636006724224782829e+02,8.636006724224782829e+02,1.000000000000000000e+00,3.330597731012491791e-01
3.036481172467456191e-01,8.583071974872749479e+02,8.583071974872749479e+02,8.583071974872749479e+02,1.000000000000000000e+00,3.311420131657444865e-01
3.046989570903505529e-01,8.531174882182532428e+02,8.531174882182532428e+02,8.531174882182532428e+02,1.000000000000000000e+00,3.292341092485039922e-01
3.057534335920289448e-01,8.480231757407188979e+02,8.480231757407188979e+02,8.480231757407188979e+02,1.000000000000000000e+00,3.273330525785897449e-01
3.068115593372198746e-01,8.430160440166475837e+02,8.430160440166475837e+02,8.430160440166475837e+02,1.000000000000000000e+00,3.254358815665664428e-01
3.078733469549185253e-01,8.380869438227610999e+02,8.380869438227610999e+02,8.380869438227610999e+02,1.000000000000000000e+00,3.235392651631456284e-01
3.089388091178256746e-01,8.332257462155016583e+02,8.332257462155016583e+02,8.332257462155016583e+02,1.000000000000000000e+00,3.216394876446352913e-01
3.100079585424969641e-01,8.284224935466930901e+02,8.284224935466930901e+02,8.284224935466930901e+02,1.000000000000000000e+00,3.197328961777593515e-01
3.110808079894986089e-01,8.236674510212320683e+02,8.236674510212320683e+02,8.236674510212320683e+02,1.000000000000000000e+00,3.178159240670161423e-01
3.121573702635552228e-01,8.189511090053658791e+02,8.189511090053658791e+02,8.189511090053658791e+02,1.000000000000000000e+00,3.158850949475729419e-01
3.132376582137068599e-01,8.142644357220966640e+02,8.142644357220966640e+02,8.142644357220966640e+02,1.000000000000000000e+00,3.139371234637275965e-01
3.143216847334602271e-01,8.095989169362819666e+02,8.095989169362819666e+02,8.095989169362819666e+02,1.000000000000000000e+00,3.119689334956093907e-01
3.154094627609411172e-01,8.049462488377832869e+02,8.049462488377832869e+02,8.049462488377832869e+02,1.000000000000000000e+00,3.099775425771035264e-01
3.165010052790528383e-01,8.002983174885342805e+02,8.002983174885342805e+02,8.002983174885342805e+02,1.000000000000000000e+00,3.079600568797490334e-01
3.175963253156265931e-01,7.956472222711130371e+02,7.956472222711130371e+02,7.956472222711130371e+02,1.000000000000000000e+00,3.059136830920187733e-01
3.186954359435807405e-01,7.909858787392159911e+02,7.909858787392159911e+02,7.909858787392159911e+02,1.000000000000000000e+00,3.038359627548377073e-01
3.197983502810755607e-01,7.863080425834103835e+02,7.863080425834103835e+02,7.863080425834103835e+02,1.000000000000000000e+00,3.017247829473045373e-01
3.209050814916675765e-01,7.816076610810265493e+02,7.816076610810265493e+02,7.816076610810265493e+02,1.000000000000000000e+00,2.995781287140351634e-01
3.220156427844705349e-01,7.768788415617516421e+02,7.768788415617516421e+02,7.768788415617516421e+02,1.000000000000000000e+00,2.973940730953901768e-01
3.231300474143111723e-01,7.721159750330103861e+02,7.721159750330103861e+02,7.721159750330103861e+02,1.000000000000000000e+00,2.951708264912863422e-01
3.242483086818855331e-01,7.673154140016916926e+02,7.673154140016916926e+02,7.673154140016916926e+02,1.000000000000000000e+00,2.929073788294386804e-01
3.253704399339220066e-01,7.624750019624320885e+02,7.624750019624320885e+02,7.624750019624320885e+02,1.000000000000000000e+00,2.906033167674389461e-01
3.264964545633359805e-01,7.575927026060952585e+02,7.575927026060952585e+02,7.575927026060952585e+02,1.000000000000000000e+00,2.882582989777489613e-01
3.276263660093934882e-01,7.526665653693288505e+02,7.526665653693288505e+02,7.526665653693288505e+02,1.000000000000000000e+00,2.858720436808314669e-01
3.287601877578700815e-01,7.476950694040280041e+02,7.476950694040280041e+02,7.476950694040280041e+02,1.000000000000000000e+00,2.834444597103984997e-01
3.298979333412101478e-01,7.426792238076019430e+02,7.426792238076019430e+02,7.426792238076019430e+02,1.000000000000000000e+00,2.809764403938252997e-01
3.310396163386916113e-01,7.376211173644330756e+02,7.376211173644330756e+02,7.376211173644330756e+02,1.000000000000000000e+00,2.784693066295238495e-01
3.321852503765865272e-01,7.325228268766218207e+02,7.325228268766218207e+02,7.325228268766218207e+02,1.000000000000000000e+00,2.759243908043373383e-01
3.333348491283217307e-01,7.273864121141722308e+02,7.273864121141722308e+02,7.273864121141722308e+02,1.000000000000000000e+00,2.733430341693240950e-01
3.344884263146463144e-01,7.222147988052610117e+02,7.222147988052610117e+02,7.222147988052610117e+02,1.000000000000000000e+00,2.707269171158434018e-01
3.356459957037907227e-01,7.170135301475407914e+02,7.170135301475407914e+02,7.170135301475407914e+02,1.000000000000000000e+00,2.680787090034226217e-01
3.368075711116348403e-01,7.117885244657056774e+02,7.117885244657056774e+02,7.117885244657056774e+02,1.000000000000000000e+00,2.654012175493480341e-01
3.379731664018716941e-01,7.065455594822458352e+02,7.065455594822458352e+02,7.065455594822458352e+02,1.000000000000000000e+00,2.626971927265682183e-01
3.391427954861706562e-01,7.012903161069403950e+02,7.012903161069403950e+02,7.012903161069403950e+02,1.000000000000000000e+00,2.599693412119615243e-01
3.403164723243478629e-01,6.960296354602221527e+02,6.960296354602221527e+02,6.960296354602221527e+02,1.000000000000000000e+00,2.572207889462189145e-01
3.414942109245279189e-01,6.907716353056550815e+02,6.907716353056550815e+02,6.907716353056550815e+02,1.000000000000000000e+00,2.544551145918457213e-01
3.426760253433155934e-01,6.855242811199052539e+02,6.855242811199052539e+02,6.855242811199052539e+02,1.000000000000000000e+00,2.516758139884968659e-01
3.438619296859613539e-01,6.802953066816222645e+02,6.802953066816222645e+02,6.802953066816222645e+02,1.000000000000000000e+00,2.488862684191710528e-01
3.450519381065281221e-01,6.750921387291014071e+02,6.750921387291014071e+02,6.750921387291014071e+02,1.000000000000000000e+00,2.460897150589714255e-01
3.462460648080640802e-01,6.699215496587131611e+02,6.699215496587131611e+02,6.699215496587131611e+02,1.000000000000000000e+00,2.432891194028721782e-01
3.474443240427697588e-01,6.647899541582958136e+02,6.647899541582958136e+02,6.647899541582958136e+02,1.000000000000000000e+00,2.404872837579168643e-01
3.486467301121670137e-01,6.597035658366457938e+02,6.597035658366457938e+02,6.597035658366457938e+02,1.000000000000000000e+00,2.376869031184995484e-01
3.498532973672734414e-01,6.546683881930897542e+02,6.546683881930897542e+02,6.546683881930897542e+02,1.000000000000000000e+00,2.348905604179026274e-01
3.510640402087690237e-01,6.496896947373343210e+02,6.496896947373343210e+02,6.496896947373343210e+02,1.000000000000000000e+00,2.321005394866625382e-01
3.522789730871722091e-01,6.447718801075189958e+02,6.447718801075189958e+02,6.447718801075189958e+02,1.000000000000000000e+00,2.293187750509391443e-01
3.534981105030107207e-01,6.399191466583438341e+02,6.399191466583438341e+02,6.399191466583438341e+02,1.000000000000000000e+00,2.265471004526874721e-01
3.547214670069924747e-01,6.351355591473412687e+02,6.351355591473412687e+02,6.351355591473412687e+02,1.000000000000000000e+00,2.237872663944347196e-01
3.559490572001832720e-01,6.304246217200465026e+02,6.304246217200465026e+02,6.304246217200465026e+02,1.000000000000000000e+00,2.210407917575910597e-01
3.571808957341788826e-01,6.257878385537214854e+02,6.257878385537214854e+02,6.257878385537214854e+02,1.000000000000000000e+00,2.183084644518526185e-01
3.584169973112783514e-01,6.212261398482816048e+02,6.212261398482816048e+02,6.212261398482816048e+02,1.000000000000000000e+00,2.155908526974823769e-01
3.596573766846635767e-01,6.167404183150530343e+02,6.167404183150530343e+02,6.167404183150530343e+02,1.000000000000000000e+00,2.128884947217374313e-01
3.609020486585706733e-01,6.123314498909237500e+02,6.123314498909237500e+02,6.123314498909237500e+02,1.000000000000000000e+00,2.102018713424394780e-01
3.621510280884707722e-01,6.079987971908881264e+02,6.079987971908881264e+02,6.079987971908881264e+02,1.000000000000000000e+00,2.075310322865054902e-01
3.634043298812456024e-01,6.037411359896618706e+02,6.037411359896618706e+02,6.037411359896618706e+02,1.000000000000000000e+00,2.048757185926329549e-01
3.646619689953635168e-01,5.995571489747363785e+02,5.995571489747363785e+02,5.995571489747363785e+02,1.000000000000000000e+00,2.022356731903671712e-01
3.659239604410623459e-01,5.954455344255628688e+02,5.954455344255628688e+02,5.954455344255628688e+02,1.000000000000000000e+00,1.996106442229659550e-01
3.671903192805236471e-01,5.914040801857270253e+02,5.914040801857270253e+02,5.914040801857270253e+02,1.000000000000000000e+00,1.970000769061623080e-01
3.684610606280566691e-01,5.874290893382466265e+02,5.874290893382466265e+02,5.874290893382466265e+02,1.000000000000000000e+00,1.944029338167016507e-01
3.697361996502770976e-01,5.835168144779705699e+02,5.835168144779705699e+02,5.835168144779705699e+02,1.000000000000000000e+00,1.918181836829193354e-01
3.710157515662860783e-01,5.796636007586431560e+02,5.796636007586431560e+02,5.796636007586431560e+02,1.000000000000000000e+00,1.892448501945958317e-01
3.722997316478555141e-01,5.758654606639482836e+02,5.758654606639482836e+02,5.758654606639482836e+02,1.000000000000000000e+00,1.866818746463154988e-01
3.735881552196088085e-01,5.721171739684385784e+02,5.721171739684385784e+02,5.721171739684385784e+02,1.000000000000000000e+00,1.841278316729872133e-01
3.748810376592012217e-01,5.684133878454622391e+02,5.684133878454622391e+02,5.684133878454622391e+02,1.000000000000000000e+00,1.815812970095429524e-01
3.761783943975087752e-01,5.647488811375046680e+02,5.647488811375046680e+02,5.647488811375046680e+02,1.000000000000000000e+00,1.790409350272784417e-01
3.774802409188063312e-01,5.611184437562075118e+02,5.611184437562075118e+02,5.611184437562075118e+02,1.000000000000000000e+00,1.765054613518505233e-01
3.787865927609577188e-01,5.575163768457484821e+02,5.575163768457484821e+02,5.575163768457484821e+02,1.000000000000000000e+00,1.739734888440455374e-01
3.800974655155986426e-01,5.539369202490262296e+02,5.539369202490262296e+02,5.539369202490262296e+02,1.000000000000000000e+00,1.714436681912104576e-01
3.814128748283212578e-01,5.503744575243232475e+02,5.503744575243232475e+02,5.503744575243232475e+02,1.000000000000000000e+00,1.689147538448655395e-01
3.827328363988644622e-01,5.468236280666335460e+02,5.468236280666335460e+02,5.468236280666335460e+02,1.000000000000000000e+00,1.663856384482513551e-01
3.840573659812996921e-01,5.432800612854146038e+02,5.432800612854146038e+02,5.432800612854146038e+02,1.000000000000000000e+00,1.638555729457863708e-01
3.853864793842164960e-01,5.397398867783693959e+02,5.397398867783693959e+02,5.397398867783693959e+02,1.000000000000000000e+00,1.613240086960715525e-01
3.867201924709164351e-01,5.361993399116619230e+02,5.361993399116619230e+02,5.361993399116619230e+02,1.000000000000000000e+00,1.587904752877179471e-01
3.880585211595965478e-01,5.326548944774725669e+02,5.326548944774725669e+02,5.326548944774725669e+02,1.000000000000000000e+00,1.562546192371759846e-01
3.894014814235442490e-01,5.291043309589623505e+02,5.291043309589623505e+02,5.291043309589623505e+02,1.000000000000000000e+00,1.537165121423274827e-01
3.907490892913260683e-01,5.255461326517198586e+02,5.255461326517198586e+02,5.255461326517198586e+02,1.000000000000000000e+00,1.511764592790730555e-01
3.921013608469768319e-01,5.219788396176121523e+02,5.219788396176121523e+02,5.219788396176121523e+02,1.000000000000000000e+00,1.486348059321705717e-01
3.934583122301962277e-01,5.184012183509892111e+02,5.184012183509892111e+02,5.184012183509892111e+02,1.000000000000000000e+00,1.460919845773157588e-01
3.948199596365362107e-01,5.148136436133358984e+02,5.148136436133358984e+02,5.148136436133358984e+02,1.000000000000000000e+00,1.435488969695916661e-01
3.961863193175989561e-01,5.112173114514043846e+02,5.112173114514043846e+02,5.112173114514043846e+02,1.000000000000000000e+00,1.410066728995020557e-01
3.975574075812289276e-01,5.076134050213066189e+02,5.076134050213066189e+02,5.076134050213066189e+02,1.000000000000000000e+00,1.384664295920547128e-01
3.989332407917051126e-01,5.040031945327719995e+02,5.040031945327719995e+02,5.040031945327719995e+02,1.000000000000000000e+00,1.359292980256220917e-01
4.003138353699409180e-01,5.003887241455839785e+02,5.003887241455839785e+02,5.003887241455839785e+02,1.000000000000000000e+00,1.333966038670291177e-01
4.016992077936777927e-01,4.967723488279035564e+02,4.967723488279035564e+02,4.967723488279035564e+02,1.000000000000000000e+00,1.308697324370081960e-01
4.030893745976798503e-01,4.931563674707632003e+02,4.931563674707632003e+02,4.931563674707632003e+02,1.000000000000000000e+00,1.283500271954053917e-01
4.044843523739360958e-01,4.895431353720737775e+02,4.895431353720737775e+02,4.895431353720737775e+02,1.000000000000000000e+00,1.258388183889833367e-01
4.058841577718528826e-01,4.859355494951730066e+02,4.859355494951730066e+02,4.859355494951730066e+02,1.000000000000000000e+00,1.233375441813871487e-01
4.072888074984576390e-01,4.823366256731446242e+02,4.823366256731446242e+02,4.823366256731446242e+02,1.000000000000000000e+00,1.208476347610134977e-01
4.086983183185960988e-01,4.787492952893599636e+02,4.787492952893599636e+02,4.787492952893599636e+02,1.000000000000000000e+00,1.183704588774209532e-01
4.101127070551299769e-01,4.751765590693680110e+02,4.751765590693680110e+02,4.751765590693680110e+02,1.000000000000000000e+00,1.159073615357831405e-01
4.115319905891425267e-01,4.716218290948405638e+02,4.716218290948405638e+02,4.716218290948405638e+02,1.000000000000000000e+00,1.134597439623315912e-01
4.129561858601374369e-01,4.680885169775639270e+02,4.680885169775639270e+02,4.680885169775639270e+02,1.000000000000000000e+00,1.110289578543214861e-01
4.143853098662393930e-01,4.645799304706789599e+02,4.645799304706789599e+02,4.645799304706789599e+02,1.000000000000000000e+00,1.086162800473690904e-01
4.158193796644011897e-01,4.610992448924796463e+02,4.610992448924796463e+02,4.610992448924796463e+02,1.000000000000000000e+00,1.062229066072429007e-01
4.172584123706022385e-01,4.576494818124086237e+02,4.576494818124086237e+02,4.576494818124086237e+02,1.000000000000000000e+00,1.038499492644073124e-01
4.187024251600576785e-01,4.542335618310372638e+02,4.542335618310372638e+02,4.542335618310372638e+02,1.000000000000000000e+00,1.014984489609778856e-01
4.201514352674212138e-01,4.508542857565259396e+02,4.508542857565259396e+02,4.508542857565259396e+02,1.000000000000000000e+00,9.916937265945773017e-02
4.216054599869883956e-01,4.475138450773369527e+02,4.475138450773369527e+02,4.475138450773369527e+02,1.000000000000000000e+00,9.686350876381522035e-02
4.230645166729086193e-01,4.442138913344568891e+02,4.442138913344568891e+02,4.442138913344568891e+02,1.000000000000000000e+00,9.458149200969048764e-02
4.245286227393859080e-01,4.409560034226032030e+02,4.409560034226032030e+02,4.409560034226032030e+02,1.000000000000000000e+00,9.232391042213559940e-02
4.259977956608921312e-01,4.377414994539817599e+02,4.377414994539817599e+02,4.377414994539817599e+02,1.000000000000000000e+00,9.009126757801429186e-02
4.274720529723735063e-01,4.345703312400285654e+02,4.345703312400285654e+02,4.345703312400285654e+02,1.000000000000000000e+00,8.788376344734909196e-02
4.289514122694573772e-01,4.314419267755789065e+02,4.314419267755789065e+02,4.314419267755789065e+02,1.000000000000000000e+00,8.570148611050983078e-02
4.304358912086667655e-01,4.283557198174737550e+02,4.283557198174737550e+02,4.283557198174737550e+02,1.000000000000000000e+00,8.354452452813307395e-02
4.319255075076287587e-01,4.253106638637578385e+02,4.253106638637578385e+02,4.253106638637578385e+02,1.000000000000000000e+00,8.141287551432875580e-02
4.334202789452842874e-01,4.223046467282651406e+02,4.223046467282651406e+02,4.223046467282651406e+02,1.000000000000000000e+00,7.930634260944657843e-02
4.349202233621047853e-01,4.193354622485965137e+02,4.193354622485965137e+02,4.193354622485965137e+02,1.000000000000000000e+00,7.722473453783974817e-02
4.364253586602995783e-01,4.164009413558600841e+02,4.164009413558600841e+02,4.164009413558600841e+02,1.000000000000000000e+00,7.516789078284021042e-02
4.379357028040346544e-01,4.134986936240031241e+02,4.134986936240031241e+02,4.134986936240031241e+02,1.000000000000000000e+00,7.313563535902861679e-02
4.394512738196451607e-01,4.106261773283811749e+02,4.106261773283811749e+02,4.106261773283811749e+02,1.000000000000000000e+00,7.112779309726817434e-02
4.409720897958475105e-01,4.077809102727845811e+02,4.077809102727845811e+02,4.077809102727845811e+02,1.000000000000000000e+00,6.914422822010882208e-02
4.424981688839607630e-01,4.049604833937430044e+02,4.049604833937430044e+02,4.049604833937430044e+02,1.000000000000000000e+00,6.718484551389879156e-02
4.440295292981202846e-01,4.021625829638283562e+02,4.021625829638283562e+02,4.021625829638283562e+02,1.000000000000000000e+00,6.524959253040152340e-02
4.455661893154931330e-01,3.993849623283431356e+02,3.993849623283431356e+02,3.993849623283431356e+02,1.000000000000000000e+00,6.333845323216866219e-02
4.471081672765015447e-01,3.966254370982086357e+02,3.966254370982086357e+02,3.966254370982086357e+02,1.000000000000000000e+00,6.145144582920269299e-02
4.486554815850357092e-01,3.938819570547484545e+02,3.938819570547484545e+02,3.938819570547484545e+02,1.000000000000000000e+00,5.958863226546784464e-02
4.502081507086785894e-01,3.911525971726163107e+02,3.911525971726163107e+02,3.911525971726163107e+02,1.000000000000000000e+00,5.775011413244525438e-02
4.517661931789244689e-01,3.884354867320516860e+02,3.884354867320516860e+02,3.884354867320516860e+02,1.000000000000000000e+00,5.593601981394177164e-02
4.533296275913972773e-01,3.857288639115766387e+02,3.857288639115766387e+02,3.857288639115766387e+02,1.000000000000000000e+00,5.414651074423759008e-02
4.548984726060784078e-01,3.830312096855041091e+02,3.830312096855041091e+02,3.830312096855041091e+02,1.000000000000000000e+00,5.238179727697051674e-02
4.564727469475229893e-01,3.803410884633050273e+02,3.803410884633050273e+02,3.803410884633050273e+02,1.000000000000000000e+00,5.064211257182654052e-02
4.580524694050888135e-01,3.776571350162728322e+02,3.776571350162728322e+02,3.776571350162728322e+02,1.000000000000000000e+00,4.892770886425407140e-02
4.596376588331583246e-01,3.749784113843714408e+02,3.749784113843714408e+02,3.749784113843714408e+02,1.000000000000000000e+00,4.723890059711757100e-02
4.612283341513612189e-01,3.723042838710966294e+02,3.723042838710966294e+02,3.723042838710966294e+02,1.000000000000000000e+00,4.557604114966454928e-02
4.628245143448050936e-01,3.696341489989880529e+02,3.696341489989880529e+02,3.696341489989880529e+02,1.000000000000000000e+00,4.393948430207577499e-02
4.644262184642996560e-01,3.669678719095925317e+02,3.669678719095925317e+02,3.669678719095925317e+02,1.000000000000000000e+00,4.232963373616368402e-02
4.660334656265815445e-01,3.643062193377590461e+02,3.643062193377590461e+02,3.643062193377590461e+02,1.000000000000000000e+00,4.074698271035651076e-02
4.676462750145481961e-01,3.616500456945810242e+02,3.616500456945810242e+02,3.616500456945810242e+02,1.000000000000000000e+00,3.919200972043126313e-02
4.692646658774805024e-01,3.590003098233718219e+02,3.590003098233718219e+02,3.590003098233718219e+02,1.000000000000000000e+00,3.766517851302567110e-02
4.708886575312778433e-01,3.563586500184203487e+02,3.563586500184203487e+02,3.563586500184203487e+02,1.000000000000000000e+00,3.616699447835080433e-02
4.725182693586868488e-01,3.537269031973618780e+02,3.537269031973618780e+02,3.537269031973618780e+02,1.000000000000000000e+00,3.469794582741435318e-02
4.741535208095294385e-01,3.511068588730487932e+02,3.511068588730487932e+02,3.511068588730487932e+02,1.000000000000000000e+00,3.325847707203576781e-02
4.757944314009405762e-01,3.485003394171620243e+02,3.485003394171620243e+02,3.485003394171620243e+02,1.000000000000000000e+00,3.184899740574664850e-02
4.774410207175983079e-01,3.459091824924200864e+02,3.459091824924200864e+02,3.459091824924200864e+02,1.000000000000000000e+00,3.046987892253331942e-02
4.790933084119552432e-01,3.433351695114676545e+02,3.433351695114676545e+02,3.433351695114676545e+02,1.000000000000000000e+00,2.912145068805005801e-02
4.807513142044790855e-01,3.407798285977215755e+02,3.407798285977215755e+02,3.407798285977215755e+02,1.000000000000000000e+00,2.780398403681274069e-02
4.824150578838807824e-01,3.382443059532640177e+02,3.382443059532640177e+02,3.382443059532640177e+02,1.000000000000000000e+00,2.651768704371976898e-02
4.840845593073572206e-01,3.357296785135372943e+02,3.357296785135372943e+02,3.357296785135372943e+02,1.000000000000000000e+00,2.526273454867259891e-02
4.857598384008252057e-01,3.332368762791218728e+02,3.332368762791218728e+02,3.332368762791218728e+02,1.000000000000000000e+00,2.403926401153907294e-02
4.874409151591568845e-01,3.307664298269232859e+02,3.307664298269232859e+02,3.307664298269232859e+02,1.000000000000000000e+00,2.284736072193460643e-02
4.891278096464246605e-01,3.283187741505916506e+02,3.283187741505916506e+02,3.283187741505916506e+02,1.000000000000000000e+00,2.168708427581203524e-02
4.908205419961332305e-01,3.258943000102825636e+02,3.258943000102825636e+02,3.258943000102825636e+02,1.000000000000000000e+00,2.055847346329370620e-02
4.925191324114664981e-01,3.234932169041278485e+02,3.234932169041278485e+02,3.234932169041278485e+02,1.000000000000000000e+00,1.946153887934386553e-02
4.942236011655256611e-01,3.211156616406323110e+02,3.211156616406323110e+02,3.211156616406323110e+02,1.000000000000000000e+00,1.839627195538402760e-02
4.959339686015688531e-01,3.187617500790408940e+02,3.187617500790408940e+02,3.187617500790408940e+02,1.000000000000000000e+00,1.736264893767620193e-02
4.976502551332589452e-01,3.164314594536738809e+02,3.164314594536738809e+02,3.164314594536738809e+02,1.000000000000000000e+00,1.636062520418079744e-02
4.993724812449049089e-01,3.141246850195356046e+02,3.141246850195356046e+02,3.141246850195356046e+02,1.000000000000000000e+00,1.539014003065311206e-02
5.011006674917031223e-01,3.118412944753731040e+02,3.118412944753731040e+02,3.118412944753731040e+02,1.000000000000000000e+00,1.445112024501460195e-02
5.028348344999895581e-01,3.095807139641577805e+02,3.095807139641577805e+02,3.095807139641577805e+02,1.000000000000000000e+00,1.354346247728198567e-02
5.045750029674782589e-01,3.073420068927178477e+02,3.073420068927178477e+02,3.073420068927178477e+02,1.000000000000000000e+00,1.266704199244554629e-02
5.063211936635148014e-01,3.051242367967510063e+02,3.051242367967510063e+02,3.051242367967510063e+02,1.000000000000000000e+00,1.182173095215346623e-02
5.080734274293219332e-01,3.029261932898337477e+02,3.029261932898337477e+02,3.029261932898337477e+02,1.000000000000000000e+00,1.100738793560120284e-02
5.098317251782449322e-01,3.007463696962023505e+02,3.007463696962023505e+02,3.007463696962023505e+02,1.000000000000000000e+00,1.022385984662773153e-02
5.115961078960070685e-01,2.985832811240714477e+02,2.985832811240714477e+02,2.985832811240714477e+02,1.000000000000000000e+00,9.470994630696706607e-03
5.133665966409569625e-01,2.964354388992773579e+02,2.964354388992773579e+02,2.964354388992773579e+02,1.000000000000000000e+00,8.748639307834973552e-03
5.151432125443180521e-01,2.943013375517892314e+02,2.943013375517892314e+02,2.943013375517892314e+02,1.000000000000000000e+00,8.056638665140657476e-03
5.169259768104458308e-01,2.921795149185546165e+02,2.921795149185546165e+02,2.921795149185546165e+02,1.000000000000000000e+00,7.394835924632203912e-03
5.187149107170750950e-01,2.900688552833000244e+02,2.900688552833000244e+02,2.900688552833000244e+02,1.000000000000000000e+00,6.763078309491031385e-03
5.205100356155790697e-01,2.879687139504870288e+02,2.879687139504870288e+02,2.879687139504870288e+02,1.000000000000000000e+00,6.161215316134410584e-03
5.223113729312222064e-01,2.858785028531871717e+02,2.858785028531871717e+02,2.858785028531871717e+02,1.000000000000000000e+00,5.589085434337271591e-03
5.241189441634130919e-01,2.837978864208553205e+02,2.837978864208553205e+02,2.837978864208553205e+02,1.000000000000000000e+00,5.046518640503420972e-03
5.259327708859671269e-01,2.817268804739448456e+02,2.817268804739448456e+02,2.817268804739448456e+02,1.000000000000000000e+00,4.533335407407982666e-03
5.277528747473567705e-01,2.796655285802916069e+02,2.796655285802916069e+02,2.796655285802916069e+02,1.000000000000000000e+00,4.049338938506935777e-03
5.295792774709768835e-01,2.776139424220421574e+02,2.776139424220421574e+02,2.776139424220421574e+02,1.000000000000000000e+00,3.594315519217094069e-03
5.314120008554005237e-01,2.755723238731791866e+02,2.755723238731791866e+02,2.755723238731791866e+02,1.000000000000000000e+00,3.168034356314702697e-03
5.332510667746365174e-01,2.735408739067215720e+02,2.735408739067215720e+02,2.735408739067215720e+02,1.000000000000000000e+00,2.770246190676132515e-03
5.350964971783964685e-01,2.715197513750742928e+02,2.715197513750742928e+02,2.715197513750742928e+02,1.000000000000000000e+00,2.400683184562960211e-03
5.369483140923537734e-01,2.695090686044354698e+02,2.695090686044354698e+02,2.695090686044354698e+02,1.000000000000000000e+00,2.059059406356683348e-03
5.388065396184031908e-01,2.675089380552032026e+02,2.675089380552032026e+02,2.675089380552032026e+02,1.000000000000000000e+00,1.745071644188375334e-03
5.406711959349319585e-01,2.655195970460938497e+02,2.655195970460938497e+02,2.655195970460938497e+02,1.000000000000000000e+00,1.458400318887274980e-03
5.425423052970765880e-01,2.635413935026714967e+02,2.635413935026714967e+02,2.635413935026714967e+02,1.000000000000000000e+00,1.198709076560242580e-03
5.444198900369949801e-01,2.615746925718931379e+02,2.615746925718931379e+02,2.615746925718931379e+02,1.000000000000000000e+00,9.656443439437426132e-04
5.463039725641304356e-01,2.596201472778229800e+02,2.596201472778229800e+02,2.596201472778229800e+02,1.000000000000000000e+00,7.588365441869038015e-04
5.481945753654762221e-01,2.576785926096233652e+02,2.576785926096233652e+02,2.576785926096233652e+02,1.000000000000000000e+00,5.778994069589940552e-04
5.500917210058492435e-01,2.557508426342845382e+02,2.557508426342845382e+02,2.557508426342845382e+02,1.000000000000000000e+00,4.224298989429425355e-04
5.519954321281570486e-01,2.538376984126292371e+02,2.538376984126292371e+02,2.538376984126292371e+02,1.000000000000000000e+00,2.920092736946902591e-04
5.539057314536649512e-01,2.519399408792249062e+02,2.519399408792249062e+02,2.519399408792249062e+02,1.000000000000000000e+00,1.862040844014759694e-04
5.558226417822739185e-01,2.500582464120134318e+02,2.500582464120134318e+02,2.500582464120134318e+02,1.000000000000000000e+00,1.045671799724242013e-04
5.577461859927850263e-01,2.481929204559668278e+02,2.481929204559668278e+02,2.481929204559668278e+02,1.000000000000000000e+00,4.663877360806004759e-05
5.596763870431792354e-01,2.463441597509047085e+02,2.463441597509047085e+02,2.463441597509047085e+02,1.000000000000000000e+00,1.194763247623256670e-05
5.616132679708888409e-01,2.445119540035122441e+02,2.445119540035122441e+02,2.445119540035122441e+02,1.000000000000000000e+00,1.169768419890483290e-08
5.635568518930688109e-01,2.426958054011964805e+02,2.426958054011964805e+02,2.426958054011964805e+02,1.000000000000000000e+00,1.033853331962461781e-05
5.655071620068801153e-01,2.408951550694426658e+02,2.408951550694426658e+02,2.408951550694426658e+02,1.000000000000000000e+00,4.242540210795514284e-05
5.674642215897587327e-01,2.391094611180899960e+02,2.391094611180899960e+02,2.391094611180899960e+02,1.000000000000000000e+00,9.575912022207115171e-05
5.694280539996999790e-01,2.373381993488827106e+02,2.373381993488827106e+02,2.373381993488827106e+02,1.000000000000000000e+00,1.698159318383167136e-04
5.713986826755346193e-01,2.355808651864787180e+02,2.355808651864787180e+02,2.355808651864787180e+02,1.000000000000000000e+00,2.640614218601095671e-04
5.733761311372054248e-01,2.338370473999418095e+02,2.338370473999418095e+02,2.338370473999418095e+02,1.000000000000000000e+00,3.779505875464659053e-04
5.753604229860543873e-01,2.321063993835876431e+02,2.321063993835876431e+02,2.321063993835876431e+02,1.000000000000000000e+00,5.109279841286264601e-04
5.773515819051006082e-01,2.303886101876106522e+02,2.303886101876106522e+02,2.303886101876106522e+02,1.000000000000000000e+00,6.624278936506893022e-04
5.793496316593205187e-01,2.286835085697194927e+02,2.286835085697194927e+02,2.286835085697194927e+02,1.000000000000000000e+00,8.318749463672528172e-04
5.813545960959386472e-01,2.269909665900228788e+02,2.269909665900228788e+02,2.269909665900228788e+02,1.000000000000000000e+00,1.018684435688338224e-03
5.833664991447036208e-01,2.253107278922434489e+02,2.253107278922434489e+02,2.253107278922434489e+02,1.000000000000000000e+00,1.222261880378505217e-03
5.853853648181813751e-01,2.236422760711283502e+02,2.236422760711283502e+02,2.236422760711283502e+02,1.000000000000000000e+00,1.442001860915542027e-03
5.874112172120382613e-01,2.219850722295552714e+02,2.219850722295552714e+02,2.219850722295552714e+02,1.000000000000000000e+00,1.677288619654295192e-03
5.894440805053262622e-01,2.203385323102648101e+02,2.203385323102648101e+02,2.203385323102648101e+02,1.000000000000000000e+00,1.927495772072181134e-03
5.914839789607767573e-01,2.187020374524799706e+02,2.187020374524799706e+02,2.187020374524799706e+02,1.000000000000000000e+00,2.191986170167485072e-03
5.935309369250877376e-01,2.170750240582525237e+02,2.170750240582525237e+02,2.170750240582525237e+02,1.000000000000000000e+00,2.470112726242136743e-03
5.955849788292113534e-01,2.154571503373338714e+02,2.154571503373338714e+02,2.154571503373338714e+02,1.000000000000000000e+00,2.761220978134558586e-03
5.976461291886522309e-01,2.138481527838775946e+02,2.138481527838775946e+02,2.138481527838775946e+02,1.000000000000000000e+00,3.064648819739668184e-03
5.997144126037520229e-01,2.122480027061956491e+02,2.122480027061956491e+02,2.122480027061956491e+02,1.000000000000000000e+00,3.379729924185503453e-03
6.017898537599901676e-01,2.106570645410314455e+02,2.106570645410314455e+02,2.106570645410314455e+02,1.000000000000000000e+00,3.705798877231797784e-03
6.038724774282760999e-01,2.090757355836122144e+02,2.090757355836122144e+02,2.090757355836122144e+02,1.000000000000000000e+00,4.042188220745666048e-03
6.059623084652405733e-01,2.075044589393819194e+02,2.075044589393819194e+02,2.075044589393819194e+02,1.000000000000000000e+00,4.388229905667079093e-03
6.080593718135405279e-01,2.059436982663936817e+02,2.059436982663936817e+02,2.059436982663936817e+02,1.000000000000000000e+00,4.743256043583223350e-03
6.101636925021480806e-01,2.043938266143659632e+02,2.043938266143659632e+02,2.043938266143659632e+02,1.000000000000000000e+00,5.106597257600268419e-03
6.122752956466567253e-01,2.028549913673139429e+02,2.028549913673139429e+02,2.028549913673139429e+02,1.000000000000000000e+00,5.477579052908923551e-03
6.143942064495779842e-01,2.013272887054311582e+02,2.013272887054311582e+02,2.013272887054311582e+02,1.000000000000000000e+00,5.855525403348902334e-03
6.165204502006388365e-01,1.998106735176376674e+02,1.998106735176376674e+02,1.998106735176376674e+02,1.000000000000000000e+00,6.239756101960629124e-03
6.186540522770898054e-01,1.983049854733578456e+02,1.983049854733578456e+02,1.983049854733578456e+02,1.000000000000000000e+00,6.629586757370885437e-03
6.207950381440051624e-01,1.968100844457322012e+02,1.968100844457322012e+02,1.968100844457322012e+02,1.000000000000000000e+00,7.024332926349219873e-03
6.229434333545833535e-01,1.953259073739665723e+02,1.953259073739665723e+02,1.953259073739665723e+02,1.000000000000000000e+00,7.423313053415822940e-03
6.250992635504591943e-01,1.938524203051109964e+02,1.938524203051109964e+02,1.938524203051109964e+02,1.000000000000000000e+00,7.825848013272702214e-03
6.272625544620018534e-01,1.923898369903411663e+02,1.923898369903411663e+02,1.923898369903411663e+02,1.000000000000000000e+00,8.231271429827140967e-03
6.294333319086292677e-01,1.909385939876125917e+02,1.909385939876125917e+02,1.909385939876125917e+02,1.000000000000000000e+00,8.638932231162362030e-03
6.316116217991127879e-01,1.894989989256681611e+02,1.894989989256681611e+02,1.894989989256681611e+02,1.000000000000000000e+00,9.048181388532397854e-03
6.337974501318835996e-01,1.880709132448034495e+02,1.880709132448034495e+02,1.880709132448034495e+02,1.000000000000000000e+00,9.458355143817442218e-03
6.359908429953492481e-01,1.866541041925546551e+02,1.866541041925546551e+02,1.866541041925546551e+02,1.000000000000000000e+00,9.868788610985747972e-03
6.381918265682019475e-01,1.852483439630304076e+02,1.852483439630304076e+02,1.852483439630304076e+02,1.000000000000000000e+00,1.027882062127803697e-02
6.404004271197276665e-01,1.838534096088202432e+02,1.838534096088202432e+02,1.838534096088202432e+02,1.000000000000000000e+00,1.068779433650439079e-02
6.426166710101269830e-01,1.824690829552496041e+02,1.824690829552496041e+02,1.824690829552496041e+02,1.000000000000000000e+00,1.109505787518279968e-02
6.448405846908217276e-01,1.810951505169161919e+02,1.810951505169161919e+02,1.810951505169161919e+02,1.000000000000000000e+00,1.149996495070976406e-02
6.470721947047773925e-01,1.797314034164365069e+02,1.797314034164365069e+02,1.797314034164365069e+02,1.000000000000000000e+00,1.190187552071737299e-02
6.493115276868175467e-01,1.783776373053308362e+02,1.783776373053308362e+02,1.783776373053308362e+02,1.000000000000000000e+00,1.230015644671082591e-02
6.515586103639376958e-01,1.770336522869930889e+02,1.770336522869930889e+02,1.770336522869930889e+02,1.000000000000000000e+00,1.269418216304045791e-02
6.538134695556324649e-01,1.756992528416606376e+02,1.756992528416606376e+02,1.756992528416606376e+02,1.000000000000000000e+00,1.308333535421306662e-02
6.560761321742066832e-01,1.743742479939309931e+02,1.743742479939309931e+02,1.743742479939309931e+02,1.000000000000000000e+00,1.346700765807426654e-02
6.583466252251042317e-01,1.730584899507387320e+02,1.730584899507387320e+02,1.730584899507387320e+02,1.000000000000000000e+00,1.384460345666216168e-02
6.606249758072274547e-01,1.717519150703890887e+02,1.717519150703890887e+02,1.717519150703890887e+02,1.000000000000000000e+00,1.421554450786368523e-02
6.629112111132566820e-01,1.704544703481298882e+02,1.704544703481298882e+02,1.704544703481298882e+02,1.000000000000000000e+00,1.457926546672259210e-02
6.652053584299816302e-01,1.691661029470052995e+02,1.691661029470052995e+02,1.691661029470052995e+02,1.000000000000000000e+00,1.493521374811097001e-02
6.675074451386243668e-01,1.678867601990964147e+02,1.678867601990964147e+02,1.678867601990964147e+02,1.000000000000000000e+00,1.528285016219229145e-02
6.698174987151613857e-01,1.666163896067447467e+02,1.666163896067447467e+02,1.666163896067447467e+02,1.000000000000000000e+00,1.562164954205221869e-02
6.721355467306612264e-01,1.653549388437288599e+02,1.653549388437288599e+02,1.653549388437288599e+02,1.000000000000000000e+00,1.595110136253064317e-02
6.744616168516026633e-01,1.641023557564330417e+02,1.641023557564330417e+02,1.641023557564330417e+02,1.000000000000000000e+00,1.627071034927214319e-02
6.767957368402141016e-01,1.628585883649695347e+02,1.628585883649695347e+02,1.628585883649695347e+02,1.000000000000000000e+00,1.657999707700869019e-02
6.791379345548013147e-01,1.616235848642909900e+02,1.616235848642909900e+02,1.616235848642909900e+02,1.000000000000000000e+00,1.687849855607142721e-02
6.814882379500758480e-01,1.603972936252606587e+02,1.603972936252606587e+02,1.603972936252606587e+02,1.000000000000000000e+00,1.716576880612151468e-02
6.838466750774964131e-01,1.591796631957017212e+02,1.591796631957017212e+02,1.591796631957017212e+02,1.000000000000000000e+00,1.744137941608838241e-02
6.862132740855996227e-01,1.579706423014249879e+02,1.579706423014249879e+02,1.579706423014249879e+02,1.000000000000000000e+00,1.770492008928920349e-02
6.885880632203328355e-01,1.567701798472231758e+02,1.567701798472231758e+02,1.567701798472231758e+02,1.000000000000000000e+00,1.795599917270444476e-02
6.909710708253991029e-01,1.555782249178372183e+02,1.555782249178372183e+02,1.555782249178372183e+02,1.000000000000000000e+00,1.819424416938322797e-02
6.933623253425864608e-01,1.543947267789066871e+02,1.543947267789066871e+02,1.543947267789066871e+02,1.000000000000000000e+00,1.841930223294552249e-02
6.957618553121152072e-01,1.532196348778826120e+02,1.532196348778826120e+02,1.532196348778826120e+02,1.000000000000000000e+00,1.863084064315553845e-02
6.981696893729756326e-01,1.520528988449243286e+02,1.520528988449243286e+02,1.520528988449243286e+02,1.000000000000000000e+00,1.882854726153789307e-02
7.005858562632654163e-01,1.508944684937659417e+02,1.508944684937659417e+02,1.508944684937659417e+02,1.000000000000000000e+00,1.901213096601496108e-02
7.030103848205416783e-01,1.497442938225593991e+02,1.497442938225593991e+02,1.497442938225593991e+02,1.000000000000000000e+00,1.918132206355237582e-02
7.054433039821551565e-01,1.486023250146920986e+02,1.486023250146920986e+02,1.486023250146920986e+02,1.000000000000000000e+00,1.933587267980100416e-02
7.078846427856043677e-01,1.474685124395814455e+02,1.474685124395814455e+02,1.474685124395814455e+02,1.000000000000000000e+00,1.947555712474358450e-02
7.103344303688782224e-01,1.463428066534461038e+02,1.463428066534461038e+02,1.463428066534461038e+02,1.000000000000000000e+00,1.960017223335749903e-02
7.127926959708001942e-01,1.452251584000463538e+02,1.452251584000463538e+02,1.452251584000463538e+02,1.000000000000000000e+00,1.970953768032435507e-02
7.152594689313847010e-01,1.441155186114117441e+02,1.441155186114117441e+02,1.441155186114117441e+02,1.000000000000000000e+00,1.980349626783647204e-02
7.177347786921840500e-01,1.430138384085390726e+02,1.430138384085390726e+02,1.430138384085390726e+02,1.000000000000000000e+00,1.988191418556117113e-02
7.202186547966350494e-01,1.419200691020624276e+02,1.419200691020624276e+02,1.419200691020624276e+02,1.000000000000000000e+00,1.994468124185120109e-02
7.227111268904212737e-01,1.408341621929117480e+02,1.408341621929117480e+02,1.408341621929117480e+02,1.000000000000000000e+00,1.999171106531507855e-02
7.252122247218165674e-01,1.397560693729415391e+02,1.397560693729415391e+02,1.397560693729415391e+02,1.000000000000000000e+00,2.002294127587802772e-02
7.277219781420486422e-01,1.386857425255333283e+02,1.386857425255333283e+02,1.386857425255333283e+02,1.000000000000000000e+00,2.003833362450207697e-02
7.302404171056522397e-01,1.376231337261862677e+02,1.376231337261862677e+02,1.376231337261862677e+02,1.000000000000000000e+00,2.003787410075982475e-02
7.327675716708219600e-01,1.365681952430796855e+02,1.365681952430796855e+02,1.365681952430796855e+02,1.000000000000000000e+00,2.002157300748938842e-02
7.353034719997795232e-01,1.355208795376094884e+02,1.355208795376094884e+02,1.355208795376094884e+02,1.000000000000000000e+00,1.998946500179564489e-02
7.378481483591291523e-01,1.344811392649149866e+02,1.344811392649149866e+02,1.344811392649149866e+02,1.000000000000000000e+00,1.994160910170103204e-02
7.404016311202156198e-01,1.334489272743706181e+02,1.334489272743706181e+02,1.334489272743706181e+02,1.000000000000000000e+00,1.987808865778644546e-02
7.429639507594951731e-01,1.324241966100703962e+02,1.324241966100703962e+02,1.324241966100703962e+02,1.000000000000000000e+00,1.979901128921316561e-02
7.455351378588894740e-01,1.314069005112791331e+02,1.314069005112791331e+02,1.314069005112791331e+02,1.000000000000000000e+00,1.970450878355292298e-02
7.481152231061595215e-01,1.303969924128703894e+02,1.303969924128703894e+02,1.303969924128703894e+02,1.000000000000000000e+00,1.959473695991147818e-02
7.507042372952674736e-01,1.293944259457474288e+02,1.293944259457474288e+02,1.293944259457474288e+02,1.000000000000000000e+00,1.946987549487535357e-02
7.533022113267411335e-01,1.283991549372302643e+02,1.283991549372302643e+02,1.283991549372302643e+02,1.000000000000000000e+00,1.933012771086517478e-02
7.559091762080515364e-01,1.274111334114367224e+02,1.274111334114367224e+02,1.274111334114367224e+02,1.000000000000000000e+00,1.917572032654061426e-02
7.585251630539721068e-01,1.264303155896428450e+02,1.264303155896428450e+02,1.264303155896428450e+02,1.000000000000000000e+00,1.900690316895408197e-02
7.611502030869596869e-01,1.254566558906112874e+02,1.254566558906112874e+02,1.254566558906112874e+02,1.000000000000000000e+00,1.882394884721206099e-02
7.637843276375237966e-01,1.244901089309146442e+02,1.244901089309146442e+02,1.244901089309146442e+02,1.000000000000000000e+00,1.862715238747160440e-02
7.664275681445950061e-01,1.235306295252365487e+02,1.235306295252365487e+02,1.235306295252365487e+02,1.000000000000000000e+00,1.841683082915927805e-02
7.690799561559098496e-01,1.225781726866461838e+02,1.225781726866461838e+02,1.225781726866461838e+02,1.000000000000000000e+00,1.819332278236847691e-02
7.717415233283821951e-01,1.216326936268637979e+02,1.216326936268637979e+02,1.216326936268637979e+02,1.000000000000000000e+00,1.795698794646614568e-02
7.744123014284777229e-01,1.206941477565070358e+02,1.206941477565070358e+02,1.206941477565070358e+02,1.000000000000000000e+00,1.770820659000719652e-02
7.770923223326020590e-01,1.197624906853088049e+02,1.197624906853088049e+02,1.197624906853088049e+02,1.000000000000000000e+00,1.744737899212914917e-02
7.797816180274704800e-01,1.188376782223339490e+02,1.188376782223339490e+02,1.188376782223339490e+02,1.000000000000000000e+00,1.717492484568363190e-02
7.824802206104995994e-01,1.179196663761639456e+02,1.179196663761639456e+02,1.179196663761639456e+02,1.000000000000000000e+00,1.689128262242775569e-02
7.851881622901858426e-01,1.170084113550715159e+02,1.170084113550715159e+02,1.170084113550715159e+02,1.000000000000000000e+00,1.659690890069034225e-02
7.879054753864861427e-01,1.161038695671772984e+02,1.161038695671772984e+02,1.161038695671772984e+02,1.000000000000000000e+00,1.629227765600281541e-02
7.906321923312114031e-01,1.152059976205879224e+02,1.152059976205879224e+02,1.152059976205879224e+02,1.000000000000000000e+00,1.597787951526930678e-02
7.933683456684100799e-01,1.143147523235183201e+02,1.143147523235183201e+02,1.143147523235183201e+02,1.000000000000000000e+00,1.565422097513829297e-02
7.961139680547522079e-01,1.134300906843994170e+02,1.134300906843994170e+02,1.134300906843994170e+02,1.000000000000000000e+00,1.532182358532192465e-02
7.988690922599288591e-01,1.125519699119618906e+02,1.125519699119618906e+02,1.125519699119618906e+02,1.000000000000000000e+00,1.498122309769480548e-02
8.016337511670317273e-01,1.116803474153196731e+02,1.116803474153196731e+02,1.116803474153196731e+02,1.000000000000000000e+00,1.463296858210062258e-02
8.044079777729562508e-01,1.108151808040167623e+02,1.108151808040167623e+02,1.108151808040167623e+02,1.000000000000000000e+00,1.427762150987045738e-02
8.071918051887904122e-01,1.099564278880768455e+02,1.099564278880768455e+02,1.099564278880768455e+02,1.000000000000000000e+00,1.391575480616250200e-02
8.099852666402063139e-01,1.091040466780266058e+02,1.091040466780266058e+02,1.091040466780266058e+02,1.000000000000000000e+00,1.354795187231061689e-02
8.127883954678659650e-01,1.082579953849088952e+02,1.082579953849088952e+02,1.082579953849088952e+02,1.000000000000000000e+00,1.317480557946515939e-02
8.156012251278085268e-01,1.074182322919263299e+02,1.074182322919263299e+02,1.074182322919263299e+02,1.000000000000000000e+00,1.279691721961111195e-02
8.184237891918592078e-01,1.065847140451644748e+02,1.065847140451644748e+02,1.065847140451644748e+02,1.000000000000000000e+00,1.241489524861506127e-02
8.212561213480258360e-01,1.057573961773864255e+02,1.057573961773864255e+02,1.057573961773864255e+02,1.000000000000000000e+00,1.202935428715953825e-02
8.240982554008963179e-01,1.049362344911008620e+02,1.049362344911008620e+02,1.049362344911008620e+02,1.000000000000000000e+00,1.164091418761069481e-02
8.269502252720509761e-01,1.041211850909363648e+02,1.041211850909363648e+02,1.041211850909363648e+02,1.000000000000000000e+00,1.125019891131487544e-02
8.298120650004634502e-01,1.033122043816558886e+02,1.033122043816558886e+02,1.033122043816558886e+02,1.000000000000000000e+00,1.085783538219447369e-02
8.326838087429020430e-01,1.025092490661849212e+02,1.025092490661849212e+02,1.025092490661849212e+02,1.000000000000000000e+00,1.046445232272916713e-02
8.355654907743476079e-01,1.017122761436472729e+02,1.017122761436472729e+02,1.017122761436472729e+02,1.000000000000000000e+00,1.007067907431126452e-02
8.384571454883912311e-01,1.009212429074220125e+02,1.009212429074220125e+02,1.009212429074220125e+02,1.000000000000000000e+00,9.677144404056096244e-03
8.413588073976547843e-01,1.001361069432029751e+02,1.001361069432029751e+02,1.001361069432029751e+02,1.000000000000000000e+00,9.284475300219115559e-03
8.442705111341983759e-01,9.935682612707795158e+01,9.935682612707795158e+01,9.935682612707795158e+01,1.000000000000000000e+00,8.893295758463351866e-03
8.471922914499301349e-01,9.858335862361916213e+01,9.858335862361916213e+01,9.858335862361916213e+01,1.000000000000000000e+00,8.504225561290369023e-03
8.501241832170283175e-01,9.781566288398057907e+01,9.781566288398057907e+01,9.781566288398057907e+01,1.000000000000000000e+00,8.117879053022525326e-03
8.530662214283538658e-01,9.705369764401102373e+01,9.705369764401102373e+01,9.705369764401102373e+01,1.000000000000000000e+00,7.734863912800396708e-03
8.560184411978641883e-01,9.629742192238390430e+01,9.629742192238390430e+01,9.629742192238390430e+01,1.000000000000000000e+00,7.355779928121418919e-03
8.589808777610417057e-01,9.554679501872959690e+01,9.554679501872959690e+01,9.554679501872959690e+01,1.000000000000000000e+00,6.981217771507601359e-03
8.619535664753029680e-01,9.480177651178590281e+01,9.480177651178590281e+01,9.480177651178590281e+01,1.000000000000000000e+00,6.611757782956489797e-03
8.649365428204306427e-01,9.406232625755980337e+01,9.406232625755980337e+01,9.406232625755980337e+01,1.000000000000000000e+00,6.247968760873134908e-03
8.679298423989936229e-01,9.332840438749622081e+01,9.332840438749622081e+01,9.332840438749622081e+01,1.000000000000000000e+00,5.890406764238819738e-03
8.709335009367656921e-01,9.259997130666724274e+01,9.259997130666724274e+01,9.259997130666724274e+01,1.000000000000000000e+00,5.539613928811858677e-03
8.739475542831642851e-01,9.187698769196282456e+01,9.187698769196282456e+01,9.187698769196282456e+01,1.000000000000000000e+00,5.196117300190841899e-03
8.769720384116648226e-01,9.115941449030199806e+01,9.115941449030199806e+01,9.115941449030199806e+01,1.000000000000000000e+00,4.860427686611912788e-03
8.800069894202415810e-01,9.044721291684729181e+01,9.044721291684729181e+01,9.044721291684729181e+01,1.000000000000000000e+00,4.533038534365326812e-03
8.830524435317933518e-01,8.974034445323718501e+01,8.974034445323718501e+01,8.974034445323718501e+01,1.000000000000000000e+00,4.214424828747160776e-03
8.861084370945720989e-01,8.903877084582745738e+01,8.903877084582745738e+01,8.903877084582745738e+01,1.000000000000000000e+00,3.905042023466706071e-03
8.891750065826247162e-01,8.834245410394080977e+01,8.834245410394080977e+01,8.834245410394080977e+01,1.000000000000000000e+00,3.605325001436777282e-03
8.922521885962247934e-01,8.765135649813393570e+01,8.765135649813393570e+01,8.765135649813393570e+01,1.000000000000000000e+00,3.315687069875098651e-03
8.953400198623040485e-01,8.696544055846956667e+01,8.696544055846956667e+01,8.696544055846956667e+01,1.000000000000000000e+00,3.036518992630740828e-03
8.984385372349025234e-01,8.628466907280213150e+01,8.628466907280213150e+01,8.628466907280213150e+01,1.000000000000000000e+00,2.768188062631685414e-03
9.015477776955946876e-01,8.560900508507559437e+01,8.560900508507559437e+01,8.560900508507559437e+01,1.000000000000000000e+00,2.511037217327741558e-03
9.046677783539428530e-01,8.493841189362865407e+01,8.493841189362865407e+01,8.493841189362865407e+01,1.000000000000000000e+00,2.265384199960242435e-03
9.077985764479348241e-01,8.427285304951550415e+01,8.427285304951550415e+01,8.427285304951550415e+01,1.000000000000000000e+00,2.031520769454194571e-03
9.109402093444238790e-01,8.361229235483290267e+01,8.361229235483290267e+01,8.361229235483290267e+01,1.000000000000000000e+00,1.809711961670353031e-03
9.140927145395839615e-01,8.295669386106042964e+01,8.295669386106042964e+01,8.295669386106042964e+01,1.000000000000000000e+00,1.600195404694037616e-03
9.172561296593527702e-01,8.230602186740858883e+01,8.230602186740858883e+01,8.230602186740858883e+01,1.000000000000000000e+00,1.403180690768730159e-03
9.204304924598757376e-01,8.166024091918350791e+01,8.166024091918350791e+01,8.166024091918350791e+01,1.000000000000000000e+00,1.218848807399201123e-03
9.236158408279682153e-01,8.101931580615422490e+01,8.101931580615422490e+01,8.101931580615422490e+01,1.000000000000000000e+00,1.047351630058529189e-03
9.268122127815543454e-01,8.038321156093697084e+01,8.038321156093697084e+01,8.038321156093697084e+01,1.000000000000000000e+00,8.888114788372230039e-04
9.300196464701323551e-01,7.975189345738394309e+01,7.975189345738394309e+01,7.975189345738394309e+01,1.000000000000000000e+00,7.433207412576085761e-04
9.332381801752254180e-01,7.912532700898884741e+01,7.912532700898884741e+01,7.912532700898884741e+01,1.000000000000000000e+00,6.109415633626248242e-04
9.364678523108328489e-01,7.850347796729752758e+01,7.850347796729752758e+01,7.850347796729752758e+01,1.000000000000000000e+00,4.917056110556056875e-04
9.397087014239009495e-01,7.788631232032935259e+01,7.788631232032935259e+01,7.788631232032935259e+01,1.000000000000000000e+00,3.856139035294004771e-04
9.429607661947688735e-01,7.727379629101322678e+01,7.727379629101322678e+01,7.727379629101322678e+01,1.000000000000000000e+00,2.926367204767791838e-04
9.462240854376426924e-01,7.666589633562604433e+01,7.666589633562604433e+01,7.666589633562604433e+01,1.000000000000000000e+00,2.127135846123995137e-04
9.494986981010534732e-01,7.606257914224730143e+01,7.606257914224730143e+01,7.606257914224730143e+01,1.000000000000000000e+00,1.457533208725728005e-04
9.527846432683169109e-01,7.546381162922384078e+01,7.546381162922384078e+01,7.546381162922384078e+01,1.000000000000000000e+00,9.163419347982651767e-05
9.560819601580102800e-01,7.486956094363661407e+01,7.486956094363661407e+01,7.486956094363661407e+01,1.000000000000000000e+00,5.020412187391268412e-05
9.593906881244348428e-01,7.427979445978765227e+01,7.427979445978765227e+01,7.427979445978765227e+01,1.000000000000000000e+00,2.128097631693864729e-05
9.627108666580811436e-01,7.369447977769023339e+01,7.369447977769023339e+01,7.369447977769023339e+01,1.000000000000000000e+00,4.652953775757116053e-06
9.660425353861114006e-01,7.311358472156901200e+01,7.311358472156901200e+01,7.311358472156901200e+01,1.000000000000000000e+00,7.903447374596492312e-08
9.693857340728200267e-01,7.253707733837350702e+01,7.253707733837350702e+01,7.253707733837350702e+01,1.000000000000000000e+00,7.289519284834858025e-06
9.727405026201190186e-01,7.196492589629610848e+01,7.196492589629610848e+01,7.196492589629610848e+01,1.000000000000000000e+00,2.598664791528989258e-05
9.761068810680098018e-01,7.139709888330403942e+01,7.139709888330403942e+01,7.139709888330403942e+01,1.000000000000000000e+00,5.584529758530603857e-05
9.794849095950555196e-01,7.083356500567892056e+01,7.083356500567892056e+01,7.083356500567892056e+01,1.000000000000000000e+00,9.651376168180744535e-05
9.828746285188710852e-01,7.027429318656288615e+01,7.027429318656288615e+01,7.027429318656288615e+01,1.000000000000000000e+00,1.476146076080456779e-04
9.862760782965994677e-01,6.971925256451937969e+01,6.971925256451937969e+01,6.971925256451937969e+01,1.000000000000000000e+00,2.087456128034729315e-04
9.896892995253887548e-01,6.916841249210058606e+01,6.916841249210058606e+01,6.916841249210058606e+01,1.000000000000000000e+00,2.794807776513737706e-04
9.931143329428895328e-01,6.862174253442103122e+01,6.862174253442103122e+01,6.862174253442103122e+01,1.000000000000000000e+00,3.593714137319651766e-04
9.965512194277263980e-01,6.807921246774722590e+01,6.807921246774722590e+01,6.807921246774722590e+01,1.000000000000000000e+00,4.479473056137806735e-04
9.999999999999991118e-01,6.754079227808954045e+01,6.754079227808954045e+01,6.754079227808954045e+01,1.000000000000000000e+00,5.447179441121668183e-04
1.003460715821765881e+00,6.700645215980556202e+01,6.700645215980556202e+01,6.700645215980556202e+01,1.000000000000000000e+00,6.491738286738728617e-04
1.006933408197529856e+00,6.647616251421661104e+01,6.647616251421661104e+01,6.647616251421661104e+01,1.000000000000000000e+00,7.607878362797008357e-04
1.010418118574744506e+00,6.594989394822333395e+01,6.594989394822333395e+01,6.594989394822333395e+01,1.000000000000000000e+00,8.790166539888056435e-04
1.013914888544294124e+00,6.542761727294251273e+01,6.542761727294251273e+01,6.542761727294251273e+01,1.000000000000000000e+00,1.003302271979144471e-03
1.017423759841002306e+00,6.490930355489366832e+01,6.490930355489366832e+01,6.490930355489366832e+01,1.000000000000000000e+00,1.133073534593340799e-03
1.020944774344125561e+00,6.439492439918811328e+01,6.439492439918811328e+01,6.439492439918811328e+01,1.000000000000000000e+00,1.267747750069903598e-03
1.024477974077846465e+00,6.388445173300134172e+01,6.388445173300134172e+01,6.388445173300134172e+01,1.000000000000000000e+00,1.406732342818660560e-03
1.028023401211787258e+00,6.337785766627973061e+01,6.337785766627973061e+01,6.337785766627973061e+01,1.000000000000000000e+00,1.549426550223078703e-03
1.031581098061507440e+00,6.287511449036698252e+01,6.287511449036698252e+01,6.287511449036698252e+01,1.000000000000000000e+00,1.695223162048017408e-03
1.035151107089002487e+00,6.237619467699598630e+01,6.237619467699598630e+01,6.237619467699598630e+01,1.000000000000000000e+00,1.843510295954078112e-03
1.038733470903224543e+00,6.188107087728131717e+01,6.188107087728131717e+01,6.188107087728131717e+01,1.000000000000000000e+00,1.993673204212667669e-03
1.042328232260576248e+00,6.138971592072083183e+01,6.138971592072083183e+01,6.138971592072083183e+01,1.000000000000000000e+00,2.145096106498105455e-03
1.045935434065432768e+00,6.090210281419624039e+01,6.090210281419624039e+01,6.090210281419624039e+01,1.000000000000000000e+00,2.297164043427818176e-03
1.049555119370649381e+00,6.041820474097913518e+01,6.041820474097913518e+01,6.041820474097913518e+01,1.000000000000000000e+00,2.449264745320247402e-03
1.053187331378069747e+00,5.993799505974571673e+01,5.993799505974571673e+01,5.993799505974571673e+01,1.000000000000000000e+00,2.600790510458514393e-03
1.056832113439052367e+00,5.946144730358710717e+01,5.946144730358710717e+01,5.946144730358710717e+01,1.000000000000000000e+00,2.751140086977763976e-03
1.060489509054981960e+00,5.898853517902941235e+01,5.898853517902941235e+01,5.898853517902941235e+01,1.000000000000000000e+00,2.899720552338565672e-03
1.064159561877784377e+00,5.851923256505876481e+01,5.851923256505876481e+01,5.851923256505876481e+01,1.000000000000000000e+00,3.045949184213423214e-03
1.067842315710459067e+00,5.805351351214361699e+01,5.805351351214361699e+01,5.805351351214361699e+01,1.000000000000000000e+00,3.189255316493587629e-03
1.071537814507588449e+00,5.759135224127069108e+01,5.759135224127069108e+01,5.759135224127069108e+01,1.000000000000000000e+00,3.329082174021950630e-03
1.075246102375874369e+00,5.713272314297524446e+01,5.713272314297524446e+01,5.713272314297524446e+01,1.000000000000000000e+00,3.464888679580239474e-03
1.078967223574659462e+00,5.667760077638104832e+01,5.667760077638104832e+01,5.667760077638104832e+01,1.000000000000000000e+00,3.596151226597548139e-03
1.082701222516449846e+00,5.622595986824491376e+01,5.622595986824491376e+01,5.622595986824491376e+01,1.000000000000000000e+00,3.722365411012668393e-03
1.086448143767458685e+00,5.577777531200105443e+01,5.577777531200105443e+01,5.577777531200105443e+01,1.000000000000000000e+00,3.843047715709463526e-03
1.090208032048122000e+00,5.533302216681254748e+01,5.533302216681254748e+01,5.533302216681254748e+01,1.000000000000000000e+00,3.957737140953661303e-03
1.093980932233646231e+00,5.489167565662621229e+01,5.489167565662621229e+01,5.489167565662621229e+01,1.000000000000000000e+00,4.065996774299480976e-03
1.097766889354538256e+00,5.445371116923067945e+01,5.445371116923067945e+01,5.445371116923067945e+01,1.000000000000000000e+00,4.167415293492375203e-03
1.101565948597137190e+00,5.401910425531949755e+01,5.401910425531949755e+01,5.401910425531949755e+01,1.000000000000000000e+00,4.261608395985870892e-03
1.105378155304164611e+00,5.358783062755735216e+01,5.358783062755735216e+01,5.358783062755735216e+01,1.000000000000000000e+00,4.348220148805868532e-03
1.109203554975261019e+00,5.315986615965046269e+01,5.315986615965046269e+01,5.315986615965046269e+01,1.000000000000000000e+00,4.426924252638098425e-03
1.113042193267521851e+00,5.273518688542137767e+01,5.273518688542137767e+01,5.273518688542137767e+01,1.000000000000000000e+00,4.497425214187970519e-03
1.116894115996056813e+00,5.231376899788707391e+01,5.231376899788707391e+01,5.231376899788707391e+01,1.000000000000000000e+00,4.559459421062769802e-03
1.120759369134520567e+00,5.189558884834173824e+01,5.189558884834173824e+01,5.189558884834173824e+01,1.000000000000000000e+00,4.612796113653478726e-03
1.124637998815675610e+00,5.148062294544261874e+01,5.148062294544261874e+01,5.148062294544261874e+01,1.000000000000000000e+00,4.657238248754926556e-03
1.128530051331937178e+00,5.106884795430063662e+01,5.106884795430063662e+01,5.106884795430063662e+01,1.000000000000000000e+00,4.692623249947524416e-03
1.132435573135918583e+00,5.066024069557538212e+01,5.066024069557538212e+01,5.066024069557538212e+01,1.000000000000000000e+00,4.718823640081741544e-03
1.136354610840999868e+00,5.025477814457108394e+01,5.025477814457108394e+01,5.025477814457108394e+01,1.000000000000000000e+00,4.735747551550689022e-03
1.140287211221874708e+00,4.985243743034112640e+01,4.985243743034112640e+01,4.985243743034112640e+01,1.000000000000000000e+00,4.743339110408926855e-03
1.144233421215106405e+00,4.945319583479273007e+01,4.945319583479273007e+01,4.945319583479273007e+01,1.000000000000000000e+00,4.741578690796090234e-03
1.148193287919699657e+00,4.905703079179745885e+01,4.905703079179745885e+01,4.905703079179745885e+01,1.000000000000000000e+00,4.730483036551892326e-03
1.152166858597647892e+00,4.866391988630507370e+01,4.866391988630507370e+01,4.866391988630507370e+01,1.000000000000000000e+00,4.710105247361510636e-03
1.156154180674509924e+00,4.827384085346109543e+01,4.827384085346109543e+01,4.827384085346109543e+01,1.000000000000000000e+00,4.680534627249901408e-03
1.160155301739971723e+00,4.788677157772811199e+01,4.788677157772811199e+01,4.788677157772811199e+01,1.000000000000000000e+00,4.641896393745125436e-03
1.164170269548407965e+00,4.750269009201337411e+01,4.750269009201337411e+01,4.750269009201337411e+01,1.000000000000000000e+00,4.594351246556346510e-03
1.168199132019464459e+00,4.712157457679572303e+01,4.712157457679572303e+01,4.712157457679572303e+01,1.000000000000000000e+00,4.538094795156959703e-03
1.172241937238616361e+00,4.674340335926098788e+01,4.674340335926098788e+01,4.674340335926098788e+01,1.000000000000000000e+00,4.473356845230151008e-03
1.176298733457754375e+00,4.636815491243822152e+01,4.636815491243822152e+01,4.636815491243822152e+01,1.000000000000000000e+00,4.400400544515179098e-03
1.180369569095755633e+00,4.599580785434137908e+01,4.599580785434137908e+01,4.599580785434137908e+01,1.000000000000000000e+00,4.319521389192389031e-03
1.184454492739055231e+00,4.562634094711440014e+01,4.562634094711440014e+01,4.562634094711440014e+01,1.000000000000000000e+00,4.231046092555778605e-03
1.188553553142237762e+00,4.525973309618036211e+01,4.525973309618036211e+01,4.525973309618036211e+01,1.000000000000000000e+00,4.135331318344625737e-03
1.192666799228614183e+00,4.489596334939339073e+01,4.489596334939339073e+01,4.489596334939339073e+01,1.000000000000000000e+00,4.032762281737339687e-03
1.196794280090798468e+00,4.453501089619683029e+01,4.453501089619683029e+01,4.453501089619683029e+01,1.000000000000000000e+00,3.923751221647839467e-03
1.200936044991308682e+00,4.417685506678208185e+01,4.417685506678208185e+01,4.417685506678208185e+01,1.000000000000000000e+00,3.808735748603876529e-03
1.205092143363137858e+00,4.382147533125532135e+01,4.382147533125532135e+01,4.382147533125532135e+01,1.000000000000000000e+00,3.688177073129870597e-03
1.209262624810359288e+00,4.346885129880283216e+01,4.346885129880283216e+01,4.346885129880283216e+01,1.000000000000000000e+00,3.562558120190974318e-03
1.213447539108711837e+00,4.311896271686551074e+01,4.311896271686551074e+01,4.311896271686551074e+01,1.000000000000000000e+00,3.432381535890961354e-03
1.217646936206187025e+00,4.277178947031384837e+01,4.277178947031384837e+01,4.277178947031384837e+01,1.000000000000000000e+00,3.298167593236046944e-03
1.221860866223639430e+00,4.242731158062733243e+01,4.242731158062733243e+01,4.242731158062733243e+01,1.000000000000000000e+00,3.160452004387703968e-03
1.226089379455376882e+00,4.208550920507838811e+01,4.208550920507838811e+01,4.208550920507838811e+01,1.000000000000000000e+00,3.019783647422972280e-03
1.230332526369756208e+00,4.174636263592002905e+01,4.174636263592002905e+01,4.174636263592002905e+01,1.000000000000000000e+00,2.876722216193520511e-03
1.234590357609798073e+00,4.140985229957626501e+01,4.140985229957626501e+01,4.140985229957626501e+01,1.000000000000000000e+00,2.731835802426427554e-03
1.238862923993776732e+00,4.107595875583810852e+01,4.107595875583810852e+01,4.107595875583810852e+01,1.000000000000000000e+00,2.585698419736300394e-03
1.243150276515840202e+00,4.074466269706066868e+01,4.074466269706066868e+01,4.074466269706066868e+01,1.000000000000000000e+00,2.438887479709557927e-03
1.247452466346611999e+00,4.041594494736722254e+01,4.041594494736722254e+01,4.041594494736722254e+01,1.000000000000000000e+00,2.291981230685908970e-03
1.251769544833797543e+00,4.008978646185519779e+01,4.008978646185519779e+01,4.008978646185519779e+01,1.000000000000000000e+00,2.145556170282324551e-03
1.256101563502809659e+00,3.976616832580516103e+01,3.976616832580516103e+01,3.976616832580516103e+01,1.000000000000000000e+00,2.000184443087411282e-03
1.260448574057367432e+00,3.944507175389600917e+01,3.944507175389600917e+01,3.944507175389600917e+01,1.000000000000000000e+00,1.856431235293403217e-03
1.264810628380128810e+00,3.912647808941400029e+01,3.912647808941400029e+01,3.912647808941400029e+01,1.000000000000000000e+00,1.714852178318537236e-03
1.269187778533302557e+00,3.881036877977449961e+01,3.881036877977449961e+01,3.881036877977449961e+01,1.000000000000000000e+00,1.575990772753357817e-03
1.273580076759263546e+00,3.849672532446429329e+01,3.849672532446429329e+01,3.849672532446429329e+01,1.000000000000000000e+00,1.440375845491151082e-03
1.277987575481188909e+00,3.818552933736068411e+01,3.818552933736068411e+01,3.818552933736068411e+01,1.000000000000000000e+00,1.308519058096130946e-03
1.282410327303677988e+00,3.787676256148930065e+01,3.787676256148930065e+01,3.787676256148930065e+01,1.000000000000000000e+00,1.180912471482692188e-03
1.286848385013372509e+00,3.757040686819221520e+01,3.757040686819221520e+01,3.757040686819221520e+01,1.000000000000000000e+00,1.058026181541957137e-03
1.291301801579603170e+00,3.726644425629452684e+01,3.726644425629452684e+01,3.726644425629452684e+01,1.000000000000000000e+00,9.403060390629601343e-04
1.295770630155003378e+00,3.696485685128211429e+01,3.696485685128211429e+01,3.696485685128211429e+01,1.000000000000000000e+00,8.281714664361163438e-04
1.300254924076158947e+00,3.666562690447760531e+01,3.666562690447760531e+01,3.666562690447760531e+01,1.000000000000000000e+00,7.220133834249948526e-04
1.304754736864239373e+00,3.636873679222632916e+01,3.636873679222632916e+01,3.636873679222632916e+01,1.000000000000000000e+00,6.221922540281384041e-04
1.309270122225628219e+00,3.607416901508528895e+01,3.607416901508528895e+01,3.607416901508528895e+01,1.000000000000000000e+00,5.290362661105360402e-04
1.313801134052578590e+00,3.578190619701460662e+01,3.578190619701460662e+01,3.578190619701460662e+01,1.000000000000000000e+00,4.428396550723403863e-04
1.318347826423849511e+00,3.549193108457603785e+01,3.549193108457603785e+01,3.549193108457603785e+01,1.000000000000000000e+00,3.638611823388482758e-04
1.322910253605343867e+00,3.520422654613666680e+01,3.520422654613666680e+01,3.520422654613666680e+01,1.000000000000000000e+00,2.923227788962529127e-04
1.327488470050773417e+00,3.491877557107441277e+01,3.491877557107441277e+01,3.491877557107441277e+01,1.000000000000000000e+00,2.284083634675716996e-04
1.332082530402288523e+00,3.463556126899032250e+01,3.463556126899032250e+01,3.463556126899032250e+01,1.000000000000000000e+00,1.722628442227349169e-04
1.336692489491148494e+00,3.435456686892472788e+01,3.435456686892472788e+01,3.435456686892472788e+01,1.000000000000000000e+00,1.239913121426454976e-04
1.341318402338367299e+00,3.407577571857795817e+01,3.407577571857795817e+01,3.407577571857795817e+01,1.000000000000000000e+00,8.365843331888999713e-05
1.345960324155363930e+00,3.379917128353513078e+01,3.379917128353513078e+01,3.379917128353513078e+01,1.000000000000000000e+00,5.128804656307569561e-05
1.350618310344638751e+00,3.352473714649664771e+01,3.352473714649664771e+01,3.352473714649664771e+01,1.000000000000000000e+00,2.686297173080649551e-05
1.355292416500413877e+00,3.325245700651163361e+01,3.325245700651163361e+01,3.325245700651163361e+01,1.000000000000000000e+00,1.032503313659853906e-05
1.359982698409314850e+00,3.298231467821672425e+01,3.298231467821672425e+01,3.298231467821672425e+01,1.000000000000000000e+00,1.575301349935443812e-06
1.364689212051028999e+00,3.271429409107888375e+01,3.271429409107888375e+01,3.271429409107888375e+01,1.000000000000000000e+00,4.745555268562285013e-07
1.369412013598966027e+00,3.244837928864360777e+01,3.244837928864360777e+01,3.244837928864360777e+01,1.000000000000000000e+00,6.843967247397468852e-06
1.374151159420942792e+00,3.218455442778553532e+01,3.218455442778553532e+01,3.218455442778553532e+01,1.000000000000000000e+00,2.046600560480056621e-05
1.378906706079850109e+00,3.192280377796563684e+01,3.192280377796563684e+01,3.192280377796563684e+01,1.000000000000000000e+00,4.108556203217164746e-05
1.383678710334318218e+00,3.166311172049077527e+01,3.166311172049077527e+01,3.166311172049077527e+01,1.000000000000000000e+00,6.841129206294395838e-05
1.388467229139414005e+00,3.140546274777930336e+01,3.140546274777930336e+01,3.140546274777930336e+01,1.000000000000000000e+00,1.021171699103969076e-04
1.393272319647298918e+00,3.114984146262992226e+01,3.114984146262992226e+01,3.114984146262992226e+01,1.000000000000000000e+00,1.418442504244837139e-04
1.398094039207929518e+00,3.089623257749438778e+01,3.089623257749438778e+01,3.089623257749438778e+01,1.000000000000000000e+00,1.872026316513943577e-04
1.402932445369734049e+00,3.064462091375611763e+01,3.064462091375611763e+01,3.064462091375611763e+01,1.000000000000000000e+00,2.377736098875471644e-04
1.407787595880292564e+00,3.039499140101165153e+01,3.039499140101165153e+01,3.039499140101165153e+01,1.000000000000000000e+00,2.931120177965683047e-04
1.412659548687039912e+00,3.014732907635663750e+01,3.014732907635663750e+01,3.014732907635663750e+01,1.000000000000000000e+00,3.527487348522707813e-04
1.417548361937950974e+00,2.990161908367557331e+01,2.990161908367557331e+01,2.990161908367557331e+01,1.000000000000000000e+00,4.161933580911185296e-04
1.422454093982226331e+00,2.965784667293808852e+01,2.965784667293808852e+01,2.965784667293808852e+01,1.000000000000000000e+00,4.829370199156204370e-04
1.427376803371007696e+00,2.941599719949501690e+01,2.941599719949501690e+01,2.941599719949501690e+01,1.000000000000000000e+00,5.524553384930816361e-04
1.432316548858053817e+00,2.917605612338316234e+01,2.917605612338316234e+01,2.917605612338316234e+01,1.000000000000000000e+00,6.242114851506489880e-04
1.437273389400462786e+00,2.893800900863140768e+01,2.893800900863140768e+01,2.893800900863140768e+01,1.000000000000000000e+00,6.976593520917605826e-04
1.442247384159365264e+00,2.870184152257107613e+01,2.870184152257107613e+01,2.870184152257107613e+01,1.000000000000000000e+00,7.722468027529762668e-04
1.447238592500624588e+00,2.846753943515187757e+01,2.846753943515187757e+01,2.846753943515187757e+01,1.000000000000000000e+00,8.474189862011674524e-04
1.452247073995562854e+00,2.823508861826073257e+01,2.823508861826073257e+01,2.823508861826073257e+01,1.000000000000000000e+00,9.226216961426314837e-04
1.457272888421651258e+00,2.800447504504484186e+01,2.800447504504484186e+01,2.800447504504484186e+01,1.000000000000000000e+00,9.973047543877708570e-04
1.462316095763241064e+00,2.777568478923848971e+01,2.777568478923848971e+01,2.777568478923848971e+01,1.000000000000000000e+00,1.070925398000652316e-03
1.467376756212273037e+00,2.754870402449429534e+01,2.754870402449429534e+01,2.754870402449429534e+01,1.000000000000000000e+00,1.142951648862357197e-03
1.472454930168986875e+00,2.732351902371888386e+01,2.732351902371888386e+01,2.732351902371888386e+01,1.000000000000000000e+00,1.212865644006393606e-03
1.477550678242658622e+00,2.710011615841118271e+01,2.710011615841118271e+01,2.710011615841118271e+01,1.000000000000000000e+00,1.280166904845754646e-03
1.482664061252314980e+00,2.687848189800602938e+01,2.687848189800602938e+01,2.687848189800602938e+01,1.000000000000000000e+00,1.344375523311400157e-03
1.487795140227453183e+00,2.665860280922046499e+01,2.665860280922046499e+01,2.665860280922046499e+01,1.000000000000000000e+00,1.405035242970050771e-03
1.492943976408785955e+00,2.644046555540510823e+01,2.644046555540510823e+01,2.644046555540510823e+01,1.000000000000000000e+00,1.461716413387017599e-03
1.498110631248952496e+00,2.622405689589866995e+01,2.622405689589866995e+01,2.622405689589866995e+01,1.000000000000000000e+00,1.514018796351291989e-03
1.503295166413269879e+00,2.600936368538624777e+01,2.595235213930971341e+01,2.598084227430893378e+01,9.989034175759808898e-01,1.561574203093077547e-03
1.508497643780461805e+00,2.579637287326195860e+01,2.565105717561487353e+01,2.572361241146979793e+01,9.971794305288718130e-01,1.604048942293313752e-03
1.513718125443388240e+00,2.558507150299539390e+01,2.535320586403877741e+01,2.546887482519779766e+01,9.954584188758670571e-01,1.641146059518553291e-03
1.518956673709802363e+00,2.537544671150130426e+01,2.505875955914457620e+01,2.521660599385645085e+01,9.937403774817938906e-01,1.672607349708371636e-03
1.524213351103087977e+00,2.516748572851296473e+01,2.476768003996849643e+01,2.496678261078672634e+01,9.920253012203418264e-01,1.698215125495571715e-03
1.529488220362995810e+00,2.496117587596132381e+01,2.447992950547593693e+01,2.471938158242070216e+01,9.903131849740508530e-01,1.717793725451671402e-03
1.534781344446411788e+00,2.475650456735410998e+01,2.419547057006058211e+01,2.447438002640693355e+01,9.886040236342893417e-01,1.731210747814012707e-03
1.540092786528087343e+00,2.455345930716304892e+01,2.391426625909521775e+01,2.423175526975618865e+01,9.868978121012459415e-01,1.738377996864013796e-03
1.545422610001411012e+00,2.435202769021097780e+01,2.363628000452453293e+01,2.399148484699855643e+01,9.851945452839087070e-01,1.739252130880114197e-03
1.550770878479158954e+00,2.415219740106491741e+01,2.336147564050626713e+01,2.375354649835844612e+01,9.834942181000518868e-01,1.733835002476845095e-03
1.556137655794244123e+00,2.395395621343267223e+01,2.308981739909767583e+01,2.351791816794466072e+01,9.817968254762237112e-01,1.722173684153194837e-03
1.561523006000498093e+00,2.375729198956168631e+01,2.282126990598508698e+01,2.328457800195409533e+01,9.801023623477251867e-01,1.704360173998222113e-03
1.566926993373414012e+00,2.356219267964335273e+01,2.255579817626026085e+01,2.305350434689252026e+01,9.784108236586014362e-01,1.680530778728119273e-03
1.572349682410931981e+00,2.336864632121906027e+01,2.229336761023845170e+01,2.282467574780818254e+01,9.767222043616217153e-01,1.650865173541958856e-03
1.577791137834201329e+00,2.317664103860908753e+01,2.203394398933861353e+01,2.259807094655911897e+01,9.750364994182655343e-01,1.615585140671042417e-03
1.583251424588344669e+00,2.298616504359191026e+01,2.177749347318773943e+01,2.237366888130864595e+01,9.733537037987111118e-01,1.574952991022008503e-03
1.588730607843249487e+00,2.279720663562799743e+01,2.152398259630930255e+01,2.215144868557638702e+01,9.716738124818150579e-01,1.529269675584495666e-03
1.594228752994337528e+00,2.260975419928159624e+01,2.127337826219902084e+01,2.193138968457448357e+01,9.699968204550996065e-01,1.478872595750259020e-03
1.599745925663337731e+00,2.242379620344031110e+01,2.102564773916417806e+01,2.171347139331578902e+01,9.683227227147407357e-01,1.424133124675667529e-03
1.605282191699087591e+00,2.223932120074487528e+01,2.078075865640107978e+01,2.149767351493791523e+01,9.666515142655469628e-01,1.365453853865679747e-03
1.610837617178298098e+00,2.205631782702400656e+01,2.053867900011550418e+01,2.128397593904323060e+01,9.649831901209511287e-01,1.303265581705086726e-03
1.616412268406361319e+00,2.187477480073134117e+01,2.029937710968185627e+01,2.107235874005117893e+01,9.633177453029899695e-01,1.238024063062773865e-03
1.622006211918132879e+00,2.169468092238674117e+01,2.006282167384362580e+01,2.086280217556554817e+01,9.616551748422914603e-01,1.170206541400484797e-03
1.627619514478718887e+00,2.151602507402128239e+01,1.982898172695379557e+01,2.065528668475573681e+01,9.599954737780627134e-01,1.100308087016444976e-03
1.633252243084288846e+00,2.133879621862361731e+01,1.959782664525233642e+01,2.044979288674953111e+01,9.583386371580698837e-01,1.028837767127254626e-03
1.638904464962866570e+00,2.116298339959218211e+01,1.936932614318524415e+01,2.024630157904194050e+01,9.566846600386263999e-01,9.563146754170690541e-04
1.644576247575124661e+00,2.098857574018984451e+01,1.914345026976112862e+01,2.004479373591654578e+01,9.550335374845800862e-01,8.832638504361233411e-04
1.650267658615209854e+00,2.081556244300075420e+01,1.892016940494464805e+01,1.984525050687891223e+01,9.533852645692929562e-01,8.102121137935177275e-04
1.655978766011526382e+00,2.064393278939242293e+01,1.869945425608983669e+01,1.964765321510527585e+01,9.517398363746335521e-01,7.376838604413868059e-04
1.661709637927569316e+00,2.047367613897933936e+01,1.848127585440870035e+01,1.945198335590236027e+01,9.500972479909554069e-01,6.661968344651665380e-04
1.667460342762727477e+00,2.030478192909161805e+01,1.826560555147868570e+01,1.925822259518203694e+01,9.484574945170858307e-01,5.962579246673625289e-04
1.673230949153092117e+00,2.013723967424542849e+01,1.805241501578540309e+01,1.906635276794746048e+01,9.468205710603135872e-01,5.283590148349999287e-04
1.679021525972292928e+00,1.997103896561668890e+01,1.784167622930128871e+01,1.887635587679181981e+01,9.451864727363689100e-01,4.629729239046347891e-04
1.684832142332312044e+00,1.980616947052001819e+01,1.763336148410222393e+01,1.868821409041187920e+01,9.435551946694118453e-01,4.005494712687151224e-04
1.690662867584299622e+00,1.964262093188770919e+01,1.742744337901680041e+01,1.850190974213103345e+01,9.419267319920199277e-01,3.415117021900052692e-04
1.696513771319422270e+00,1.948038316775485512e+01,1.722389481631303809e+01,1.831742532843752613e+01,9.403010798451680863e-01,2.862523077011676831e-04
1.702384923369669290e+00,1.931944607074603226e+01,1.702268899841888583e+01,1.813474350753369535e+01,9.386782333782207610e-01,2.351302724574218651e-04
1.708276393808708660e+00,1.915979960756524392e+01,1.682379942467677125e+01,1.795384709789738764e+01,9.370581877489111422e-01,1.884677827754149587e-04
1.714188252952713265e+00,1.900143381848942425e+01,1.662719988813292815e+01,1.777471907685611185e+01,9.354409381233298459e-01,1.465474255356893050e-04
1.720120571361190009e+00,1.884433881686523904e+01,1.643286447236057057e+01,1.759734257917342504e+01,9.338264796759129238e-01,1.096097067462385049e-04
1.726073419837846457e+00,1.868850478860840525e+01,1.624076754831559199e+01,1.742170089564655200e+01,9.322148075894207686e-01,7.785091637022339072e-05
1.732046869431407066e+00,1.853392199170652788e+01,1.605088377122624266e+01,1.724777747171662412e+01,9.306059170549318971e-01,5.142136352017002846e-05
1.738040991436486715e+00,1.838058075572473982e+01,1.586318807751470317e+01,1.707555590609011276e+01,9.289998032718215226e-01,3.042400332365675111e-05
1.744055857394430253e+00,1.822847148131460315e+01,1.567765568175157398e+01,1.690501994937238806e+01,9.273964614477500090e-01,1.491347369161448851e-05
1.750091539094156934e+00,1.807758463972648499e+01,1.549426207364278696e+01,1.673615350271326463e+01,9.257958867986516571e-01,4.895556884586435701e-06
1.756148108573036826e+00,1.792791077232368835e+01,1.531298301504683046e+01,1.656894061646271155e+01,9.241980745487146098e-01,3.270772001282001261e-07
1.762225638117741244e+00,1.777944049010102745e+01,1.513379453702492938e+01,1.640336548883950130e+01,9.226030199303697499e-01,1.116242320507994875e-06
1.768324200265095181e+00,1.763216447320563773e+01,1.495667293692158673e+01,1.623941246461044230e+01,9.210107181842783763e-01,7.123431892650641075e-06
1.774443867802965702e+00,1.748607347046085181e+01,1.478159477547573886e+01,1.607706603378082377e+01,9.194211645593128868e-01,1.816243279486595832e-05
1.780584713771105276e+00,1.734115829889345406e+01,1.460853687396307521e+01,1.591631083029656857e+01,9.178343543125486725e-01,3.400211631141540495e-05
1.786746811462045281e+00,1.719740984326300648e+01,1.443747631136739784e+01,1.575713163075647394e+01,9.162502827092444679e-01,5.436854812467361154e-05
1.792930234421963531e+00,1.705481905559489775e+01,1.426839042158268711e+01,1.559951335313624909e+01,9.146689450228303597e-01,7.894751768501519131e-05
1.799135056451548476e+00,1.691337695471666791e+01,1.410125679064507054e+01,1.544344105552380597e+01,9.130903365348965739e-01,1.073874691733542000e-04
1.805361351606902254e+00,1.677307462579572572e+01,1.393605325399245665e+01,1.528889993486381726e+01,9.115144525351744909e-01,1.393028119744301591e-04
1.811609194200414441e+00,1.663390321988128662e+01,1.377275789375446813e+01,1.513587532571432881e+01,9.099412883215243220e-01,1.742775843749555693e-04
1.817878658801638458e+00,1.649585395344920258e+01,1.361134903607104363e+01,1.498435269901404610e+01,9.083708391999245624e-01,2.118694401375219424e-04
1.824169820238205286e+00,1.635891810794863588e+01,1.345180524843825332e+01,1.483431766085906034e+01,9.068031004844515630e-01,2.516139237246058980e-04
1.830482753596689882e+00,1.622308702935257330e+01,1.329410533708339237e+01,1.468575595129118305e+01,9.052380674972719810e-01,2.930289963033643266e-04
1.836817534223529780e+00,1.608835212771055367e+01,1.313822834436697384e+01,1.453865344309587293e+01,9.036757355686241278e-01,3.356197713003951344e-04
1.843174237725915487e+00,1.595470487670451831e+01,1.298415354621266893e+01,1.439299614061087595e+01,9.021161000368050908e-01,3.788834152376850000e-04
1.849552939972683108e+00,1.582213681320752841e+01,1.283186044956454097e+01,1.424877017854512395e+01,9.005591562481600754e-01,4.223141669145059483e-04
1.855953717095241595e+00,1.569063953684505641e+01,1.268132878987078271e+01,1.410596182080746885e+01,8.990048995570628643e-01,4.654084257444466416e-04
1.862376645488456939e+00,1.556020470955898816e+01,1.253253852859440087e+01,1.396455745934557235e+01,8.974533253259082688e-01,5.076698582509096662e-04
1.868821801811584082e+00,1.543082405517472466e+01,1.238546985075022633e+01,1.382454361299489243e+01,8.959044289250925885e-01,5.486144704070346169e-04
1.875289262989176198e+00,1.530248935897049023e+01,1.224010316246780405e+01,1.368590692633720352e+01,8.943582057330019541e-01,5.877755927045573252e-04
1.881779106211988628e+00,1.517519246725029092e+01,1.209641908858091774e+01,1.354863416856975178e+01,8.928146511360018911e-01,6.247087245825463844e-04
1.888291408937923244e+00,1.504892528691825504e+01,1.195439847024134394e+01,1.341271223238282495e+01,8.912737605284173359e-01,6.589961851612331518e-04
1.894826248892940601e+00,1.492367978505674841e+01,1.181402236255907390e+01,1.327812813284806381e+01,8.897355293125228659e-01,6.902515181254211636e-04
1.901383704071979874e+00,1.479944798850712218e+01,1.167527203226745414e+01,1.314486900631626831e+01,8.881999528985298209e-01,7.181236000994343192e-04
1.907963852739911204e+00,1.467622198345203266e+01,1.153812895541212669e+01,1.301292210932363602e+01,8.866670267045683174e-01,7.423004039538327230e-04
1.914566773432443858e+00,1.455399391500209028e+01,1.140257481506609594e+01,1.288227481750905845e+01,8.851367461566791439e-01,7.625123711821276979e-04
1.921192544957087023e+00,1.443275598678375715e+01,1.126859149906768209e+01,1.275291462453935054e+01,8.836091066887947765e-01,7.785353507755128155e-04
1.927841246394080388e+00,1.431250046053007630e+01,1.113616109778292795e+01,1.262482914104406007e+01,8.820841037427283871e-01,7.901930658866928182e-04
1.934512957097327401e+00,1.419321965567537802e+01,1.100526590189282139e+01,1.249800609356065273e+01,8.805617327681624085e-01,7.973590739891516996e-04
1.941207756695363162e+00,1.407490594895028124e+01,1.087588840020208991e+01,1.237243332348668368e+01,8.790419892226299936e-01,7.999581911719774729e-04
1.947925725092295224e+00,1.395755177398108771e+01,1.074801127747293350e+01,1.224809878604271596e+01,8.775248685715040242e-01,7.979673566255562466e-04
1.954666942468745061e+00,1.384114962089135226e+01,1.062161741228148060e+01,1.212499054924385611e+01,8.760103662879862307e-01,7.914159192228582699e-04
1.961431489282830842e+00,1.372569203590523834e+01,1.049668987489629757e+01,1.200309679287938103e+01,8.744984778530877634e-01,7.803853343313686642e-04
1.968219446271100015e+00,1.361117162082986987e+01,1.037321192508562717e+01,1.188240580739352836e+01,8.729891987556219757e-01,7.650082655346789528e-04
1.975030894449515850e+00,1.349758103038199941e+01,1.025116700830955985e+01,1.176290599089514544e+01,8.714825244921859948e-01,7.454670926424744040e-04
1.981865915114415122e+00,1.338491297211673547e+01,1.013053875393785930e+01,1.164458584845825229e+01,8.699784505671490642e-01,7.219918347408008476e-04
1.988724589843468671e+00,1.327316020820829934e+01,1.001131097487939847e+01,1.152743399303454197e+01,8.684769724926414414e-01,6.948575037904987980e-04
1.995607000496676164e+00,1.316231555514372964e+01,9.893467665628422836e+00,1.141143914454318598e+01,8.669780857885363012e-01,6.643809112145299426e-04
2.002513229217319779e+00,1.305237188333949483e+01,9.776993000271714251e+00,1.129659012889967329e+01,8.654817859824418536e-01,6.309169572939800092e-04
2.009443358432966065e+00,1.294332211675900268e+01,9.661871330515621636e+00,1.118287587705159858e+01,8.639880686096825801e-01,5.948544399613177238e-04
2.016397470856439167e+00,1.283515923253372115e+01,9.548087183735271211e+00,1.107028542402392901e+01,8.624969292132889098e-01,5.566114262063203864e-04
2.023375649486798711e+00,1.272787626058632604e+01,9.435625261044267020e+00,1.095880790797219895e+01,8.610083633439854500e-01,5.166302355982808122e-04
2.030377977610351437e+00,1.262146628325657893e+01,9.324470435385176614e+00,1.084843256924412991e+01,8.595223665601733343e-01,4.753720912832107553e-04
2.037404538801634413e+00,1.251592243492912004e+01,9.214607749640210344e+00,1.073914874944907538e+01,8.580389344279196751e-01,4.333114991461471839e-04
2.044455416924400915e+00,1.241123790166442831e+01,9.106022414762712458e+00,1.063094589053621419e+01,8.565580625209460175e-01,3.909304205479647242e-04
2.051530696132648046e+00,1.230740592083138196e+01,8.998699807927909688e+00,1.052381353388001450e+01,8.550797464206102427e-01,3.487123080711104967e-04
2.058630460871590628e+00,1.220441978074317113e+01,8.892625470704453861e+00,1.041774131937465597e+01,8.536039817158994625e-01,3.071360769629577709e-04
2.065754795878695926e+00,1.210227282029451779e+01,8.787785107244534544e+00,1.031271898453528557e+01,8.521307640034111452e-01,2.666700873753675136e-04
2.072903786184683739e+00,1.200095842860227968e+01,8.684164582494323881e+00,1.020873636360811609e+01,8.506600888873423472e-01,2.277662140070281234e-04
2.080077517114529595e+00,1.190047004464800473e+01,8.581749920423346722e+00,1.010578338668796228e+01,8.491919519794794979e-01,1.908540803039964027e-04
2.087276074288505257e+00,1.180080115692216935e+01,8.480527302272221846e+00,1.000385007884285038e+01,8.477263488991799711e-01,1.563355339247412927e-04
2.094499543623190796e+00,1.170194530307211700e+01,8.380483064820385408e+00,9.902926559247539728e+00,8.462632752733616481e-01,1.245794386984616327e-04
2.101748011332487120e+00,1.160389606955137154e+01,8.281603698671720082e+00,9.803003040323861939e+00,8.448027267364920379e-01,9.591685578084154407e-05
2.109021563928672016e+00,1.150664709127121199e+01,8.183875846558464673e+00,9.704069826888442662e+00,8.433446989305702912e-01,7.063668313825921031e-05
2.116320288223403345e+00,1.141019205125520486e+01,8.087286301664033061e+00,9.606117315308617677e+00,8.418891875051195406e-01,4.898181788077762079e-05
2.123644271328779976e+00,1.131452468029526948e+01,7.991822005963142850e+00,9.509135992664992543e+00,8.404361881171694693e-01,3.114590034053170311e-05
2.130993600658372067e+00,1.121963875661045051e+01,7.897470048580248481e+00,9.413116435921802250e+00,8.389856964312446541e-01,1.727069220013990121e-05
2.138368363928250471e+00,1.112552810550822180e+01,7.804217664165874702e+00,9.318049311104827481e+00,8.375377081193552398e-01,7.444133470008586461e-06
2.145768649158062313e+00,1.103218659904693943e+01,7.712052231289463933e+00,9.223925372485494378e+00,8.360922188609772876e-01,1.699114768732734914e-06
2.153194544672050625e+00,1.093960815570207679e+01,7.620961270850889591e+00,9.130735461773605621e+00,8.346492243430466695e-01,1.299226492021783756e-08
2.160646139100135255e+00,1.084778674003322863e+01,7.530932444507858037e+00,9.038470507315846447e+00,8.332087202599411935e-01,2.307862894006374595e-06
2.168123521378958252e+00,1.075671636235404272e+01,7.441953553120866260e+00,8.947121523302007162e+00,8.317707023134691680e-01,8.451607187964259370e-06
2.175626780752935474e+00,1.066639107840459388e+01,7.354012535215159296e+00,8.856679608978440754e+00,8.303351662128596322e-01,1.825969637790611068e-05
2.183156006775342384e+00,1.057680498902509036e+01,7.267097465458521199e+00,8.767135947867654266e+00,8.289021076747449257e-01,3.149774949146410380e-05
2.190711289309374976e+00,1.048795223983256264e+01,7.181196553156193652e+00,8.678481806995529624e+00,8.274715224231492527e-01,4.788481511913506245e-05
2.198292718529207157e+00,1.039982702089925404e+01,7.096298140761737372e+00,8.590708536125006844e+00,8.260434061894794677e-01,6.709734152621941257e-05
2.205900384921095192e+00,1.031242356643325842e+01,7.012390702403907383e+00,8.503807566996535172e+00,8.246177547125067564e-01,8.877378800504500365e-05
2.213534379284429310e+00,1.022573615446118467e+01,6.929462842429534142e+00,8.417770412575235284e+00,8.231945637383586423e-01,1.125198199643787284e-04
2.221194792732839485e+00,1.013975910651332590e+01,6.847503293962283522e+00,8.332588666304971525e+00,8.217738290205031104e-01,1.379140204113853043e-04
2.228881716695275905e+00,1.005448678731030299e+01,6.766500917476623300e+00,8.248254001368517052e+00,8.203555463197366171e-01,1.645140413636847661e-04
2.236595242917085447e+00,9.969913604452353084e+00,6.686444699387626756e+00,8.164758169954762224e+00,8.189397114041743198e-01,1.918631105021498728e-04
2.244335463461132996e+00,9.886034008110410554e+00,6.607323750655701211e+00,8.082093002532072745e+00,8.175263200492329796e-01,2.194968011967668225e-04
2.252102470708885029e+00,9.802842490719102742e+00,6.529127305406424497e+00,8.000250407128042696e+00,8.161153680376203035e-01,2.469499680565392778e-04
2.259896357361502961e+00,9.720333586672609272e+00,6.451844719565850816e+00,7.919222368616268604e+00,8.147068511593249518e-01,2.737637455079502957e-04
2.267717216440977346e+00,9.638501872021112860e+00,6.375465469509507876e+00,7.839000948008193248e+00,8.133007652115982200e-01,2.994925037141470516e-04
2.275565141291203020e+00,9.557341964170843696e+00,6.299979150727240906e+00,7.759578281752614437e+00,8.118971059989484873e-01,3.237106545118411576e-04
2.283440225579126626e+00,9.476848521585079510e+00,6.225375476501619154e+00,7.680946581040410948e+00,8.104958693331220099e-01,3.460192000481432883e-04
2.291342563295846624e+00,9.397016243487309239e+00,6.151644276600915617e+00,7.603098131115666014e+00,8.090970510330941501e-01,3.660519185012791536e-04
2.299272248757728399e+00,9.317839869567057676e+00,6.078775495986644017e+00,7.526025290593410411e+00,8.077006469250579412e-01,3.834810847038361455e-04
2.307229376607553117e+00,9.239314179686717310e+00,6.006759193534406016e+00,7.449720490782589799e+00,8.063066528424073232e-01,3.980226286586802803e-04
2.315214041815619517e+00,9.161433993591071356e+00,5.935585540769198865e+00,7.374176235015717396e+00,8.049150646257300368e-01,4.094406418248530406e-04
2.323226339680902974e+00,9.084194170618413722e+00,5.865244820614078591e+00,7.299385097984093740e+00,8.035258781227903047e-01,4.175511496019809776e-04
2.331266365832182164e+00,9.007589609413702902e+00,5.795727426152547324e+00,7.225339725079070519e+00,8.021390891885185059e-01,4.222250785735795855e-04
2.339334216229166152e+00,8.931615247643835076e+00,5.727023859404496875e+00,7.152032831739326468e+00,8.007546936850012953e-01,4.233903586712293239e-04
2.347429987163666354e+00,8.856266061714419990e+00,5.659124730115079771e+00,7.079457202803542515e+00,7.993726874814646166e-01,4.210331133494033418e-04
2.355553775260733396e+00,8.781537066488711574e+00,5.592020754556979334e+00,7.007605691869105868e+00,7.979930664542635999e-01,4.151979049441048022e-04
2.363705677479796208e+00,8.707423315008801623e+00,5.525702754345920731e+00,6.936471220656799552e+00,7.966158264868724581e-01,4.059870174290236252e-04
2.371885791115850406e+00,8.633919898217662592e+00,5.460161655268304770e+00,6.866046778380271220e+00,7.952409634698671681e-01,3.935587745564637419e-04
2.380094213800584502e+00,8.561021944684469531e+00,5.395388486122604021e+00,6.796325421122324073e+00,7.938684733009189198e-01,3.781249076316013603e-04
2.388331043503575390e+00,8.488724620330394544e+00,5.331374377572348777e+00,6.727300271215566063e+00,7.924983518847769082e-01,3.599470036513285356e-04
2.396596378533444760e+00,8.417023128157282486e+00,5.268110561012322002e+00,6.658964516629469976e+00,7.911305951332582298e-01,3.393320809640188785e-04
2.404890317539019939e+00,8.345912707977724665e+00,5.205588367446810416e+00,6.591311410362535206e+00,7.897651989652378912e-01,3.166273556810168550e-04
2.413212959510536493e+00,8.275388636146757904e+00,5.143799226379854872e+00,6.524334269839669354e+00,7.884021593066321554e-01,2.922142774978490312e-04
2.421564403780807062e+00,8.205446225295958129e+00,5.082734664718021378e+00,6.458026476315454900e+00,7.870414720903887718e-01,2.665019280644312827e-04
2.429944750026394207e+00,8.136080824068875117e+00,5.022386305684831243e+00,6.392381474282371911e+00,7.856831332564768733e-01,2.399198882838209069e-04
2.438354098268829429e+00,8.067287816858396354e+00,4.962745867746999551e+00,6.327392770884364914e+00,7.843271387518698790e-01,2.129106926351666891e-04
2.446792548875774020e+00,7.999062623545986739e+00,4.903805163552570789e+00,6.263053935335794797e+00,7.829734845305388324e-01,1.859219985405831160e-04
2.455260202562244753e+00,7.931400699024909073e+00,4.845556098747441531e+00,6.199358598175288115e+00,7.816221665534361929e-01,1.593986066756718787e-04
2.463757160391805812e+00,7.864297531401717833e+00,4.787990670000372262e+00,6.136300449493846898e+00,7.802731807884847326e-01,1.337744737422648150e-04
2.472283523777760728e+00,7.797748642709300348e+00,4.731100964581514745e+00,6.073873239135483715e+00,7.789265232105683223e-01,1.094648625019808952e-04
2.480839394484391836e+00,7.731749589532079803e+00,4.674879159885529489e+00,6.012070776825320984e+00,7.775821898015151667e-01,8.685877430018825774e-05
2.489424874628141549e+00,7.666295962758002069e+00,4.619317522427639489e+00,5.950886931616522268e+00,7.762401765500911432e-01,6.631180729401835996e-05
2.498040066678862026e+00,7.601383387326244190e+00,4.564408406846891531e+00,5.890315631337442071e+00,7.749004794519825934e-01,4.813957877864067004e-05
2.506685073461024871e+00,7.537007521976628155e+00,4.510144254920391838e+00,5.830350862043782278e+00,7.735630945097869970e-01,3.261184238272378695e-05
2.515359998154933496e+00,7.473164059000754200e+00,4.456517594588331299e+00,5.770986667475675347e+00,7.722280177330030915e-01,1.994742059547362787e-05
2.524064944297982560e+00,7.409848723995058783e+00,4.403521038989722136e+00,5.712217148519775023e+00,7.708952451380145510e-01,1.031006017586147384e-05
2.532800015785881875e+00,7.347057275615104466e+00,4.351147285508512041e+00,5.654036462675866126e+00,7.695647727480801059e-01,3.805302638032824911e-06
2.541565316873878544e+00,7.284785505332247446e+00,4.299389114830534986e+00,5.596438823528826489e+00,7.682365965933244389e-01,4.784444192012565409e-07
2.550360952178037266e+00,7.223029237191102681e+00,4.248239390010199124e+00,5.539418500224600805e+00,7.669107127107205324e-01,3.136417865293723134e-07
2.559187026676451371e+00,7.161784327569708175e+00,4.197691055548133043e+00,5.482969816951773545e+00,7.655871171440837841e-01,3.234194346405515244e-06
2.568043645710525791e+00,7.101046664940583675e+00,4.147737136478379938e+00,5.427087152427166217e+00,7.642658059440560203e-01,9.104018549077070517e-06
2.576930914986224064e+00,7.040812169633581696e+00,4.098370737465747204e+00,5.371764939386214799e+00,7.629467751680943932e-01,1.773029924211486010e-05
2.585848940575311783e+00,6.981076793600710317e+00,4.049585041913273287e+00,5.316997664078225938e+00,7.616300208804631655e-01,2.886728356041054779e-05
2.594797828916655114e+00,6.921836520182333530e+00,4.001373311079255757e+00,5.262779865765932819e+00,7.603155391522165019e-01,4.222115771965169820e-05
2.603777686817472681e+00,6.863087363874916136e+00,3.953728883204012501e+00,5.209106136229587847e+00,7.590033260611902532e-01,5.745592409401029511e-05
2.612788621454600779e+00,6.804825370100575199e+00,3.906645172646325381e+00,5.155971119275656100e+00,7.576933776919907437e-01,7.420017380754803985e-05
2.621830740375800772e+00,6.747046614978196466e+00,3.860115669029290597e+00,5.103369510249906149e+00,7.563856901359793383e-01,9.205462945140522029e-05
2.630904151501008759e+00,6.689747205096063354e+00,3.814133936395609936e+00,5.051296055554908904e+00,7.550802594912662258e-01,1.106003139429031053e-04
2.640008963123655406e+00,6.632923277286075781e+00,3.768693612372064017e+00,4.999745552171830809e+00,7.537770818626934322e-01,1.294071854347487495e-04
2.649145283911943594e+00,6.576570998399499324e+00,3.723788407343215479e+00,4.948712847186595098e+00,7.524761533618253839e-01,1.480430649926857314e-04
2.658313222910131390e+00,6.520686565084687025e+00,3.679412103634446041e+00,4.898192837320629600e+00,7.511774701069402482e-01,1.660826738766649593e-04
2.667512889539868315e+00,6.465266203565514402e+00,3.635558554703406386e+00,4.848180468465197457e+00,7.498810282230120583e-01,1.831165910138598271e-04
2.676744393601460548e+00,6.410306169422318234e+00,3.592221684341041055e+00,4.798670735220745165e+00,7.485868238417058285e-01,1.987599389068716151e-04
2.686007845275217853e+00,6.355802747373569872e+00,3.549395485880830314e+00,4.749658680439756253e+00,7.472948531013606788e-01,2.126606079685019991e-04
2.695303355122751210e+00,6.301752251059527410e+00,3.507074021417079024e+00,4.701139394774150659e+00,7.460051121469806201e-01,2.245068352206796138e-04
2.704631034088280650e+00,6.248151022827449275e+00,3.465251421031819490e+00,4.653108016226813248e+00,7.447175971302246733e-01,2.340339634587744857e-04
2.713990993499986182e+00,6.194995433517792804e+00,3.423921882029906438e+00,4.605559729706794059e+00,7.434323042093919920e-01,2.410302212850643703e-04
2.723383345071324513e+00,6.142281882252459191e+00,3.383079668182883637e+00,4.558489766588972536e+00,7.421492295494116487e-01,2.453413826824546212e-04
2.732808200902343554e+00,6.090006796224421315e+00,3.342719108981139442e+00,4.511893404277674158e+00,7.408683693218340860e-01,2.468741867590473088e-04
2.742265673481059984e+00,6.038166630488434272e+00,3.302834598894018203e+00,4.465765965773902835e+00,7.395897197048140193e-01,2.455984235758270034e-04
2.751755875684759101e+00,5.986757867753796702e+00,3.263420596638514581e+00,4.420102819247015091e+00,7.383132768831048853e-01,2.415476201113836527e-04
2.761278920781375490e+00,5.935777018177945230e+00,3.224471624455596430e+00,4.374899377609779094e+00,7.370390370480434106e-01,2.348182908703616513e-04
2.770834922430834624e+00,5.885220619162070399e+00,3.185982267394879663e+00,4.330151098097741347e+00,7.357669963975389527e-01,2.255677497793975080e-04
2.780423994686390010e+00,5.835085235147911220e+00,3.147947172607067134e+00,4.285853481852256230e+00,7.344971511360649519e-01,2.140105131425080781e-04
2.790046251996016302e+00,5.785367457415726555e+00,3.110361048644000093e+00,4.242002073507089577e+00,7.332294974746436100e-01,2.004133568007484319e-04
2.799701809203759328e+00,5.736063903884201842e+00,3.073218664766775188e+00,4.198592460779195790e+00,7.319640316308365646e-01,1.850891234747537126e-04
2.809390781551095007e+00,5.687171218911407422e+00,3.036514850261303966e+00,4.155620274062966857e+00,7.307007498287351188e-01,1.683894077585639372e-04
2.819113284678334441e+00,5.638686073097192164e+00,3.000244493761401010e+00,4.113081186028176184e+00,7.294396482989451425e-01,1.506962755734458123e-04
2.828869434625968626e+00,5.590605163087113638e+00,2.964402542579505972e+00,4.070970911221738930e+00,7.281807232785800776e-01,1.324132012937886385e-04
2.838659347836085978e+00,5.542925211377633943e+00,2.928984002044669577e+00,4.029285205672981540e+00,7.269239710112462838e-01,1.139554284740542674e-04
2.848483141153748122e+00,5.495642966122534112e+00,2.893983934847819572e+00,3.988019866502426680e+00,7.256693877470328236e-01,9.573997844858415755e-05
2.858340931828369680e+00,5.448755200941270971e+00,2.859397460394577095e+00,3.947170731534577648e+00,7.244169697425028032e-01,7.817554443439320090e-05
2.868232837515151346e+00,5.402258714727834032e+00,2.825219754164726815e+00,3.906733678913578700e+00,7.231667132606772741e-01,6.165251663224886154e-05
2.878158976276445458e+00,5.356150331461791758e+00,2.791446047079299664e+00,3.866704626723057370e+00,7.219186145710295710e-01,4.653338580159854348e-05
2.888119466583200623e+00,5.310426900020033258e+00,2.758071624874240069e+00,3.827079532608922197e+00,7.206726699494695465e-01,3.314376862038557732e-05
2.898114427316357489e+00,5.265085293990114046e+00,2.725091827481202600e+00,3.787854393405840181e+00,7.194288756783343564e-01,2.176428772156532669e-05
2.908143977768256061e+00,5.220122411485075276e+00,2.692502048415287952e+00,3.749025244767247411e+00,7.181872280463793556e-01,1.262352266747604235e-05
2.918208237644089209e+00,5.175535174959199125e+00,2.660297734169314143e+00,3.710588160798439006e+00,7.169477233487628887e-01,5.892225491108113939e-06
2.928307327063313981e+00,5.131320531025327369e+00,2.628474383614985754e+00,3.672539253693242856e+00,7.157103578870379623e-01,1.678966174133602133e-06
2.938441366561072243e+00,5.087475450273527322e+00,2.597027547410714732e+00,3.634874673374046239e+00,7.144751279691419210e-01,2.734008414947376572e-08
2.948610477089664172e+00,5.043996927090739213e+00,2.565952827415811655e+00,3.597590607134884433e+00,7.132420299093821248e-01,9.148316557352212778e-07
2.958814780019950241e+00,5.000881979482053374e+00,2.535245876111414276e+00,3.560683279288086478e+00,7.120110600284292879e-01,4.253387315466061721e-06
2.969054397142837143e+00,4.958127648892975969e+00,2.504902396027630651e+00,3.524148950813920766e+00,7.107822146533023799e-01,9.891706795513896443e-06
2.979329450670715307e+00,4.915731000033120246e+00,2.474918139177161525e+00,3.487983919013597944e+00,7.095554901173594109e-01,1.761921664069732328e-05
2.989640063238901746e+00,4.873689120701157229e+00,2.445288906495213688e+00,3.452184517165464595e+00,7.083308827602884383e-01,2.717164406293984318e-05
2.999986357907134860e+00,4.831999121610850878e+00,2.416010547285508903e+00,3.416747114184210510e+00,7.071083889280932455e-01,3.823806456690059536e-05
3.010368458161028382e+00,4.790658136218474361e+00,2.387078958672547824e+00,3.381668114283328475e+00,7.058880049730833495e-01,5.046925421919097355e-05
3.020786487913528440e+00,4.749663320551528400e+00,2.358490085060005459e+00,3.346943956640738627e+00,7.046697272538663404e-01,6.348713831275532970e-05
3.031240571506430115e+00,4.709011853038330031e+00,2.330239917594910892e+00,3.312571115067191485e+00,7.034535521353312282e-01,7.689509369561222415e-05
3.041730833711818072e+00,4.668700934339321762e+00,2.302324493638108649e+00,3.278546097678137539e+00,7.022394759886438909e-01,9.028883331748910974e-05
3.052257399733594667e+00,4.628727787179075293e+00,2.274739896240276504e+00,3.244865446568195200e+00,7.010274951912307539e-01,1.032675796124330673e-04
3.062820395208956992e+00,4.589089655992690808e+00,2.247482253532338881e+00,3.211525737357930677e+00,6.998176061267706860e-01,1.154452190358147443e-04
3.073419946209881459e+00,4.549783806212597703e+00,2.220547737947440758e+00,3.178523578492895574e+00,6.986098051851856727e-01,1.264611240955413457e-04
3.084056179244663465e+00,4.510807524687196590e+00,2.193932566004018536e+00,3.145855611338069124e+00,6.974040887626256069e-01,1.359903320753815740e-04
3.094729221259387320e+00,4.472158119707409618e+00,2.167632997898027991e+00,3.113518509997231565e+00,6.962004532614631813e-01,1.437527814029137846e-04
3.105439199639477899e+00,4.433832920843868486e+00,2.141645337006730987e+00,3.081508981001386704e+00,6.949988950902775686e-01,1.495213274536485407e-04
3.116186242211204771e+00,4.395829278785406302e+00,2.115965929398133660e+00,3.049823763000198529e+00,6.937994106638469827e-01,1.531282890923839715e-04
3.126970477243191215e+00,4.358144565178923457e+00,2.090591163345982384e+00,3.018459626456411193e+00,6.926019964031386866e-01,1.544703148843973957e-04
3.137792033447978746e+00,4.320776172470026211e+00,2.065517468849960458e+00,2.987413373342816758e+00,6.914066487352952262e-01,1.535114028410656010e-04
3.148651039983545452e+00,4.283721513745151199e+00,2.040741317161430146e+00,2.956681836842279143e+00,6.902133640936256587e-01,1.502839587055143601e-04
3.159547626454833225e+00,4.246978022574632305e+00,2.016259220314372769e+00,2.926261881050396418e+00,6.890221389175962274e-01,1.448878338108844702e-04
3.170481922915330930e+00,4.210543152856947913e+00,1.992067730661553293e+00,2.896150400680924886e+00,6.878329696528159287e-01,1.374873429279571289e-04
3.181454059868583872e+00,4.174414378664249803e+00,1.968163440415991339e+00,2.866344320774078192e+00,6.866458527510308496e-01,1.283063235636390585e-04
3.192464168269788960e+00,4.138589194088591938e+00,1.944542981197298070e+00,2.836840596407199211e+00,6.854607846701087359e-01,1.176213590565673874e-04
3.203512379527343690e+00,4.103065113089735760e+00,1.921203023583343494e+00,2.807636212408461951e+00,6.842777618740308876e-01,1.057533466490352301e-04
3.214598825504394242e+00,4.067839669343893405e+00,1.898140276666849813e+00,2.778728183073113200e+00,6.830967808328830548e-01,9.305764658702228673e-05
3.225723638520443970e+00,4.032910416093317352e+00,1.875351487616795154e+00,2.750113551882152674e+00,6.819178380228414493e-01,7.991309734934138925e-05
3.236886951352918818e+00,3.998274925997388873e+00,1.852833441244943868e+00,2.721789391223926824e+00,6.807409299261639735e-01,6.671022357633449198e-05
3.248088897238730066e+00,3.963930790984541375e+00,1.830582959577105928e+00,2.693752802118134504e+00,6.795660530311815606e-01,5.383899556986736532e-05
3.259329609875909028e+00,3.929875622105181154e+00,1.808596901429126103e+00,2.666000913942320860e+00,6.783932038322831870e-01,4.167652101137648321e-05
3.270609223425153367e+00,3.896107049385955090e+00,1.786872161987796748e+00,2.638530884161141898e+00,6.772223788299109870e-01,3.057505971983266708e-05
3.281927872511471111e+00,3.862622721684803917e+00,1.765405672396279657e+00,2.611339898057912556e+00,6.760535745305445987e-01,2.085075010648488610e-05
3.293285692225768724e+00,3.829420306547175468e+00,1.744194399344258128e+00,2.584425168468755363e+00,6.748867874466935035e-01,1.277342111593193361e-05
3.304682818126446708e+00,3.796497490063389435e+00,1.723235344662716662e+00,2.557783935519285290e+00,6.737220140968875892e-01,6.557835914726959852e-06
3.316119386241057843e+00,3.763851976726762416e+00,1.702525544923109369e+00,2.531413466363535925e+00,6.725592510056631612e-01,2.356673868007232703e-06
3.327595533067883249e+00,3.731481489293046572e+00,1.682062071041187767e+00,2.505311054925539072e+00,6.713984947035571693e-01,2.555063290667683919e-07
3.339111395577605723e+00,3.699383768640740922e+00,1.661842027885152673e+00,2.479474021643168324e+00,6.702397417270925528e-01,2.699607744592027842e-07
3.350667111214922667e+00,3.667556573632345884e+00,1.641862553888196352e+00,2.453899713214345191e+00,6.690829886187698028e-01,2.345198563275460182e-06
3.362262817900171896e+00,3.635997680976933211e+00,1.622120820665522878e+00,2.428585502345808056e+00,6.679282319270585244e-01,6.357756153779899667e-06
3.373898654031010746e+00,3.604704885093369615e+00,1.602614032635479635e+00,2.403528787503968811e+00,6.667754682063833371e-01,1.211972034646147127e-05
3.385574758484052982e+00,3.573675997974619545e+00,1.583339426645001602e+00,2.378726992668166229e+00,6.656246940171155480e-01,1.938512764497727869e-05
3.397291270616506598e+00,3.542908849053276299e+00,1.564294271599360853e+00,2.354177567086375156e+00,6.644759059255646028e-01,2.785839889383967484e-05
3.409048330267879123e+00,3.512401285067696666e+00,1.545475868095875338e+00,2.329877985032921650e+00,6.633291005039637644e-01,3.720454578426180453e-05
3.420846077761598547e+00,3.482151169929454060e+00,1.526881548061921112e+00,2.305825745568713891e+00,6.621842743304645618e-01,4.706081840132936479e-05
3.432684653906731054e+00,3.452156384591523075e+00,1.508508674396859428e+00,2.282018372303521669e+00,6.610414239891225785e-01,5.704940536341411583e-05
3.444564199999641474e+00,3.422414826917531183e+00,1.490354640618058557e+00,2.258453413160562029e+00,6.599005460698885717e-01,6.679075268278078330e-05
3.456484857825665724e+00,3.392924411551974107e+00,1.472416870510894649e+00,2.235128440143289819e+00,6.587616371686008110e-01,7.591703631990354465e-05
3.468446769660833873e+00,3.363683069791258973e+00,1.454692817782603953e+00,2.212041049104262580e+00,6.576246938869706460e-01,8.408530814324605954e-05
3.480450078273554571e+00,3.334688749455899881e+00,1.437179965720141173e+00,2.189188859516320917e+00,6.564897128325746234e-01,9.098983675662520340e-05
3.492494926926299037e+00,3.305939414763475526e+00,1.419875826851805245e+00,2.166569514245795691e+00,6.553566906188459384e-01,9.637318395100760455e-05
3.504581459377352548e+00,3.277433046202497646e+00,1.402777942612634554e+00,2.144180679327793992e+00,6.542256238650602240e-01,1.000355942781289045e-04
3.516709819882484211e+00,3.249167640407408797e+00,1.385883883013690365e+00,2.122020043743755302e+00,6.530965091963301106e-01,1.018423286728903279e-04
3.528880153196707781e+00,3.221141210034231150e+00,1.369191246314908739e+00,2.100085319200884815e+00,6.519693432435913483e-01,1.017286417514419715e-04
3.541092604575994063e+00,3.193351783637341512e+00,1.352697658701745409e+00,2.078374239913801880e+00,6.508441226435941473e-01,9.970218432213789049e-05
3.553347319778985103e+00,3.165797405547044363e+00,1.336400773965414235e+00,2.056884562388169080e+00,6.497208440388948514e-01,9.584270511549833295e-05
3.565644445068776314e+00,3.138476135747983786e+00,1.320298273186677918e+00,2.035614065206285961e+00,6.485995040778425036e-01,9.029902559559253720e-05
3.577984127214613785e+00,3.111386049758653183e+00,1.304387864423312449e+00,2.014560548814846364e+00,6.474800994145724076e-01,8.328336536772501595e-05
3.590366513493689293e+00,3.084525238511547585e+00,1.288667282400959735e+00,1.993721835314507418e+00,6.463626267089931376e-01,7.506319925451682639e-05
3.602791751692878464e+00,3.057891808234355135e+00,1.273134288207546483e+00,1.973095768251539539e+00,6.452470826267776571e-01,6.595092652328896239e-05
3.615259990110486488e+00,3.031483880331989678e+00,1.257786668991132784e+00,1.952680212411414651e+00,6.441334638393554357e-01,5.629172395359871600e-05
3.627771377558055566e+00,3.005299591269408488e+00,1.242622237661108242e+00,1.932473053614255809e+00,6.430217670238987937e-01,4.645003353310968352e-05
3.640326063362123055e+00,2.979337092455434988e+00,1.227638832592836460e+00,1.912472198512314536e+00,6.419119888633150195e-01,3.679519898244433442e-05
3.652924197365983172e+00,2.953594550127293772e+00,1.212834317335565570e+00,1.892675574389251381e+00,6.408041260462378208e-01,2.768680993767519508e-05
3.665565929931522415e+00,2.928070145236090216e+00,1.198206580323651682e+00,1.873081128961346931e+00,6.396981752670137800e-01,1.946033599981084991e-05
3.678251411940958615e+00,2.902762073333118309e+00,1.183753534591062806e+00,1.853686830180589329e+00,6.385941332256968028e-01,1.241363329769160750e-05
3.690980794798691900e+00,2.877668544456934541e+00,1.169473117489040037e+00,1.834490666039541251e+00,6.374919966280345740e-01,6.794882882192308984e-06
3.703754230433089489e+00,2.852787783021360379e+00,1.155363290407005472e+00,1.815490644378115581e+00,6.363917621854601192e-01,2.792473307644592280e-06
3.716571871298277596e+00,2.828118027704285886e+00,1.141422038496606950e+00,1.796684792692148536e+00,6.352934266150839226e-01,5.272702849863509217e-07
3.729433870376006599e+00,2.803657531337176767e+00,1.127647370398811244e+00,1.778071157943682978e+00,6.341969866396804933e-01,4.762643112884193099e-08
3.742340381177448716e+00,2.779404560795629475e+00,1.114037317974193142e+00,1.759647806373196843e+00,6.331024389876808156e-01,1.327376963795816001e-06
3.755291557745019215e+00,2.755357396890520061e+00,1.100589936036175498e+00,1.741412823313455593e+00,6.320097803931632452e-01,4.266946642599960389e-06
3.768287554654254912e+00,2.731514334260040311e+00,1.087303302087303081e+00,1.723364313005158799e+00,6.309190075958409638e-01,8.697564018323363384e-06
3.781328527015606511e+00,2.707873681262575438e+00,1.074175516058538893e+00,1.705500398414366403e+00,6.298301173410564280e-01,1.438844637867678912e-05
3.794414630476340644e+00,2.684433759870247016e+00,1.061204700051421534e+00,1.687819221051536367e+00,6.287431063797669362e-01,2.105668829699625498e-05
3.807546021222373511e+00,2.661192905561740929e+00,1.048388998082572909e+00,1.670318940791346352e+00,6.276579714685377454e-01,2.837946416714326299e-05
3.820722855980115185e+00,2.638149466985261427e+00,1.035726575740537836e+00,1.652997735549679881e+00,6.265747093695335224e-01,3.600804619880434239e-05
3.833945292018392070e+00,2.615301805623261089e+00,1.023215619847731572e+00,1.635853800964406579e+00,6.254933168505043550e-01,4.358304935154344036e-05
3.847213487150261457e+00,2.592648296121590423e+00,1.010854338385847040e+00,1.618885350493722841e+00,6.244137906847817554e-01,5.075024827730411828e-05
3.860527599734949078e+00,2.570187326245436221e+00,9.986409602751822323e-01,1.602090615280186148e+00,6.233361276512640048e-01,5.717627227222169846e-05
3.873887788679719613e+00,2.547917296777189478e+00,9.865737351334945560e-01,1.585467843979406766e+00,6.222603245344084932e-01,6.256347529434790977e-05
3.887294213441744972e+00,2.525836621414860872e+00,9.746509330375049407e-01,1.569015302590224259e+00,6.211863781242240590e-01,6.666330070321494113e-05
3.900747034030057847e+00,2.503943726671250314e+00,9.628708442870880235e-01,1.552731274286476282e+00,6.201142852162582209e-01,6.928751459637700109e-05
3.914246411007435533e+00,2.482237051773985570e+00,9.512317791721940363e-01,1.536614059250438480e+00,6.190440426115882966e-01,7.031676606450291186e-05
3.927792505492295749e+00,2.460715048566338492e+00,9.397320677424331192e-01,1.520661974507867775e+00,6.179756471168149634e-01,6.970604449869566223e-05
3.941385479160669725e+00,2.439376181408514199e+00,9.283700595791459786e-01,1.504873353764419663e+00,6.169090955440478252e-01,6.748673899477497106e-05
3.955025494248075368e+00,2.418218927080006075e+00,9.171441235702152417e-01,1.489246547243839869e+00,6.158443847109003055e-01,6.376515737228130023e-05
3.968712713551503235e+00,2.397241774682482340e+00,9.060526476873341784e-01,1.473779921527548442e+00,6.147815114404772130e-01,5.871752575515428384e-05
3.982447300431337656e+00,2.376443225543436899e+00,8.950940387658280484e-01,1.458471859395774173e+00,6.137204725613656375e-01,5.258165663851904791e-05
3.996229418813285417e+00,2.355821793120685292e+00,8.842667222870304045e-01,1.443320759670275955e+00,6.126612649076282890e-01,4.564563600145139501e-05
4.010059233190375494e+00,2.335376002907317172e+00,8.735691421630104037e-01,1.428325037058380875e+00,6.116038853187899527e-01,3.823403030831706774e-05
4.023936908624898834e+00,2.315104392337598682e+00,8.629997605238570735e-01,1.413483121998659442e+00,6.105483306398302723e-01,3.069224442864980942e-05
4.037862610750361014e+00,2.295005510693546746e+00,8.525570575073615487e-01,1.398793460508044317e+00,6.094945977211755350e-01,2.336976451866174247e-05
4.051836505773505515e+00,2.275077919012008287e+00,8.422395310510031319e-01,1.384254514030265337e+00,6.084426834186855704e-01,1.660308971818672723e-05
4.065858760476239731e+00,2.255320189992758184e+00,8.320456966864446802e-01,1.369864759285941203e+00,6.073925845936490875e-01,1.069918850084036276e-05
4.079929542217682226e+00,2.235730907906968934e+00,8.219740873362182398e-01,1.355622688123876651e+00,6.063442981127697973e-01,5.920306754453650971e-06
4.094049018936128270e+00,2.216308668506589807e+00,8.120232531128250830e-01,1.341526807373924601e+00,6.052978208481594180e-01,2.470904185697380613e-06
4.108217359151042025e+00,2.197052078934289554e+00,8.021917611200741760e-01,1.327575638701169458e+00,6.042531496773295707e-01,4.874045423015398602e-07
4.122434731965111787e+00,2.177959757634135407e+00,7.924781952566886112e-01,1.313767718461522627e+00,6.032102814831787896e-01,3.131666443453050975e-08
4.136701307066217304e+00,2.159030334262917350e+00,7.828811560221589083e-01,1.300101597558691147e+00,6.021692131539873039e-01,1.086122814757175700e-06
4.151017254729496564e+00,2.140262449602166051e+00,7.733992603247938913e-01,1.286575841302504353e+00,6.011299415834044924e-01,3.558145286006882170e-06
4.165382745819365518e+00,2.121654755470727682e+00,7.640311412919321699e-01,1.273189029268535277e+00,6.000924636704406678e-01,7.281400741781726185e-06
4.179797951791529798e+00,2.103205914638218932e+00,7.547754480823949397e-01,1.259939755159191987e+00,5.990567763194596385e-01,1.202624412307964081e-05
4.194263044695075493e+00,2.084914600738865254e+00,7.456308457009660495e-01,1.246826626665958004e+00,5.980228764401667174e-01,1.751140100532403151e-05
4.208778197174503077e+00,2.066779498186174457e+00,7.365960148150624276e-01,1.233848265333063798e+00,5.969907609476002852e-01,2.341879997380090516e-05
4.223343582471764002e+00,2.048799302088233798e+00,7.276696515734868420e-01,1.221003306422447032e+00,5.959604267621246843e-01,2.941045547401707866e-05
4.237959374428380777e+00,2.030972718163535973e+00,7.188504674271949391e-01,1.208290398779920283e+00,5.949318708094174513e-01,3.514652628518401034e-05
4.252625747487462249e+00,2.013298462657570731e+00,7.101371889521673753e-01,1.195708204702705668e+00,5.939050900204636552e-01,4.030359330718885045e-05
4.267342876695837006e+00,1.995775262259980032e+00,7.015285576742628093e-01,1.183255399808180508e+00,5.928800813315440177e-01,4.459216872145953578e-05
4.282110937706121945e+00,1.978401854022298068e+00,6.930233298960624122e-01,1.170930672903855774e+00,5.918568416842266977e-01,4.777247025632137372e-05
4.296930106778793501e+00,1.961176985276434026e+00,6.846202765257342060e-01,1.158732725858667711e+00,5.908353680253598528e-01,4.966756991017425986e-05
4.311800560784341485e+00,1.944099413553671996e+00,6.763181829078022123e-01,1.146660273475428093e+00,5.898156573070595377e-01,5.017315371638629486e-05
4.326722477205350081e+00,1.927167906504265282e+00,6.681158486558508303e-01,1.134712043364490164e+00,5.887977064867019328e-01,4.926330261824517258e-05
4.341696034138601057e+00,1.910381241817785902e+00,6.600120874871915344e-01,1.122886775818706440e+00,5.877815125269161278e-01,4.699191605509699641e-05
4.356721410297246244e+00,1.893738207143845109e+00,6.520057270593213605e-01,1.111183223689432120e+00,5.867670723955713541e-01,4.348963871650622897e-05
4.371798785012884103e+00,1.877237600013678565e+00,6.440956088083591435e-01,1.099600152263882302e+00,5.857543830657717665e-01,3.895640435288910079e-05
4.386928338237750857e+00,1.860878227762063020e+00,6.362805877892183659e-01,1.088136339143493725e+00,5.847434415158442311e-01,3.364996441271941874e-05
4.402110250546846792e+00,1.844658907450044794e+00,6.285595325176922543e-01,1.076790574123583699e+00,5.837342447293304426e-01,2.787100886563592515e-05
4.417344703140067885e+00,1.828578465788132545e+00,6.209313248143012443e-01,1.065561659074090173e+00,5.827267896949799297e-01,2.194569734809066039e-05
4.432631877844421808e+00,1.812635739060068252e+00,6.133948596499114725e-01,1.054448407821437339e+00,5.817210734067371769e-01,1.620658731236157942e-05
4.447971957116137354e+00,1.796829573047266093e+00,6.059490449931643763e-01,1.043449646031597400e+00,5.807170928637366281e-01,1.097306070472527343e-05
4.463365124042896426e+00,1.781158822953695653e+00,5.985928016595905010e-01,1.032564211094182394e+00,5.797148450702903633e-01,6.532403119794750164e-06
4.478811562345993202e+00,1.765622353331462557e+00,5.913250631625032172e-01,1.021790952007725739e+00,5.787143270358809932e-01,3.122674057567925422e-06
4.494311456382507508e+00,1.750219038006891825e+00,5.841447755655717611e-01,1.011128729266025150e+00,5.777155357751534437e-01,9.184224257644206558e-07
4.509864991147550128e+00,1.734947760007153450e+00,5.770508973370698236e-01,1.000576414745554032e+00,5.767184683079037422e-01,2.015053706421930594e-08
4.525472352276446841e+00,1.719807411487460636e+00,5.700423992058021305e-01,9.901328915939678899e-01,5.757231216590713574e-01,4.482195117531468615e-07
4.541133726046929553e+00,1.704796893658890866e+00,5.631182640187041288e-01,9.797970541197161820e-01,5.747294928587320939e-01,2.141630154519472889e-06
4.556849299381418028e+00,1.689915116716630861e+00,5.562774866000176344e-01,9.695678076826307334e-01,5.737375789420849914e-01,4.961820461609023546e-06
4.572619259849186157e+00,1.675160999768869008e+00,5.495190736121289277e-01,9.594440685856349127e-01,5.727473769494482170e-01,8.701311109104995219e-06
4.588443795668653458e+00,1.660533470766180963e+00,5.428420434179686005e-01,9.494247639674484596e-01,5.717588839262467415e-01,1.309672254037116680e-05
4.604323095709610847e+00,1.646031466431433721e+00,5.362454259449889182e-01,9.395088316963172703e-01,5.707720969230043462e-01,1.784540123551252332e-05
4.620257349495450860e+00,1.631653932190336276e+00,5.297282625507382381e-01,9.296952202648279817e-01,5.697870129953370721e-01,2.262464745895409810e-05
4.636246747205476026e+00,1.617399822102327578e+00,5.232896058899014768e-01,9.199828886856122878e-01,5.688036292039408970e-01,2.711234945385802928e-05
4.652291479677144181e+00,1.603268098792193230e+00,5.169285197829400769e-01,9.103708063881754686e-01,5.678219426145849624e-01,3.100771383996615832e-05
4.668391738408325331e+00,1.589257733382064552e+00,5.106440790861900281e-01,9.008579531166331922e-01,5.668419502981036917e-01,3.405074889442847973e-05
4.684547715559640224e+00,1.575367705423962317e+00,5.044353695634501422e-01,8.914433188284385245e-01,5.658636493303851323e-01,3.603921147014196012e-05
4.700759603956689681e+00,1.561597002832964209e+00,4.983014877590894454e-01,8.821259035941531046e-01,5.648870367923659597e-01,3.684186896848903159e-05
4.717027597092416258e+00,1.547944621820657618e+00,4.922415408725230868e-01,8.729047174980414381e-01,5.639121097700191543e-01,3.640714865234756455e-05
4.733351889129384205e+00,1.534409566829348925e+00,4.862546466342193563e-01,8.637787805397690866e-01,5.629388653543472287e-01,3.476653561092694726e-05
4.749732674902075402e+00,1.520990850463574295e+00,4.803399331821129881e-01,8.547471225352434310e-01,5.619673006413745675e-01,3.203242069619732124e-05
4.766170149919270571e+00,1.507687493345329477e+00,4.744965389152757118e-01,8.458087829753286879e-01,5.609974127321355475e-01,2.839046936857235728e-05
4.782664510366320343e+00,1.494498524045281718e+00,4.687236123731829962e-01,8.369628109282364337e-01,5.600291987326695420e-01,2.408695732702299932e-05
4.799215953107538901e+00,1.481422979107650306e+00,4.630203121454914417e-01,8.282082649949396025e-01,5.590626557540095964e-01,1.941187336083249738e-05
4.815824675688533674e+00,1.468459902991451793e+00,4.573858067563999485e-01,8.195442132180361661e-01,5.580977809121744349e-01,1.467889872960106233e-05
4.832490876338534136e+00,1.455608348007388919e+00,4.518192745488232021e-01,8.109697329887900485e-01,5.571345713281615764e-01,1.020361238562430346e-05
4.849214753972813874e+00,1.442867374255267343e+00,4.463199035699037531e-01,8.024839109550865324e-01,5.561730241279360110e-01,6.281423203886455667e-06
4.865996508195032710e+00,1.430236049561903977e+00,4.408868914578490394e-01,7.940858429302853905e-01,5.552131364424229831e-01,3.166780279951484436e-06
4.882836339299595707e+00,1.417713449419502503e+00,4.355194453300668678e-01,7.857746338029483191e-01,5.542549054075009973e-01,1.055153211230249254e-06
4.899734448274107201e+00,1.405298656924462763e+00,4.302167816725664395e-01,7.775493974474049219e-01,5.532983281639893836e-01,6.910657888098496840e-08
4.916691036801696058e+00,1.392990762716727726e+00,4.249781262306651652e-01,7.694092566352318530e-01,5.523434018576441895e-01,2.495249839137260953e-07
4.933706307263485691e+00,1.380788864919556769e+00,4.198027139009276043e-01,7.613533429475510816e-01,5.513901236391464122e-01,1.552693021241784882e-06
4.950780462740982379e+00,1.368692069079744611e+00,4.146897886243494091e-01,7.533807966881707063e-01,5.504384906640941155e-01,3.853521417764762024e-06
4.967913707018475122e+00,1.356699488108379814e+00,4.096386032807960431e-01,7.454907667976093943e-01,5.494885000929962127e-01,6.954764620837724774e-06
4.985106244585517210e+00,1.344810242221936125e+00,4.046484195846108967e-01,7.376824107678752185e-01,5.485401490912606981e-01,1.060162843546420728e-05
5.002358280639342070e+00,1.333023458883926482e+00,3.997185079814660758e-01,7.299548945581338932e-01,5.475934348291877640e-01,1.450075229426248036e-05
5.019670021087287104e+00,1.321338272746978015e+00,3.948481475463907486e-01,7.223073925111744842e-01,5.466483544819628060e-01,1.834220174457565025e-05
5.037041672549312565e+00,1.309753825595290300e+00,3.900366258829480182e-01,7.147390872706418374e-01,5.457049052296442104e-01,2.182285148622520942e-05
5.054473442360393420e+00,1.298269266287642498e+00,3.852832390236171078e-01,7.072491696991363153e-01,5.447630842571600240e-01,2.466940053182820086e-05
5.071965538573060428e+00,1.286883750700734019e+00,3.805872913312766670e-01,6.998368387970343996e-01,5.438228887542944090e-01,2.665925348237090672e-05
5.089518169959855953e+00,1.275596441673064962e+00,3.759480954018658561e-01,6.925013016221601703e-01,5.428843159156820919e-01,2.763763062025239464e-05
5.107131546015795998e+00,1.264406508949164065e+00,3.713649719681372807e-01,6.852417732101835357e-01,5.419473629408008142e-01,2.752952917363603902e-05
5.124805876960937034e+00,1.253313129124271175e+00,3.668372498045229246e-01,6.780574764957971734e-01,5.410120270339600079e-01,2.634553281249603734e-05
5.142541373742809618e+00,1.242315485589492452e+00,3.623642656331180212e-01,6.709476422346879465e-01,5.400783054042957998e-01,2.418093052362345170e-05
5.160338248039001208e+00,1.231412768477319286e+00,3.579453640307219686e-01,6.639115089262221936e-01,5.391461952657594647e-01,2.120812559846871264e-05
5.178196712259658163e+00,1.220604174607590187e+00,3.535798973369660425e-01,6.569483227368982936e-01,5.382156938371109867e-01,1.766285080299144185e-05
5.196116979549985970e+00,1.209888907433895877e+00,3.492672255635050349e-01,6.500573374245515179e-01,5.372867983419117310e-01,1.382521420595367012e-05
5.214099263792856043e+00,1.199266176990338773e+00,3.450067163042360718e-01,6.432378142632564355e-01,5.363595060085133426e-01,9.997039368374844941e-06
5.232143779611326373e+00,1.188735199838763634e+00,3.407977446465747517e-01,6.364890219689935957e-01,5.354338140700510840e-01,6.477295314511854765e-06
5.250250742371177282e+00,1.178295199016385020e+00,3.366396930837526891e-01,6.298102366260294183e-01,5.345097197644369524e-01,3.537604880554816891e-06
5.268420368183543090e+00,1.167945403983774666e+00,3.325319514281074307e-01,6.232007416139793143e-01,5.335872203343479114e-01,1.399853879461421642e-06
5.286652873907423889e+00,1.157685050573317387e+00,3.284739167254022152e-01,6.166598275356218739e-01,5.326663130272218938e-01,2.177897239303181974e-07
5.304948477152334974e+00,1.147513380938021799e+00,3.244649931701127366e-01,6.101867921453791865e-01,5.317469950952458113e-01,6.420220613458620411e-08
5.323307396280873682e+00,1.137429643500713849e+00,3.205045920216945121e-01,6.037809402784901636e-01,5.308292637953490045e-01,9.248405341301340060e-07
5.341729850411300440e+00,1.127433092903722400e+00,3.165921315218457321e-01,5.974415837809221586e-01,5.299131163891965812e-01,2.699671969227007400e-06
5.360216059420213064e+00,1.117522989958799062e+00,3.127270368126753852e-01,5.911680414398737815e-01,5.289985501431778703e-01,5.211471826745697385e-06
5.378766243945136694e+00,1.107698601597553179e+00,3.089087398558600372e-01,5.849596389150267806e-01,5.280855623284005373e-01,8.221103113938680760e-06
5.397380625387133257e+00,1.097959200822243853e+00,3.051366793527253152e-01,5.788157086704468490e-01,5.271741502206831465e-01,1.144825110180864511e-05
5.416059425913506864e+00,1.088304066656897717e+00,3.014103006652306127e-01,5.727355899071129297e-01,5.262643111005441687e-01,1.459587695086800709e-05
5.434802868460385739e+00,1.078732484098872124e+00,2.977290557378938773e-01,5.667186284961434062e-01,5.253560422531972085e-01,1.737629250843450112e-05
5.453611176735439159e+00,1.069243744070781377e+00,2.940924030206081285e-01,5.607641769126556763e-01,5.244493409685401231e-01,1.953657250492776669e-05
5.472484575220531333e+00,1.059837143372745150e+00,2.904998073923403257e-01,5.548715941702464516e-01,5.235442045411479173e-01,2.088103326973948765e-05
5.491423289174361955e+00,1.050511984635090545e+00,2.869507400857370660e-01,5.490402457561519567e-01,5.226406302702661932e-01,2.128872442198505226e-05
5.510427544635224884e+00,1.041267576271335926e+00,2.834446786125734974e-01,5.432695035669885542e-01,5.217386154598000481e-01,2.072428907075378086e-05
5.529497568423633602e+00,1.032103232431641260e+00,2.799811066900992906e-01,5.375587458451770440e-01,5.208381574183092999e-01,1.924111810703746684e-05
5.548633588145088780e+00,1.023018272956495833e+00,2.765595141681967406e-01,5.319073571159137481e-01,5.199392534589978299e-01,1.697640829798932911e-05
5.567835832192768564e+00,1.014012023330879142e+00,2.731793969574170533e-01,5.263147281248168330e-01,5.190419008997062544e-01,1.413847268861070679e-05
5.587104529750227755e+00,1.005083814638735973e+00,2.698402569578383647e-01,5.207802557761583850e-01,5.181460970629060414e-01,1.098737829539155853e-05
5.606439910794188464e+00,9.962329835177523574e-01,2.665416019887286714e-01,5.153033430716634777e-01,5.172518392756878525e-01,7.810631647725562010e-06
5.625842206097258824e+00,9.874588721145914905e-01,2.632829457190575262e-01,5.098833990499668234e-01,5.163591248697561031e-01,4.896133630127851823e-06
5.645311647230652596e+00,9.787608280403991001e-01,2.600638075987895537e-01,5.045198387266157658e-01,5.154679511814210802e-01,2.504928696199250795e-06
5.664848466567027785e+00,9.701382043266656430e-01,2.568837127909747720e-01,4.992120830346589155e-01,5.145783155515890606e-01,8.463440275854946802e-07
5.684452897283176931e+00,9.615903593814757455e-01,2.537421921046414397e-01,4.939595587658422993e-01,5.136902153257569825e-01,5.793681784001280021e-08
5.704125173362882606e+00,9.531166569460280957e-01,2.506387819284430218e-01,4.887616985123345303e-01,5.128036478540018983e-01,1.922513116437296431e-07
5.723865529599676982e+00,9.447164660515677825e-01,2.475730241650979102e-01,4.836179406090624910e-01,5.119186104909745350e-01,1.211764064449870280e-06
5.743674201599617390e+00,9.363891609766163970e-01,2.445444661665780173e-01,4.785277290765881375e-01,5.110351005958920778e-01,2.992620378755531751e-06
5.763551425784156024e+00,9.281341212045233213e-01,2.415526606700433843e-01,4.734905135645329222e-01,5.101531155325284006e-01,5.336908671283293027e-06
5.783497439392933259e+00,9.199507313813788389e-01,2.385971657345304087e-01,4.685057492955719827e-01,5.092726526692070710e-01,7.992365311451986068e-06
5.803512480486577196e+00,9.118383812742685279e-01,2.356775446783785366e-01,4.635728970099813884e-01,5.083937093787950223e-01,1.067763614069860765e-05
5.823596787949618658e+00,9.037964657297739013e-01,2.327933660173570618e-01,4.586914229106807128e-01,5.075162830386912294e-01,1.311062296368909250e-05
5.843750601493254315e+00,8.958243846329070337e-01,2.299442034035462379e-01,4.538607986088750712e-01,5.066403710308233777e-01,1.503708045459663225e-05
5.863974161658290996e+00,8.879215428662889931e-01,2.271296355648992626e-01,4.490805010701793276e-01,5.057659707416354289e-01,1.625654638941837472e-05
5.884267709817973646e+00,8.800873502696546780e-01,2.243492462455144720e-01,4.443500125612793172e-01,5.048930795620827361e-01,1.664290399740404438e-05
5.904631488180839938e+00,8.723212215997447894e-01,2.216026241466167723e-01,4.396688205971465147e-01,5.040216948876246050e-01,1.615737726984806729e-05
5.925065739793690334e+00,8.646225764782932144e-01,2.188893628651280843e-01,4.350364178826171546e-01,5.031518141182136361e-01,1.485250549109066069e-05
5.945570708544391181e+00,8.569908392395927388e-01,2.162090608075713516e-01,4.304523022039546398e-01,5.022834346582918386e-01,1.286656180847371178e-05
5.966146639164873200e+00,8.494254389469574340e-01,2.135613211476121709e-01,4.259159764060308495e-01,5.014165539167790842e-01,1.040888077719899560e-05
5.986793777234011849e+00,8.419258094295466455e-01,2.109457517889974376e-01,4.214269483797588034e-01,5.005511693070674450e-01,7.737537404014808445e-06
6.007512369180528999e+00,8.344913892445933179e-01,2.083619653100500513e-01,4.169847310122007378e-01,4.996872782470144769e-01,5.131669361770611581e-06
6.028302662286000313e+00,8.271216216389200016e-01,2.058095789085512273e-01,4.125888421366532000e-01,4.988248781589328384e-01,2.861358387650717570e-06
6.049164904687772015e+00,8.198159545107881474e-01,2.032882143472751757e-01,4.082388044832400142e-01,4.979639664695839074e-01,1.158310648545275205e-06
6.070099345381890110e+00,8.125738403720438319e-01,2.007974979001571902e-01,4.039341456299877509e-01,4.971045406101715636e-01,1.905532630401691348e-07
6.091106234226149496e+00,8.053947363105198320e-01,1.983370602990743581e-01,3.996743979543556646e-01,4.962465980163313084e-01,4.398589980492589902e-08
6.112185821942986763e+00,7.982781039528091815e-01,1.959065366812702824e-01,3.954590985852846630e-01,4.953901361281262683e-01,7.129224112551595349e-07
6.133338360122552402e+00,7.912234094272451168e-01,1.935055665373650036e-01,3.912877893556666598e-01,4.945351523900362034e-01,2.100795609458175286e-06
6.154564101225677319e+00,7.842301233272579442e-01,1.911337936599958875e-01,3.871600167553272409e-01,4.936816442509515679e-01,4.031078303369268249e-06
6.175863298586855343e+00,7.772977206749588364e-01,1.887908660930411042e-01,3.830753318844378752e-01,4.928296091641670706e-01,6.267317457888665696e-06
6.197236206417331417e+00,7.704256808850402649e-01,1.864764360814389343e-01,3.790332904073971387e-01,4.919790445873713503e-01,8.540116843373907435e-06
6.218683079808106307e+00,7.636134877289493250e-01,1.841901600215923585e-01,3.750334525071615799e-01,4.911299479826405356e-01,1.057806230862310926e-05
6.240204174732939535e+00,7.568606292993708129e-01,1.819316984123589276e-01,3.710753828400387699e-01,4.902823168164326950e-01,1.213906788573893612e-05
6.261799748051492642e+00,7.501665979749375657e-01,1.797007158065944965e-01,3.671586504908934678e-01,4.894361485595762895e-01,1.303850163318651165e-05
6.283470057512298368e+00,7.435308903852883011e-01,1.774968807632850976e-01,3.632828289288343449e-01,4.885914406872668980e-01,1.317075496322722460e-05
6.305215361755917236e+00,7.369530073763486122e-01,1.753198658002183830e-01,3.594474959633031097e-01,4.877481906790560595e-01,1.252162652528724674e-05
6.327035920317992002e+00,7.304324539758971779e-01,1.731693473472139255e-01,3.556522337006053358e-01,4.869063960188454998e-01,1.116993091616867931e-05
6.348931993632311865e+00,7.239687393594383957e-01,1.710450056999065216e-01,3.518966285008841566e-01,4.860660541948805813e-01,9.278000145746241890e-06
6.370903843033996594e+00,7.175613768162871775e-01,1.689465249740526309e-01,3.481802709354859804e-01,4.852271626997399778e-01,7.072077382004684861e-06
6.392951730762526985e+00,7.112098837159883669e-01,1.668735930603901241e-01,3.445027557447824518e-01,4.843897190303316225e-01,4.814848563945905542e-06
6.415075919964956519e+00,7.049137814749371067e-01,1.648259015800052629e-01,3.408636817963704990e-01,4.835537206878821048e-01,2.773362484735214710e-06
6.437276674699013768e+00,6.986725955233098473e-01,1.628031458402346976e-01,3.372626520437101982e-01,4.827191651779307313e-01,1.186221789099925663e-06
6.459554259936222564e+00,6.924858552722573668e-01,1.608050247910823571e-01,3.336992734851684239e-01,4.818860500103231415e-01,2.340948763895496381e-07
6.481908941565133198e+00,6.863530940813128423e-01,1.588312409821322213e-01,3.301731571234419182e-01,4.810543726992014268e-01,1.726524563147888260e-08
6.504340986394459456e+00,6.802738492261029002e-01,1.568815005199776236e-01,3.266839179254039105e-01,4.802241307629978584e-01,5.431253260841797284e-07
6.526850662156228111e+00,6.742476618663220123e-01,1.549555130261496827e-01,3.232311747823495840e-01,4.793953217244291687e-01,1.725322736052083969e-06
6.549438237509060734e+00,6.682740770138990705e-01,1.530529915955195774e-01,3.198145504705999231e-01,4.785679431104855608e-01,3.394817983956986926e-06
6.572103982041280545e+00,6.623526435014922553e-01,1.511736527552094977e-01,3.164336716125350502e-01,4.777419924524271000e-01,5.321591534600966489e-06
6.594848166274215551e+00,6.564829139511888512e-01,1.493172164239691402e-01,3.130881686379853868e-01,4.769174672857735553e-01,7.244339210689156141e-06
6.617671061665390653e+00,6.506644447434496437e-01,1.474834058720284891e-01,3.097776757460037333e-01,4.760943651502979046e-01,8.904404413200543998e-06
6.640572940611732200e+00,6.448967959863469712e-01,1.456719476814312686e-01,3.065018308670370284e-01,4.752726835900204505e-01,1.007956706675084197e-05
6.663554076452889774e+00,6.391795314849808562e-01,1.438825717068148435e-01,3.032602756254371146e-01,4.744524201531991059e-01,1.061324116443550296e-05
6.686614743474470046e+00,6.335122187111931202e-01,1.421150110366632968e-01,3.000526553023689647e-01,4.736335723923228991e-01,1.043515333388661106e-05
6.709755216911258202e+00,6.278944287735082064e-01,1.403690019550110912e-01,2.968786187990794523e-01,4.728161378641065338e-01,9.570634241591754492e-06
6.732975772950603677e+00,6.223257363872854997e-01,1.386442839035857688e-01,2.937378186005112912e-01,4.720001141294797864e-01,8.137128391085129094e-06
6.756276688735614044e+00,6.168057198451489809e-01,1.369405994444062857e-01,2.906299107392995573e-01,4.711854987535833983e-01,6.328230038453403760e-06
6.779658242368542531e+00,6.113339609876237146e-01,1.352576942228096712e-01,2.875545547601064400e-01,4.703722893057595278e-01,4.387258765657902070e-06
6.803120712914079604e+00,6.059100451740208060e-01,1.335953169309153643e-01,2.845114136843169828e-01,4.695604833595450334e-01,2.573863238925900066e-06
6.826664380402637455e+00,6.005335612535562806e-01,1.319532192715185126e-01,2.815001539750847659e-01,4.687500784926659780e-01,1.128173783426570380e-06
6.850289525833789028e+00,5.952041015366774657e-01,1.303311559223983840e-01,2.785204455027094905e-01,4.679410722870271933e-01,2.374547542463838704e-07
6.873996431179512534e+00,5.899212617666571568e-01,1.287288845010570448e-01,2.755719615103790487e-01,4.671334623287087262e-01,9.955522749481337092e-09
6.897785379387650906e+00,5.846846410913704162e-01,1.271461655298578575e-01,2.726543785802254538e-01,4.663272462079552927e-01,4.597367946609284033e-07
6.921656654385249574e+00,5.794938420353245023e-01,1.255827624015812827e-01,2.697673765997319895e-01,4.655224215191706150e-01,1.504765505328528816e-06
6.945610541081904898e+00,5.743484704719146183e-01,1.240384413453844842e-01,2.669106387284738147e-01,4.647189858609114821e-01,2.978720270387837759e-06
6.969647325373243163e+00,5.692481355958790568e-01,1.225129713931531611e-01,2.640838513651747044e-01,4.639169368358779799e-01,4.654984928921285410e-06
6.993767294144297431e+00,5.641924498959870471e-01,1.210061243462527830e-01,2.612867041150980785e-01,4.631162720509077180e-01,6.279511586693000928e-06
7.017970735272884397e+00,5.591810291279543099e-01,1.195176747426714425e-01,2.585188897577643807e-01,4.623169891169697232e-01,7.607875076450143213e-06
7.042257937633138454e+00,5.542134922875556757e-01,1.180473998245419737e-01,2.557801042149775994e-01,4.615190856491547811e-01,8.441132791872745905e-06
7.066629191098855678e+00,5.492894615839628569e-01,1.165950795060499284e-01,2.530700465191751958e-01,4.607225592666711611e-01,8.655174348547493577e-06
7.091084786547036778e+00,5.444085624133029322e-01,1.151604963417168781e-01,2.503884187820925034e-01,4.599274075928349026e-01,8.219110217197048566e-06
7.115625015861330560e+00,5.395704233323945775e-01,1.137434354950506155e-01,2.477349261637231959e-01,4.591336282550640413e-01,7.199804209990419953e-06
7.140250171935466739e+00,5.347746760327570792e-01,1.123436847075762884e-01,2.451092768416167633e-01,4.583412188848726143e-01,5.751689406523429335e-06
7.164960548676845065e+00,5.300209553147550157e-01,1.109610342682139650e-01,2.425111819804440239e-01,4.575501771178609456e-01,4.093226986156376150e-06
7.189756441009985011e+00,5.253088990619972920e-01,1.095952769830275814e-01,2.399403557018887079e-01,4.567605005937102614e-01,2.473438271282159301e-06
7.214638144880024306e+00,5.206381482159413432e-01,1.082462081453288288e-01,2.373965150548367764e-01,4.559721869561765839e-01,1.133537293330177782e-06
7.239605957256332047e+00,5.160083467506484389e-01,1.069136255061191310e-01,2.348793799858354958e-01,4.551852338530807396e-01,2.695501267850267561e-07
7.264660176135953940e+00,5.114191416478266472e-01,1.055973292448997847e-01,2.323886733098874391e-01,4.543996389363049726e-01,1.768796240679219439e-09
7.289801100547252943e+00,5.068701828719942570e-01,1.042971219408050099e-01,2.299241206814946759e-01,4.536153998617828420e-01,3.559275999207353061e-07
7.315029030553448663e+00,5.023611233458851189e-01,1.030128085440852187e-01,2.274854505660114379e-01,4.528325142894933375e-01,1.259229522916968745e-06
7.340344267256154964e+00,4.978916189260350067e-01,1.017441963479217976e-01,2.250723942112740905e-01,4.520509798834553838e-01,2.552044317356681356e-06
7.365747112799062357e+00,4.934613283785861948e-01,1.004910949605760245e-01,2.226846856195200952e-01,4.512707943117179599e-01,4.013600379043435630e-06
7.391237870371445418e+00,4.890699133442577007e-01,9.925331627562940240e-02,2.203220615146206374e-01,4.504919552463561572e-01,5.397698029351331853e-06
7.416816844211868265e+00,4.847170382718203330e-01,9.803067443618281029e-02,2.179842612953870606e-01,4.497144603634616322e-01,6.472763234323614368e-06
7.442484339611778132e+00,4.804023704338471479e-01,9.682298581609906363e-02,2.156710270262020002e-01,4.489383073431369442e-01,7.059738342758890592e-06
7.468240662919110484e+00,4.761255799204346384e-01,9.563006899693257679e-02,2.133821034177789122e-01,4.481634938694896708e-01,7.061535804573990957e-06
7.494086121542022916e+00,4.718863396158737844e-01,9.445174474164755307e-02,2.111172378003959016e-01,4.473900176306229715e-01,6.479059199064489967e-06
7.520021023952526029e+00,4.676843251755247177e-01,9.328783596865058980e-02,2.088761800974045790e-01,4.466178763186303136e-01,5.410944289801971832e-06
7.546045679690123187e+00,4.635192150028749625e-01,9.213816772612803963e-02,2.066586827990009589e-01,4.458470676295893664e-01,4.036858013934635950e-06
7.572160399365601258e+00,4.593906902267752002e-01,9.100256716668267409e-02,2.044645009362525689e-01,4.450775892635525643e-01,2.586977260351657224e-06
7.598365494664627739e+00,4.552984346788629400e-01,8.988086352227228626e-02,2.022933920553884046e-01,4.443094389245432763e-01,1.302679246062459925e-06
7.624661278351565485e+00,4.512421348711618263e-01,8.877288807943990723e-02,2.001451161923397393e-01,4.435426143205464800e-01,3.950838025620958175e-07
7.651048064273170191e+00,4.472214799738749580e-01,8.767847415483981388e-02,1.980194358475415306e-01,4.427771131635025448e-01,8.589241481718351485e-09
7.677526167362284326e+00,4.432361617933552322e-01,8.659745707105187540e-02,1.959161159609843772e-01,4.420129331693022912e-01,1.958130731155571659e-07
7.704095903641688281e+00,4.392858747502322858e-01,8.552967413267481556e-02,1.938349238875037572e-01,4.412500720577773317e-01,9.084737702736991080e-07
7.730757590227828935e+00,4.353703158577381105e-01,8.447496460270736973e-02,1.917756293723265337e-01,4.404885275526944088e-01,2.006023384041852804e-06
7.757511545334560665e+00,4.314891847002089720e-01,8.343316967920799687e-02,1.897380045268624027e-01,4.397282973817501217e-01,3.280720239020495688e-06
7.784358088277037346e+00,4.276421834117424825e-01,8.240413247222455606e-02,1.877218238047259624e-01,4.389693792765612668e-01,4.494862588870590807e-06
7.811297539475422269e+00,4.238290166550478522e-01,8.138769798100226049e-02,1.857268639780099706e-01,4.382117709726610078e-01,5.423629043562756458e-06
7.838330220458797903e+00,4.200493916004439110e-01,8.038371307145388001e-02,1.837529041137822561e-01,4.374554702094896608e-01,5.895826558344173563e-06
7.865456453868970854e+00,4.163030179050471458e-01,7.939202645390089352e-02,1.817997255508277121e-01,4.367004747303889767e-01,5.825079165560576623e-06
7.892676563464278594e+00,4.125896076921312106e-01,7.841248866107773663e-02,1.798671118766233812e-01,4.359467822825963679e-01,5.225603668628515982e-06
7.919990874123547187e+00,4.089088755306176104e-01,7.744495202638769504e-02,1.779548489045263970e-01,4.351943906172361376e-01,4.209459091951704236e-06
7.947399711849860715e+00,4.052605384147880963e-01,7.648927066242747208e-02,1.760627246512157518e-01,4.344432974893149835e-01,2.965550556232394746e-06
7.974903403774550092e+00,4.016443157441017542e-01,7.554530043975242470e-02,1.741905293143314049e-01,4.336935006577133378e-01,1.724098986847460342e-06
8.002502278161053084e+00,3.980599293032187624e-01,7.461289896590163340e-02,1.723380552503567253e-01,4.329449978851794278e-01,7.131073046691030079e-07
8.030196664408794760e+00,3.945071032421778590e-01,7.369192556466906685e-02,1.705050969527180660e-01,4.321977869383237247e-01,1.150036360876256296e-07
8.057986893057199396e+00,3.909855640567127533e-01,7.278224125561456870e-02,1.686914510300928371e-01,4.314518655876103392e-01,3.176691840033049138e-08
8.085873295789591353e+00,3.874950405687470067e-01,7.188370873382103621e-02,1.668969161849432614e-01,4.307072316073511931e-01,4.653650610196324450e-07
8.113856205437116387e+00,3.840352639070581664e-01,7.099619234989311412e-02,1.651212931922696192e-01,4.299638827757006343e-01,1.317494192380062611e-06
8.141935955982813056e+00,3.806059674880549193e-01,7.011955809018248498e-02,1.633643848785553687e-01,4.292218168746460005e-01,2.408910529941781102e-06
8.170112882565478074e+00,3.772068869967670768e-01,6.925367355725957352e-02,1.616259961009497148e-01,4.284810316900045102e-01,3.514794634811611317e-06
8.198387321483778578e+00,3.738377603679407524e-01,6.839840795060450618e-02,1.599059337266342251e-01,4.277415250114132150e-01,4.409340880962600778e-06
8.226759610200209849e+00,3.704983277673117859e-01,6.755363204753259132e-02,1.582040066124088540e-01,4.270032946323242262e-01,4.910792108432563864e-06
8.255230087345086787e+00,3.671883315730364861e-01,6.671921818434600748e-02,1.565200255844836352e-01,4.262663383499991077e-01,4.917880136426403062e-06
8.283799092720670387e+00,3.639075163572540461e-01,6.589504023770359487e-02,1.548538034184631651e-01,4.255306539654998832e-01,4.430196672280480723e-06
8.312466967305185861e+00,3.606556288678042232e-01,6.508097360621301064e-02,1.532051548195351165e-01,4.247962392836834855e-01,3.548147790654640314e-06
8.341234053256837200e+00,3.574324180100970083e-01,6.427689519224150105e-02,1.515738964028584268e-01,4.240630921131968156e-01,2.452248006483165670e-06
8.370100693918002932e+00,3.542376348291466082e-01,6.348268338394319477e-02,1.499598466741534353e-01,4.233312102664670284e-01,1.365770964603517575e-06
8.399067233819211609e+00,3.510710324917037939e-01,6.269821803749246747e-02,1.483628260104681573e-01,4.226005915596985352e-01,5.083110194722442880e-07
8.428134018683357098e+00,3.479323662685915308e-01,6.192338045953595799e-02,1.467826566411597755e-01,4.218712338128633443e-01,4.985794909658221295e-08
8.457301395429784208e+00,3.448213935171395850e-01,6.115805338984547229e-02,1.452191626290488535e-01,4.211431348496961213e-01,7.506404579748251988e-08
8.486569712178383185e+00,3.417378736637793346e-01,6.040212098417913067e-02,1.436721698517695600e-01,4.204162924976884708e-01,5.654070316726052608e-07
8.515939318253844093e+00,3.386815681867862415e-01,5.965546879734544283e-02,1.421415059833082417e-01,4.196907045880801657e-01,1.403278173415641072e-06
8.545410564189715785e+00,3.356522405991529401e-01,5.891798376646749380e-02,1.406270004757241843e-01,4.189663689558552062e-01,2.397387567090081124e-06
8.574983801732683375e+00,3.326496564315983284e-01,5.818955419444330618e-02,1.391284845410508952e-01,4.182432834397333266e-01,3.324251446642799258e-06
8.604659383846733789e+00,3.296735832157250412e-01,5.747006973360467563e-02,1.376457911333835160e-01,4.175214458821642771e-01,3.976920047461731606e-06
8.634437664717308891e+00,3.267237904673120918e-01,5.675942136956912271e-02,1.361787549311454792e-01,4.168008541293224956e-01,4.210345533085048938e-06
8.664318999755639794e+00,3.238000496697389652e-01,5.605750140528144299e-02,1.347272123195295546e-01,4.160815060310986691e-01,3.973328249914367850e-06
8.694303745602928402e+00,3.209021342575391622e-01,5.536420344524414783e-02,1.332910013731138932e-01,4.153633994410942387e-01,3.319772209149506662e-06
8.724392260134566257e+00,3.180298196001126732e-01,5.467942237993905080e-02,1.318699618386627859e-01,4.146465322166162926e-01,2.396475449479110672e-06
8.754584902464515039e+00,3.151828829855314318e-01,5.400305437042546980e-02,1.304639351180819640e-01,4.139309022186682396e-01,1.409919114132257978e-06
8.784882032949457908e+00,3.123611036045228495e-01,5.333499683313049078e-02,1.290727642515661355e-01,4.132165073119469789e-01,5.793343197606509231e-07
8.815284013193222634e+00,3.095642625345363941e-01,5.267514842480965076e-02,1.276962939008937925e-01,4.125033453648332959e-01,8.660197115856586229e-08
8.845791206051048405e+00,3.067921427239794774e-01,5.202340902769364561e-02,1.263343703329072309e-01,4.117914142493868113e-01,3.447167770802304056e-08
8.876403975633859744e+00,3.040445289765655312e-01,5.137967973480846856e-02,1.249868414031518327e-01,4.110807118413411509e-01,4.228783114155997858e-07
8.907122687312712728e+00,3.013212079357787676e-01,5.074386283546651610e-02,1.236535565396735398e-01,4.103712360200948428e-01,1.149100207241453461e-06
8.937947707723111535e+00,2.986219680694872647e-01,5.011586180093451776e-02,1.223343667269892882e-01,4.096629846687063758e-01,2.032013527072042089e-06
8.968879404769337427e+00,2.959465996546709610e-01,4.949558127026943560e-02,1.210291244902137464e-01,4.089559556738888713e-01,2.855004631804980884e-06
8.999918147628941156e+00,2.932948947622690539e-01,4.888292703632064751e-02,1.197376838793424297e-01,4.082501469260013116e-01,3.417556769043395077e-06
9.031064306757029314e+00,2.906666472421605696e-01,4.827780603190105768e-02,1.184599004536979749e-01,4.075455563190451547e-01,3.583257774794180200e-06
9.062318253890799369e+00,2.880616527082683898e-01,4.768012631612101454e-02,1.171956312665315136e-01,4.068421817506554516e-01,3.312605283365976311e-06
9.093680362053925492e+00,2.854797085237681942e-01,4.708979706088254474e-02,1.159447348497729124e-01,4.061400211220956291e-01,2.672457536902790107e-06
9.125151005560956818e+00,2.829206137864420656e-01,4.650672853753775454e-02,1.147070711989440633e-01,4.054390723382524375e-01,1.819534705830002829e-06
9.156730560021912879e+00,2.803841693141337355e-01,4.593083210370165620e-02,1.134825017582152817e-01,4.047393333076269584e-01,9.617162025781475779e-07
9.188419402346619691e+00,2.778701776303104110e-01,4.536202019022099463e-02,1.122708894056087675e-01,4.040408019423316621e-01,3.064555810695558742e-07
9.220217910749333612e+00,2.753784429404916856e-01,4.480020628679125261e-02,1.110720984346176832e-01,4.033434761580810268e-01,9.027464441788077140e-09
9.252126464753199997e+00,2.729087711046987441e-01,4.424530492709471269e-02,1.098859945343631656e-01,4.026473538741870972e-01,1.336049655943250777e-07
9.284145445194740276e+00,2.704609696436927613e-01,4.369723167957430959e-02,1.087124447834872110e-01,4.019524330135537671e-01,6.371670361971856458e-07
9.316275234228493574e+00,2.680348477286171316e-01,4.315590313559695274e-02,1.075513176373989327e-01,4.012587115026687856e-01,1.380610018331144234e-06
9.348516215331521551e+00,2.656302161671431072e-01,4.262123689717372405e-02,1.064024829142030532e-01,4.005661872715985394e-01,2.164544422150343456e-06
9.380868773307945219e+00,2.632468873897064743e-01,4.209315156482227455e-02,1.052658117807610677e-01,3.998748582539828900e-01,2.780836904874031862e-06
9.413333294293648734e+00,2.608846754358664088e-01,4.157156672557441729e-02,1.041411767388958631e-01,3.991847223870265693e-01,3.066695219622666545e-06
9.445910165760757593e+00,2.585433959407852367e-01,4.105640294112874317e-02,1.030284516117400823e-01,3.984957776114959049e-01,2.947178197010518801e-06
9.478599776522376175e+00,2.562228661218013404e-01,4.054758173614027988e-02,1.019275115302138018e-01,3.978080218717101046e-01,2.454795001655933589e-06
9.511402516737181401e+00,2.539229047651289095e-01,4.004502558665270356e-02,1.008382329196459287e-01,3.971214531155363159e-01,1.720720394330106916e-06
9.544318777914028828e+00,2.516433322126548355e-01,3.954865790866633757e-02,9.976049348652582527e-02,3.964360692943844078e-01,9.396290566673981378e-07
9.577348952916723945e+00,2.493839703488557324e-01,3.905840304684324998e-02,9.869417220539221380e-02,3.957518683631987555e-01,3.172825966999778499e-07
9.610493435968663789e+00,2.471446425878058017e-01,3.857418626334489092e-02,9.763914930584872975e-02,3.950688482804534107e-01,1.484391280217376193e-08
9.643752622657489226e+00,2.449251738603144546e-01,3.809593372680603746e-02,9.659530625971940454e-02,3.943870070081467727e-01,1.050493516657232082e-07
9.677126909939923749e+00,2.427253906011447304e-01,3.762357250143549131e-02,9.556252576832310885e-02,3.937063425117933169e-01,5.524014429429112929e-07
9.710616696146379567e+00,2.405451207363565325e-01,3.715703053625048213e-02,9.454069174988544155e-02,3.930268527604199869e-01,1.223139667215582792e-06
9.744222380985830156e+00,2.383841936707421505e-01,3.669623665443655369e-02,9.352968932707192429e-02,3.923485357265580897e-01,1.922574558937675908e-06
9.777944365550519379e+00,2.362424402753712238e-01,3.624112054283563228e-02,9.252940481464999589e-02,3.916713893862380225e-01,2.449664254760248234e-06
9.811783052320718568e+00,2.341196928752382334e-01,3.579161274155924499e-02,9.153972570727593461e-02,3.909954117189843315e-01,2.653662147242838536e-06
9.845738845169625719e+00,2.320157852370052787e-01,3.534764463372398052e-02,9.056054066740153174e-02,3.903206007078073858e-01,2.476791122555901720e-06
9.879812149368071061e+00,2.299305525568543507e-01,3.490914843531125328e-02,8.959173951330760832e-02,3.896469543391998247e-01,1.970590082305690007e-06
9.914003371589453550e+00,2.278638314484315863e-01,3.447605718514590994e-02,8.863321320725417451e-02,3.889744706031285082e-01,1.280918457440690304e-06
9.948312919914563679e+00,2.258154599308971611e-01,3.404830473499569077e-02,8.768485384375339364e-02,3.883031474930292437e-01,6.055855440423403653e-07
9.982741203836379640e+00,2.237852774170725201e-01,3.362582573978852019e-02,8.674655463796075716e-02,3.876329830058020121e-01,1.366261944773764244e-07
1.001728863426508020e+01,2.217731247016827556e-01,3.320855564794553128e-02,8.581820991418193101e-02,3.869639751418029738e-01,3.975938808082744746e-09
1.005195562353288530e+01,2.197788439496921320e-01,3.279643069182910931e-02,8.489971509449488474e-02,3.862961219048391404e-01,2.371991696664945545e-07
1.008674258539892499e+01,2.178022786847506609e-01,3.238938787830730054e-02,8.399096668749307659e-02,3.856294213021641548e-01,7.568658902692403747e-07
1.012164993505430388e+01,2.158432737777159771e-01,3.198736497942683554e-02,8.309186227713367956e-02,3.849638713444691329e-01,1.398510705600343294e-06
1.015667808912691150e+01,2.139016754352905392e-01,3.159030052320156712e-02,8.220230051170800134e-02,3.842994700458801094e-01,1.962339284121447191e-06
1.019182746568652576e+01,2.119773311887276357e-01,3.119813378450605329e-02,8.132218109291260155e-02,3.836362154239494893e-01,2.273904628185568196e-06
1.022709848424974410e+01,2.100700898826607654e-01,3.081080477608279591e-02,8.045140476504326899e-02,3.829741054996508853e-01,2.237347257455984473e-06
1.026249156578493427e+01,2.081798016639987425e-01,3.042825423965295553e-02,7.958987330428841933e-02,3.823131382973748438e-01,1.864737382508534639e-06
1.029800713271737678e+01,2.063063179709253292e-01,3.005042363713431031e-02,7.873748950813481973e-02,3.816533118449201845e-01,1.272151570887575276e-06
1.033364560893423878e+01,2.044494915219858544e-01,2.967725514196413797e-02,7.789415718488010287e-02,3.809946241734898376e-01,6.433140854458724292e-07
1.036940741978958869e+01,2.026091763052761674e-01,2.930869163052724630e-02,7.705978114325570671e-02,3.803370733176855700e-01,1.718302452575156575e-07
1.040529299210959913e+01,2.007852275676930698e-01,2.894467667368182465e-02,7.623426718214390552e-02,3.796806573154997144e-01,9.941134658382485889e-12
1.044130275419749232e+01,1.989775018043054844e-01,2.858515452839179363e-02,7.541752208041198335e-02,3.790253742083121158e-01,1.736992037885826655e-07
1.047743713583878211e+01,1.971858567477901003e-01,2.823007012945501562e-02,7.460945358683969408e-02,3.783712220408822491e-01,6.277714259683324561e-07
1.051369656830634547e+01,1.954101513579649951e-01,2.787936908133210878e-02,7.380997041015310844e-02,3.777181988613437791e-01,1.207315644898727436e-06
1.055008148436551885e+01,1.936502458114116032e-01,2.753299765007327649e-02,7.301898220916057392e-02,3.770663027212002860e-01,1.718064473305958352e-06
1.058659231827937219e+01,1.919060014911742329e-01,2.719090275533975545e-02,7.223639958298451458e-02,3.764155316753169389e-01,1.989928421268869719e-06
1.062322950581383552e+01,1.901772809765504835e-01,2.685303196252199556e-02,7.146213406139531599e-02,3.757658837819163322e-01,1.932891956733334650e-06
1.065999348424284676e+01,1.884639480329647065e-01,2.651933347495158064e-02,7.069609809524239619e-02,3.751173571025731013e-01,1.566672320972677299e-06
1.069688469235369510e+01,1.867658676019264830e-01,2.618975612620603327e-02,6.993820504698229634e-02,3.744699497022060952e-01,1.013946906867122289e-06
1.073390357045211729e+01,1.850829057910717279e-01,2.586424937250613593e-02,6.918836918130344404e-02,3.738236596490751573e-01,4.589967167872699216e-07
1.077105056036768183e+01,1.834149298642813453e-01,2.554276328520273948e-02,6.844650565584338431e-02,3.731784850147731869e-01,8.533580021058610838e-08
1.080832610545899364e+01,1.817618082318916972e-01,2.522524854335521025e-02,6.771253051200445960e-02,3.725344238742212544e-01,1.329710469807834215e-08
1.084573065061895214e+01,1.801234104409794590e-01,2.491165642639760550e-02,6.698636066586002857e-02,3.718914743056637162e-01,2.589472512047110350e-07
1.088326464228016910e+01,1.784996071657202754e-01,2.460193880689129364e-02,6.626791389915021036e-02,3.712496343906606655e-01,7.287421116301496125e-07
1.092092852842016271e+01,1.768902701978500303e-01,2.429604814336779051e-02,6.555710885037793756e-02,3.706089022140842126e-01,1.252193278375353569e-06
1.095872275856683054e+01,1.752952724371760751e-01,2.399393747325271817e-02,6.485386500598405712e-02,3.699692758641108248e-01,1.641573113541210078e-06
1.099664778380375729e+01,1.737144878821853533e-01,2.369556040587723900e-02,6.415810269161918711e-02,3.693307534322166630e-01,1.757971040384697085e-06
1.103470405677554211e+01,1.721477916207344305e-01,2.340087111557360294e-02,6.346974306350568196e-02,3.686933330131725861e-01,1.560383666635128767e-06
1.107289203169332126e+01,1.705950598207944535e-01,2.310982433484988149e-02,6.278870809987864565e-02,3.680570127050367679e-01,1.120142535819127137e-06
1.111121216434011671e+01,1.690561697212978609e-01,2.282237534765019227e-02,6.211492059252362447e-02,3.674217906091499786e-01,5.951011154570507692e-07
1.114966491207623456e+01,1.675309996230463783e-01,2.253847998269344066e-02,6.144830413839467986e-02,3.667876648301306441e-01,1.724425172704099472e-07
1.118825073384485513e+01,1.660194288796976725e-01,2.225809460689189348e-02,6.078878313131848982e-02,3.661546334758671306e-01,5.479091295128503570e-10
1.122697009017734437e+01,1.645213378888302769e-01,2.198117611884964351e-02,6.013628275378474913e-02,3.655226946575149127e-01,1.347465503163051487e-07
1.126582344319890261e+01,1.630366080830767117e-01,2.170768194243724580e-02,5.949072896881683892e-02,3.648918464894879699e-01,5.171045191256533931e-07
1.130481125663401265e+01,1.615651219213329048e-01,2.143757002044437143e-02,5.885204851192697706e-02,3.642620870894549556e-01,9.981434597492309403e-07
1.134393399581191098e+01,1.601067628800462439e-01,2.117079880830887925e-02,5.822016888315487831e-02,3.636334145783340355e-01,1.392856996160344503e-06
1.138319212767227562e+01,1.586614154445656066e-01,2.090732726791943649e-02,5.759501833918329733e-02,3.630058270802853371e-01,1.550351216011150633e-06
1.142258612077072044e+01,1.572289651005688849e-01,2.064711486149339512e-02,5.697652588553624858e-02,3.623793227227067315e-01,1.410899037696166336e-06
1.146211644528434448e+01,1.558092983252987729e-01,2.039012154549354680e-02,5.636462126876136403e-02,3.617538996362287818e-01,1.028518652692826663e-06
1.150178357301747134e+01,1.544023025685854200e-01,2.013630776327652444e-02,5.575923496497757481e-02,3.611295559547070266e-01,5.500188753542482300e-07
1.154158797740712927e+01,1.530078662414712243e-01,1.988563443882076023e-02,5.516029817125610996e-02,3.605062898152191497e-01,1.581087053334904157e-07
1.158153013352883498e+01,1.516258787216779313e-01,1.963806297270474094e-02,5.456774280312503417e-02,3.598840993580569303e-01,2.835993172340800368e-10
1.162161051810220513e+01,1.502562303463680082e-01,1.939355523646967353e-02,5.398150148750957555e-02,3.592629827267220244e-01,1.311645898775260158e-07
1.166182960949659275e+01,1.488988124039767047e-01,1.915207356692002691e-02,5.340150755538635580e-02,3.586429380679206913e-01,4.911661674643249751e-07
1.170218788773692431e+01,1.475535171261001532e-01,1.891358076049085707e-02,5.282769503450785581e-02,3.580239635315570212e-01,9.303683196883867227e-07
1.174268583450928105e+01,1.462202376794592140e-01,1.867804006768392436e-02,5.225999864220440272e-02,3.574060572707289940e-01,1.268571685893742693e-06
1.178332393316678228e+01,1.448988681579276017e-01,1.844541518756998011e-02,5.169835377825814093e-02,3.567892174417213180e-01,1.367801019961645660e-06
1.182410266873529459e+01,1.435893035746249324e-01,1.821567026235698661e-02,5.114269651784940363e-02,3.561734422040008230e-01,1.188053387183486929e-06
1.186502252791916057e+01,1.422914398540835457e-01,1.798876987202460004e-02,5.059296360457784386e-02,3.555587297202116304e-01,8.033878398059358008e-07
1.190608399910712834e+01,1.410051738244677555e-01,1.776467902902106530e-02,5.004909244354978359e-02,3.549450781561681589e-01,3.713095949135752904e-07
1.194728757237812111e+01,1.397304032098698467e-01,1.754336317302560011e-02,4.951102109454064842e-02,3.543324856808502954e-01,6.756354586917150254e-08
1.198863373950702638e+01,1.384670266226643576e-01,1.732478816577286140e-02,4.897868826522502189e-02,3.537209504663990645e-01,1.305141308740278525e-08
1.203012299397070350e+01,1.372149435559288366e-01,1.710892028593955297e-02,4.845203330447631074e-02,3.531104706881088018e-01,2.233644844151487638e-07
1.207175583095371607e+01,1.359740543759277165e-01,1.689572622409293845e-02,4.793099619573539666e-02,3.525010445244243784e-01,6.024442293694247128e-07
1.211353274735438035e+01,1.347442603146546958e-01,1.668517307769896291e-02,4.741551755044478428e-02,3.518926701569335957e-01,9.835538288495653693e-07
1.215545424179063971e+01,1.335254634624457315e-01,1.647722834619167603e-02,4.690553860155314420e-02,3.512853457703624116e-01,1.200600914353064850e-06
1.219752081460594439e+01,1.323175667606471539e-01,1.627185992610111903e-02,4.640100119708392284e-02,3.506790695525708879e-01,1.159502228938692191e-06
1.223973296787535858e+01,1.311204739943460928e-01,1.606903610623950512e-02,4.590184779376953877e-02,3.500738396945455300e-01,8.787193613182192481e-07
1.228209120541148280e+01,1.299340897851655463e-01,1.586872556294606842e-02,4.540802145075235885e-02,3.494696543903950126e-01,4.809695608659540125e-07
1.232459603277041182e+01,1.287583195841147388e-01,1.567089735538839193e-02,4.491946582334831184e-02,3.488665118373457386e-01,1.392014686231769430e-07
1.236724795725790393e+01,1.275930696645032614e-01,1.547552092092040893e-02,4.443612515687517944e-02,3.482644102357342342e-01,1.675387555081565238e-10
1.241004748793527668e+01,1.264382471149133325e-01,1.528256607049650190e-02,4.395794428054417696e-02,3.476633477890042623e-01,1.192959611746081153e-07
1.245299513562562765e+01,1.252937598322274304e-01,1.509200298413986181e-02,4.348486860141214522e-02,3.470633227036992730e-01,4.361122197447832672e-07
1.249609141291987058e+01,1.241595165147213325e-01,1.490380220646647831e-02,4.301684409839841988e-02,3.464643331894579625e-01,8.017240025751143213e-07
1.253933683418278378e+01,1.230354266552098758e-01,1.471793464226232515e-02,4.255381731636116022e-02,3.458663774590099993e-01,1.046490232905283182e-06
1.258273191555930381e+01,1.219214005342510454e-01,1.453437155211356399e-02,4.209573536023408086e-02,3.452694537281684184e-01,1.057448806156462489e-06
1.262627717498050472e+01,1.208173492134071575e-01,1.435308454808972844e-02,4.164254588922385730e-02,3.446735602158267353e-01,8.300546313292324572e-07
1.266997313216995025e+01,1.197231845285638141e-01,1.417404558947859237e-02,4.119419711106676874e-02,3.440786951439515629e-01,4.700280341315118139e-07
1.271382030864980983e+01,1.186388190833040784e-01,1.399722697857250578e-02,4.075063777634414103e-02,3.434848567375780592e-01,1.439045782268876961e-07
1.275781922774702970e+01,1.175641662423366068e-01,1.382260135650525620e-02,4.031181717285554911e-02,3.428920432248058758e-01,8.870591169870480176e-10
1.280197041459971175e+01,1.164991401249811931e-01,1.365014169913903418e-02,3.987768512004987581e-02,3.423002528367916075e-01,1.025354500344385225e-07
1.284627439616330591e+01,1.154436555987087831e-01,1.347982131300115571e-02,3.944819196351386642e-02,3.417094838077449626e-01,3.937554234576759031e-07
1.289073170121684164e+01,1.143976282727353633e-01,1.331161383126955484e-02,3.902328856951675640e-02,3.411197343749237665e-01,7.293996863521164459e-07
1.293534286036939385e+01,1.133609744916659612e-01,1.314549320980604001e-02,3.860292631960938331e-02,3.405310027786271343e-01,9.442940419678238573e-07
1.298010840606622729e+01,1.123336113292013050e-01,1.298143372323867610e-02,3.818705710528215447e-02,3.399432872621924173e-01,9.332553294517713523e-07
1.302502887259532471e+01,1.113154565818851027e-01,1.281940996108956246e-02,3.777563332267309948e-02,3.393565860719877092e-01,7.022086816194745474e-07
1.307010479609368403e+01,1.103064287629144102e-01,1.265939682395073040e-02,3.736860786733412626e-02,3.387708974574077381e-01,3.650098168995763912e-07
1.311533671455365102e+01,1.093064470959974471e-01,1.250136951970555119e-02,3.696593412904927017e-02,3.381862196708695367e-01,8.695256642409077365e-08
1.316072516782947943e+01,1.083154315092600267e-01,1.234530355979508373e-02,3.656756598670478364e-02,3.376025509678052816e-01,2.470024966187918014e-09
1.320627069764371342e+01,1.073333026292093567e-01,1.219117475553033701e-02,3.617345780321415405e-02,3.370198896066580185e-01,1.479373265218987428e-07
1.325197384759355934e+01,1.063599817747462734e-01,1.203895921444867942e-02,3.578356442049443475e-02,3.364382338488774993e-01,4.435913347744579852e-07
1.329783516315756486e+01,1.053953909512240911e-01,1.188863333671350865e-02,3.539784115449240431e-02,3.358575819589127986e-01,7.342656221377916379e-07
1.334385519170192502e+01,1.044394528445650172e-01,1.174017381155847452e-02,3.501624379026480050e-02,3.352779322042094834e-01,8.687802304551939328e-07
1.339003448248718975e+01,1.034920908154168123e-01,1.159355761377321194e-02,3.463872857710548897e-02,3.346992828552023957e-01,7.776079390415983978e-07
1.343637358667473336e+01,1.025532288933655028e-01,1.144876200023241600e-02,3.426525222372513169e-02,3.341216321853115456e-01,5.086264050383380392e-07
1.348287305733328445e+01,1.016227917711966522e-01,1.130576450646671172e-02,3.389577189348035036e-02,3.335449784709375032e-01,2.018923757115152751e-07
1.352953344944566894e+01,1.007007047991983484e-01,1.116454294327395153e-02,3.353024519964927647e-02,3.329693199914545154e-01,1.600658956950500456e-08
1.357635531991526356e+01,9.978689397952232587e-02,1.102507539337278797e-02,3.316863020075943441e-02,3.323946550292075641e-01,4.439965601322292221e-08
1.362333922757279758e+01,9.888128596058176623e-02,1.088734020809510594e-02,3.281088539595955478e-02,3.318209818695051494e-01,2.658877223334362161e-07
1.367048573318295368e+01,9.798380803150376350e-02,1.075131600411938747e-02,3.245696972044168072e-02,3.312482988006152373e-01,5.562933440787468210e-07
1.371779539945099202e+01,9.709438811662747526e-02,1.061698166024331071e-02,3.210684254090986900e-02,3.306766041137608747e-01,7.555273471270781306e-07
1.376526879102960521e+01,9.621295477004562779e-02,1.048431631419481647e-02,3.176046365109422287e-02,3.301058961031133054e-01,7.543861693636439965e-07
1.381290647452559206e+01,9.533943717019263686e-02,1.035329935948188160e-02,3.141779326731141547e-02,3.295361730657879185e-01,5.539510851408150178e-07
1.386070901850654380e+01,9.447376511448266068e-02,1.022391044228074773e-02,3.107879202407226593e-02,3.289674333018399177e-01,2.647014887978482114e-07
1.390867699350779318e+01,9.361586901398598337e-02,1.009612945836078739e-02,3.074342096973186125e-02,3.283996751142572723e-01,4.519603999872088366e-08
1.395681097203904386e+01,9.276567988815810628e-02,9.969936550047579088e-03,3.041164156218735190e-02,3.278328968089578299e-01,1.378191152061997867e-08
1.400511152859136210e+01,9.192312935960426923e-02,9.845312103221421154e-03,3.008341566461661398e-02,3.272670966947825444e-01,1.824664574021518982e-07
1.405357923964396605e+01,9.108814964889634658e-02,9.722236744353105614e-03,2.975870554126362755e-02,3.267022730834909794e-01,4.504406927554952855e-07
1.410221468367102915e+01,9.026067356942919784e-02,9.600691337575026699e-03,2.943747385326577273e-02,3.261384242897572006e-01,6.615522938328708716e-07
1.415101844114873408e+01,8.944063452232040023e-02,9.480656981787512899e-03,2.911968365452382787e-02,3.255755486311632807e-01,6.935888323966663271e-07
1.419999109456212949e+01,8.862796649135448734e-02,9.362115007800370439e-03,2.880529838761505118e-02,3.250136444281948034e-01,5.284016418586662206e-07
1.424913322841200269e+01,8.782260403797011172e-02,9.245046975508998052e-03,2.849428187974843360e-02,3.244527100042368106e-01,2.621131912152112102e-07
1.429844542922202955e+01,8.702448229581342953e-02,9.129434671054488526e-03,2.818659833860706621e-02,3.238927436855670305e-01,4.884261767798007646e-08
1.434792828554557964e+01,8.623353695991033130e-02,9.015260103451718313e-03,2.788221234648012581e-02,3.233337438013527132e-01,1.023605903003620066e-08
1.439758238797291767e+01,8.544970428382184235e-02,8.902505502090679590e-03,2.758108885701841817e-02,3.227757086836441358e-01,1.638103722434150958e-07
1.444740832913816675e+01,8.467292107943419355e-02,8.791153314535534238e-03,2.728319319285911135e-02,3.222186366673701063e-01,4.128479097416001419e-07
1.449740670372631079e+01,8.390312471225289115e-02,8.681186203876761417e-03,2.698849104181560293e-02,3.216625260903341332e-01,6.045162985597935206e-07
1.454757810848048294e+01,8.314025309662495533e-02,8.572587046103417527e-03,2.669694845307018713e-02,3.211073752932072645e-01,6.219551468201469171e-07
1.459792314220886311e+01,8.238424469100674719e-02,8.465338927507967334e-03,2.640853183340794927e-02,3.205531826195253675e-01,4.549231191190310898e-07
1.464844240579201440e+01,8.163503849326995965e-02,8.359425142122076449e-03,2.612320794348857098e-02,3.199999464156825790e-01,2.057306757461066059e-07
1.469913650218997780e+01,8.089257403604718788e-02,8.254829189183521265e-03,2.584094389415663925e-02,3.194476650309266974e-01,2.615685101152137462e-08
1.475000603644939012e+01,8.015679138211929955e-02,8.151534770634022084e-03,2.556170714279081685e-02,3.188963368173555191e-01,2.359543876209388076e-08
1.480105161571085759e+01,7.942763111983759672e-02,8.049525788646764296e-03,2.528546548968903240e-02,3.183459601299101771e-01,1.944455190702668309e-07
1.485227384921613414e+01,7.870503435858955399e-02,7.948786343184421205e-03,2.501218707449265333e-02,3.177965333263706449e-01,4.266908973677804774e-07
1.490367334831530322e+01,7.798894272429898744e-02,7.849300729586386124e-03,2.474184037264631070e-02,3.172480547673523499e-01,5.707466399926820454e-07
1.495525072647425979e+01,7.727929835496659405e-02,7.751053436185225028e-03,2.447439419189465989e-02,3.167005228162987907e-01,5.343649498084705360e-07
1.500700659928183001e+01,7.657604389624968200e-02,7.654029141952361885e-03,2.420981766881605962e-02,3.161539358394791499e-01,3.413037113416664961e-07
1.505894158445729403e+01,7.587912249707388923e-02,7.558212714171486622e-03,2.394808026538994966e-02,3.156082922059813556e-01,1.157235528513841958e-07
1.511105630185768867e+01,7.518847780528810365e-02,7.463589206140878313e-03,2.368915176560172295e-02,3.150635902877080841e-01,1.649342320967705166e-09
1.516335137348510642e+01,7.450405396335482711e-02,7.370143854903398080e-03,2.343300227208222272e-02,3.145198284593729299e-01,6.923157526618148109e-08
1.521582742349431072e+01,7.382579560407406816e-02,7.277862079003522000e-03,2.317960220278069208e-02,3.139770050984933558e-01,2.690467860297781629e-07
1.526848507820006695e+01,7.315364784634528772e-02,7.186729476271889322e-03,2.292892228767290722e-02,3.134351185853874178e-01,4.650321746574323253e-07
1.532132496608457650e+01,7.248755629096949316e-02,7.096731821637025130e-03,2.268093356550449080e-02,3.128941673031690462e-01,5.249943543912114935e-07
1.537434771780513465e+01,7.182746701647794996e-02,7.007855064962602472e-03,2.243560738056492310e-02,3.123541496377418847e-01,4.088426710962754601e-07
1.542755396620145802e+01,7.117332657500678728e-02,6.920085328912086234e-03,2.219291537949832221e-02,3.118150639777961808e-01,1.952375346064177749e-07
1.548094434630342420e+01,7.052508198819645857e-02,6.833408906838095084e-03,2.195282950814378756e-02,3.112769087148024583e-01,2.802118377085532238e-08
1.553451949533856613e+01,6.988268074313432054e-02,6.747812260698243109e-03,2.171532200841108304e-02,3.107396822430072980e-01,1.810276995472945015e-08
1.558828005273960038e+01,6.924607078832782647e-02,6.663282018995868652e-03,2.148036541518742043e-02,3.102033829594295078e-01,1.675798476375020332e-07
1.564222666015224661e+01,6.861520052971052663e-02,6.579804974745458689e-03,2.124793255327554406e-02,3.096680092638531834e-01,3.686393780905828857e-07
1.569635996144266699e+01,6.799001882668739838e-02,6.497368083463444383e-03,2.101799653436543444e-02,3.091335595588254881e-01,4.787349587827832068e-07
1.575068060270535142e+01,6.737047498820629421e-02,6.415958461182434507e-03,2.079053075403467649e-02,3.086000322496496584e-01,4.202710093622325262e-07
1.580518923227072925e+01,6.675651876886902480e-02,6.335563382490245858e-03,2.056550888878195052e-02,3.080674257443812292e-01,2.349457065243244162e-07
1.585988650071283779e+01,6.614810036507527691e-02,6.256170278592679442e-03,2.034290489309109259e-02,3.075357384538240368e-01,5.385479181958346590e-08
1.591477306085724841e+01,6.554517041119310716e-02,6.177766735399102191e-03,2.012269299652345855e-02,3.070049687915239467e-01,3.830824363816491194e-09
1.596984956778878484e+01,6.494767997576875174e-02,6.100340491631962674e-03,1.990484770084254007e-02,3.064751151737646895e-01,1.165409963005540472e-07
1.602511667885923430e+01,6.435558055776673114e-02,6.023879436959077641e-03,1.968934377716775180e-02,3.059461760195643087e-01,3.059559836828974518e-07
1.608057505369542284e+01,6.376882408283947312e-02,5.948371610148198499e-03,1.947615626315667842e-02,3.054181497506681109e-01,4.312107728255311243e-07
1.613622535420682524e+01,6.318736289963342023e-02,5.873805197244599298e-03,1.926526046021821356e-02,3.048910347915466112e-01,3.997362768408713604e-07
1.619206824459369187e+01,6.261114977612072807e-02,5.800168529770037378e-03,1.905663193075244830e-02,3.043648295693885952e-01,2.351855457217390293e-07
1.624810439135488593e+01,6.204013789596653922e-02,5.727450082944092816e-03,1.885024649542059796e-02,3.038395325140971770e-01,5.952880360283200186e-08
1.630433446329573499e+01,6.147428085492744054e-02,5.655638473927114725e-03,1.864608023044330570e-02,3.033151420582863023e-01,1.839361614039382130e-09
1.636075913153620931e+01,6.091353265727689204e-02,5.584722460084041475e-03,1.844410946492557046e-02,3.027916566372741425e-01,1.014771457506605818e-07
1.641737906951883019e+01,6.035784771226391371e-02,5.514690937269647354e-03,1.824431077821037778e-02,3.022690746890793201e-01,2.786912719211475039e-07
1.647419495301662451e+01,5.980718083060231061e-02,5.445532938134639740e-03,1.804666099725983977e-02,3.017473946544170227e-01,3.956116560184132839e-07
1.653120746014140252e+01,5.926148722098781296e-02,5.377237630452031715e-03,1.785113719406267521e-02,3.012266149766924528e-01,3.618529074133340634e-07
1.658841727135159161e+01,5.872072248664609445e-02,5.309794315464098045e-03,1.765771668306913983e-02,3.007067341019986628e-01,2.038923782369216054e-07
1.664582506946059581e+01,5.818484262191057910e-02,5.243192426249259665e-03,1.746637701865234177e-02,3.001877504791093942e-01,4.415458820584168688e-08
1.670343153964483918e+01,5.765380400882783030e-02,5.177421526108793443e-03,1.727709599259559178e-02,2.996696625594758578e-01,5.257974676536257651e-09
1.676123736945185527e+01,5.712756341379452568e-02,5.112471306973332547e-03,1.708985163160652021e-02,2.991524687972225705e-01,1.138351295200782343e-07
1.681924324880870358e+01,5.660607798421955078e-02,5.048331587828327333e-03,1.690462219485573681e-02,2.986361676491409711e-01,2.798521217220295974e-07
1.687744987002997021e+01,5.608930524521843486e-02,4.984992313159112079e-03,1.672138617154238574e-02,2.981207575746870342e-01,3.685592838563779500e-07
1.693585792782622690e+01,5.557720309633337047e-02,4.922443551414482955e-03,1.654012227848389305e-02,2.976062370359746634e-01,3.083972366558694309e-07
1.699446811931225199e+01,5.506972980828126613e-02,4.860675493489044832e-03,1.636080945773087103e-02,2.970926044977719727e-01,1.483517459204338631e-07
1.705328114401523365e+01,5.456684401973109499e-02,4.799678451224125703e-03,1.618342687420718656e-02,2.965798584274975114e-01,1.783933493823015148e-08
1.711229770388333193e+01,5.406850473410842323e-02,4.739442855926811159e-03,1.600795391337428777e-02,2.960679972952141581e-01,2.092697044518838705e-08
1.717151850329394236e+01,5.357467131642446034e-02,4.679959256906789274e-03,1.583437017891899806e-02,2.955570195736251793e-01,1.510601326116481621e-07
1.723094424906202349e+01,5.308530349013767385e-02,4.621218320031480337e-03,1.566265549046697708e-02,2.950469237380704546e-01,2.968854645302431182e-07
1.729057565044873002e+01,5.260036133403583197e-02,4.563210826298087081e-03,1.549278988131781373e-02,2.945377082665205370e-01,3.351583571307870889e-07
1.735041341916966218e+01,5.211980527915036077e-02,4.505927670423600165e-03,1.532475359620550856e-02,2.940293716395735446e-01,2.338373134324380353e-07
1.741045826940354857e+01,5.164359610569201064e-02,4.449359859451410167e-03,1.515852708908049448e-02,2.935219123404492203e-01,7.870080720469424586e-08
1.747071091780068031e+01,5.117169494001746338e-02,4.393498511375341399e-03,1.499409102091620039e-02,2.930153288549852131e-01,2.561289780025807937e-10
1.753117208349139489e+01,5.070406325161850442e-02,4.338334853780119633e-03,1.483142625753734734e-02,2.925096196716329144e-01,6.234103498034920298e-08
1.759184248809481588e+01,5.024066285013818051e-02,4.283860222498434185e-03,1.467051386747109630e-02,2.920047832814520183e-01,2.076263523201440058e-07
1.765272285572739719e+01,4.978145588241213171e-02,4.230066060284344565e-03,1.451133511982043676e-02,2.915008181781062468e-01,3.075696352038985057e-07
1.771381391301144248e+01,4.932640482953600664e-02,4.176943915502915466e-03,1.435387148215992725e-02,2.909977228578600195e-01,2.743531102609482164e-07
1.777511638908403313e+01,4.887547250395621323e-02,4.124485440835540598e-03,1.419810461845260469e-02,2.904954958195717363e-01,1.374943792130570810e-07
1.783663101560544817e+01,4.842862204570417411e-02,4.072682391927052656e-03,1.404401638673316577e-02,2.899941355646919461e-01,1.741565779301393564e-08
1.789835852676813843e+01,4.798581691501906804e-02,4.021526625745027936e-03,1.389158883576228215e-02,2.894936405972565185e-01,1.846668486817991330e-08
1.796029965930537742e+01,4.754702089308708579e-02,3.971010099638225266e-03,1.374080420405438159e-02,2.889940094238832025e-01,1.360142992965050898e-07
1.802245515249997254e+01,4.711219808135711645e-02,3.921124870283445793e-03,1.359164491849788707e-02,2.884952405537679621e-01,2.610328444447966896e-07
1.808482574819331035e+01,4.668131289875059736e-02,3.871863092466963033e-03,1.344409359237633446e-02,2.879973324986787042e-01,2.789020267746692615e-07
1.814741219079394696e+01,4.625433007889466486e-02,3.823217017880860269e-03,1.329813302341003971e-02,2.875002837729527250e-01,1.735113484273970917e-07
1.821021522728671727e+01,4.583121466737664906e-02,3.775178993933731453e-03,1.315374619181729036e-02,2.870040928934908808e-01,4.158069325003669958e-08
1.827323560724156692e+01,4.541193201902203602e-02,3.727741462575919536e-03,1.301091625839577264e-02,2.865087583797534254e-01,3.253963018371125876e-09
1.833647408282238445e+01,4.499644779519834659e-02,3.680896959139301310e-03,1.286962656262472492e-02,2.860142787537567899e-01,9.081810720913589299e-08
1.839993140879618849e+01,4.458472796113831932e-02,3.634638111190812999e-03,1.272986062078560257e-02,2.855206525400674211e-01,2.189986038419973929e-07
1.846360834254203453e+01,4.417673878328884363e-02,3.588957637400253062e-03,1.259160212410321070e-02,2.850278782657980070e-01,2.653654206681489681e-07
1.852750564405993927e+01,4.377244682668297859e-02,3.543848346421912040e-03,1.245483493690629183e-02,2.845359544606043123e-01,1.859506703507884142e-07
1.859162407598021005e+01,4.337181895233146317e-02,3.499303135789504256e-03,1.231954309480624149e-02,2.840448796566785727e-01,5.664510111901500240e-08
1.865596440357225916e+01,4.297482231464044844e-02,3.455314990824992060e-03,1.218571080289605237e-02,2.835546523887472747e-01,2.121085319763393361e-10
1.872052739475398653e+01,4.258142435884926941e-02,3.411876983560445647e-03,1.205332243396723887e-02,2.830652711940651045e-01,6.810606018385807710e-08
1.878531382010082851e+01,4.219159281848900572e-02,3.368982271673000902e-03,1.192236252674508043e-02,2.825767346124111734e-01,1.910159929835827502e-07
1.885032445285487057e+01,4.180529571286772245e-02,3.326624097433213655e-03,1.179281578414363187e-02,2.820890411860856317e-01,2.468388190409881984e-07
1.891556006893426911e+01,4.142250134457106658e-02,3.284795786665664977e-03,1.166466707153701425e-02,2.816021894599036179e-01,1.804852004149720308e-07
1.898102144694240678e+01,4.104317829698883591e-02,3.243490747722669286e-03,1.153790141505010337e-02,2.811161779811918171e-01,5.787597273798580576e-08
1.904670936817710114e+01,4.066729543186182322e-02,3.202702470470411306e-03,1.141250399986672333e-02,2.806310052997846305e-01,4.012876909520398576e-11
1.911262461664014367e+01,4.029482188684785360e-02,3.162424525287259487e-03,1.128846016855485426e-02,2.801466699680185135e-01,6.209851420477040326e-08
1.917876797904640540e+01,3.992572707311194818e-02,3.122650562074617137e-03,1.116575541941031320e-02,2.796631705407291446e-01,1.782067306021223724e-07
1.924514024483345054e+01,3.955998067293464010e-02,3.083374309279578347e-03,1.104437540481684882e-02,2.791805055752458742e-01,2.286262835107223995e-07
1.931174220617086590e+01,3.919755263734132911e-02,3.044589572929584740e-03,1.092430592962353661e-02,2.786986736313878388e-01,1.617121837557948342e-07
1.937857465796960454e+01,3.883841318375396562e-02,3.006290235679021008e-03,1.080553294953964273e-02,2.782176732714604639e-01,4.644480666153318280e-08
1.944563839789172732e+01,3.848253279366005419e-02,2.968470255867168128e-03,1.068804256954531198e-02,2.777375030602495243e-01,8.648945129713916088e-10
1.951293422635963282e+01,3.812988221030406272e-02,2.931123666587916697e-03,1.057182104231961690e-02,2.772581615650187015e-01,6.956388312250895514e-08
1.958046294656585218e+01,3.778043243639696291e-02,2.894244574770624134e-03,1.045685476668438939e-02,2.767796473555038106e-01,1.775376868829671922e-07
1.964822536448254908e+01,3.743415473184707326e-02,2.857827160272364241e-03,1.034313028606479584e-02,2.763019590039089701e-01,2.094130679976708503e-07
1.971622228887101969e+01,3.709102061150991447e-02,2.821865674981223916e-03,1.023063428696583364e-02,2.758250950849033822e-01,1.314079362213694276e-07
1.978445453129154785e+01,3.675100184295599509e-02,2.786354441930388552e-03,1.011935359746423367e-02,2.753490541756154486e-01,2.682784210696678118e-08
1.985292290611301169e+01,3.641407044426046846e-02,2.751287854423292798e-03,1.000927518571689649e-02,2.748738348556291067e-01,6.490512380938601438e-09
1.992162823052247944e+01,3.608019868181006062e-02,2.716660375169328845e-03,9.900386158484427573e-03,2.743994357069806656e-01,8.943328774706707142e-08
1.999057132453519969e+01,3.574935906812850422e-02,2.682466535430025074e-03,9.792673759669860006e-03,2.739258553141526442e-01,1.827514024094295966e-07
2.005975301100414043e+01,3.542152435972295565e-02,2.648700934175897588e-03,9.686125368873381783e-03,2.734530922640716066e-01,1.832786078469906618e-07
2.012917411563001835e+01,3.509666755494631613e-02,2.615358237253329748e-03,9.580728499961291278e-03,2.729811451461020555e-01,9.065002126758237119e-08
2.019883546697107590e+01,3.477476189187962002e-02,2.582433176561808440e-03,9.476470799650426463e-03,2.725100125520431571e-01,7.206462825211254506e-09
2.026873789645285129e+01,3.445578084623294318e-02,2.549920549241221739e-03,9.373340046107443355e-03,2.720396930761251886e-01,2.399120273821135990e-08
2.033888223837831433e+01,3.413969812926247877e-02,2.517815216868910487e-03,9.271324147562102352e-03,2.715701853150038758e-01,1.192071055423711975e-07
2.040926932993771814e+01,3.382648768570786085e-02,2.486112104666739209e-03,9.170411140935759431e-03,2.711014878677569517e-01,1.832468424720090393e-07
2.047990001121849346e+01,3.351612369174632872e-02,2.454806200717789960e-03,9.070589190483896447e-03,2.706335993358807701e-01,1.429584523828925093e-07
2.055077512521551952e+01,3.320858055296312811e-02,2.423892555192479637e-03,8.971846586452373110e-03,2.701665183232841994e-01,4.461800492421197306e-08
2.062189551784088692e+01,3.290383290234375618e-02,2.393366279584524872e-03,8.874171743749010438e-03,2.697002434362866796e-01,4.023259995215015157e-10
2.069326203793426089e+01,3.260185559827649682e-02,2.363222545955665985e-03,8.777553200627037991e-03,2.692347732836122831e-01,5.896393483047879665e-08
2.076487553727290347e+01,3.230262372257988041e-02,2.333456586190228114e-03,8.681979617384431164e-03,2.687701064763861614e-01,1.494195561978564158e-07
2.083673687058172419e+01,3.200611257854225900e-02,2.304063691258440537e-03,8.587439775075530329e-03,2.683062416281312701e-01,1.645390094689772826e-07
2.090884689554373566e+01,3.171229768897872864e-02,2.275039210488756167e-03,8.493922574236156126e-03,2.678431773547625405e-01,8.662215009846304835e-08
2.098120647281000828e+01,3.142115479430785535e-02,2.246378550849342098e-03,8.401417033622966823e-03,2.673809122745844369e-01,7.910840142224722270e-09
2.105381646601017565e+01,3.113265985064087721e-02,2.218077176238016524e-03,8.309912288964799165e-03,2.669194450082856274e-01,2.056466252534937914e-08
2.112667774176266988e+01,3.084678902788995022e-02,2.190130606781075674e-03,8.219397591727781172e-03,2.664587741789350983e-01,1.066360152073324807e-07
2.119979116968491795e+01,3.056351870789417169e-02,2.162534418140810415e-03,8.129862307893762421e-03,2.659988984119790456e-01,1.602069894992536728e-07
2.127315762240395713e+01,3.028282548255676818e-02,2.135284240831099734e-03,8.041295916750105036e-03,2.655398163352352126e-01,1.158573098277682010e-07
2.134677797556674861e+01,3.000468615200358596e-02,2.108375759541784508e-03,7.953688009693579697e-03,2.650815265788896147e-01,2.799259317192542445e-08
2.142065310785049448e+01,2.972907772275502208e-02,2.081804712471130737e-03,7.867028289046120240e-03,2.646240277754931536e-01,3.647364171270820604e-09
2.149478390097340963e+01,2.945597740591384545e-02,2.055566890666431223e-03,7.781306566882901718e-03,2.641673185599557327e-01,7.046604685183709173e-08
2.156917123970492867e+01,2.918536261536943191e-02,2.029658137372784311e-03,7.696512763873000415e-03,2.637113975695442036e-01,1.429017060338942719e-07
2.164381601187653104e+01,2.891721096601635940e-02,2.004074347389716172e-03,7.612636908131765849e-03,2.632562634438768145e-01,1.294080679317467452e-07
2.171871910839223929e+01,2.865150027198984720e-02,1.978811466435795394e-03,7.529669134085629004e-03,2.628019148249193249e-01,4.721476168615596917e-08
2.179388142323912447e+01,2.838820854491584667e-02,1.953865490521007435e-03,7.447599681348658976e-03,2.623483503569822295e-01,3.737100210134158052e-13
2.186930385349819517e+01,2.812731399217536718e-02,1.929232465326701342e-03,7.366418893610565330e-03,2.618955686867150412e-01,4.588074397093943462e-08
2.194498729935502013e+01,2.786879501518506677e-02,1.904908485593255572e-03,7.286117217536721216e-03,2.614435684631030155e-01,1.234878463325927518e-07
2.202093266411032957e+01,2.761263020769340673e-02,1.880889694515283563e-03,7.206685201679892405e-03,2.609923483374637643e-01,1.314416577234508335e-07
2.209714085419107477e+01,2.735879835408828314e-02,1.857172283143992009e-03,7.128113495402428439e-03,2.605419069634415941e-01,5.954233699044478969e-08
2.217361277916094053e+01,2.710727842772284527e-02,1.833752489797149145e-03,7.050392847810773786e-03,2.600922429970054517e-01,1.507513975827950846e-09
2.225034935173147232e+01,2.685804958825085270e-02,1.810626599408481693e-03,6.973514106440096422e-03,2.596433550964432069e-01,3.184294515859855657e-08
2.232735148777284451e+01,2.661109117795824180e-02,1.787790942817242068e-03,6.897468215688823054e-03,2.591952419223583770e-01,1.079503253019856007e-07
2.240462010632468903e+01,2.636638272272216407e-02,1.765241896376481797e-03,6.822246216463180406e-03,2.587479021376666855e-01,1.271755605163164690e-07
2.248215612960732201e+01,2.612390393099343552e-02,1.742975881431821101e-03,6.747839245311309728e-03,2.583013344075907325e-01,6.381748574971195268e-08
2.255996048303244450e+01,2.588363469218796231e-02,1.720989363766080868e-03,6.674238533410550844e-03,2.578555373996577194e-01,3.096874332404798433e-09
2.263803409521446142e+01,2.564555507509311966e-02,1.699278853050744439e-03,6.601435405565515314e-03,2.574105097836937861e-01,2.568395477273875650e-08
2.271637789798146656e+01,2.540964532628743958e-02,1.677840902304145133e-03,6.529421279216591351e-03,2.569662502318206809e-01,9.838654539802244624e-08
2.279499282638620272e+01,2.517588586857408967e-02,1.656672107356306880e-03,6.458187663458883100e-03,2.565227574184527071e-01,1.200875156671315640e-07
2.287387981871749787e+01,2.494425729942777170e-02,1.635769106320308485e-03,6.387726158071336223e-03,2.560800300202913937e-01,6.085093130733824977e-08
2.295303981651132119e+01,2.471474038945569232e-02,1.615128579070195186e-03,6.318028452556250993e-03,2.556380667163219433e-01,2.798697343395750125e-09
2.303247376456192086e+01,2.448731608087144698e-02,1.594747246725271165e-03,6.249086325188763121e-03,2.551968661878101785e-01,2.543557303289120566e-08
2.311218261093336679e+01,2.426196548598202885e-02,1.574621871140682167e-03,6.180891642076220306e-03,2.547564271182971019e-01,9.464679179165954141e-08
2.319216730697054629e+01,2.403866988568878135e-02,1.554749254404340060e-03,6.113436356227706925e-03,2.543167481935965646e-01,1.113185235446929898e-07
2.327242880731079921e+01,2.381741072800025796e-02,1.535126238339910463e-03,6.046712506632976984e-03,2.538778281017899374e-01,5.179312740391833161e-08
2.335296806989519780e+01,2.359816962655910538e-02,1.515749704015996371e-03,5.980712217351394702e-03,2.534396655332227244e-01,1.026334909378461725e-09
2.343378605597985498e+01,2.338092835918109680e-02,1.496616571261308749e-03,5.915427696610272082e-03,2.530022591805014542e-01,3.042881185494311995e-08
2.351488373014764122e+01,2.316566886640697084e-02,1.477723798185766628e-03,5.850851235912657260e-03,2.525656077384884624e-01,9.523747328518576572e-08
2.359626206031956741e+01,2.295237325006694445e-02,1.459068380707505665e-03,5.786975209154558882e-03,2.521297099042984491e-01,1.000201629655583837e-07
2.367792201776622463e+01,2.274102377185818757e-02,1.440647352085728606e-03,5.723792071751567477e-03,2.516945643772954821e-01,3.789439573599477473e-08
2.375986457711966793e+01,2.253160285193334805e-02,1.422457782459177764e-03,5.661294359774273616e-03,2.512601698590875010e-01,3.352585135983805701e-11
2.384209071638469979e+01,2.232409306750328046e-02,1.404496778390439864e-03,5.599474689093317248e-03,2.508265250535242075e-01,4.076395543898594469e-08
2.392460141695084630e+01,2.211847715145012772e-02,1.386761482415686851e-03,5.538325754532905099e-03,2.503936286666915700e-01,9.732919267054792105e-08
2.400739766360394967e+01,2.191473799095342706e-02,1.369249072600042848e-03,5.477840329033505616e-03,2.499614794069087431e-01,8.416815674624322610e-08
2.409048044453778559e+01,2.171285862612832435e-02,1.351956762098414618e-03,5.418011262823387540e-03,2.495300759847247918e-01,2.130559441285466341e-08
2.417385075136616024e+01,2.151282224867478304e-02,1.334881798721641779e-03,5.358831482598603972e-03,2.490994171129134183e-01,3.461304828103145235e-09
2.425750957913439976e+01,2.131461220053996325e-02,1.318021464508098168e-03,5.300293990712011752e-03,2.486695015064707137e-01,5.591329353941173337e-08
2.434145792633152183e+01,2.111821197259015209e-02,1.301373075300395026e-03,5.242391864370238470e-03,2.482403278826099680e-01,9.640742526598441668e-08
2.442569679490204493e+01,2.092360520329665866e-02,1.284933980327452718e-03,5.185118254839727291e-03,2.478118949607582833e-01,6.208265134188071406e-08
2.451022719025779750e+01,2.073077567743144070e-02,1.268701561791606407e-03,5.128466386660705985e-03,2.473842014625536045e-01,6.345878091885558601e-09
2.459505012129017842e+01,2.053970732477485364e-02,1.252673234460809212e-03,5.072429556869576320e-03,2.469572461118395290e-01,1.517698263278079239e-08
2.468016660038206922e+01,2.035038421883427623e-02,1.236846445265845675e-03,5.017001134229425417e-03,2.465310276346621421e-01,7.266930513234734460e-08
2.476557764341980672e+01,2.016279057557457746e-02,1.221218672902536469e-03,4.962174558468792664e-03,2.461055447592668255e-01,8.671512016140346926e-08
2.485128426980557848e+01,1.997691075215839857e-02,1.205787427438736147e-03,4.907943339528106699e-03,2.456807962160930947e-01,3.501546983834211805e-08
2.493728750246927461e+01,1.979272924569914702e-02,1.190550249926296961e-03,4.854301056814528011e-03,2.452567807377722675e-01,1.310465151831254320e-11
2.502358836788097207e+01,1.961023069202321584e-02,1.175504712017677198e-03,4.801241358464180577e-03,2.448334970591225235e-01,3.642537767850530139e-08
2.511018789606307422e+01,1.942939986444385328e-02,1.160648415587330843e-03,4.748757960612380591e-03,2.444109439171454901e-01,8.350938808169832770e-08
2.519708712060247180e+01,1.925022167254606537e-02,1.145978992357775134e-03,4.696844646671650622e-03,2.439891200510232172e-01,6.406821587267885570e-08
2.528428707866313019e+01,1.907268116098093449e-02,1.131494103530170147e-03,4.645495266616992726e-03,2.435680242021132091e-01,1.006245039418916606e-08
2.537178881099834982e+01,1.889676350827141499e-02,1.117191439419512296e-03,4.594703736278962607e-03,2.431476551139451492e-01,9.562728206247363019e-09
2.545959336196305145e+01,1.872245402562886657e-02,1.103068719094338346e-03,4.544464036644262940e-03,2.427280115322179022e-01,6.151813123369729749e-08
2.554770177952654464e+01,1.854973815577815738e-02,1.089123690020734562e-03,4.494770213163240026e-03,2.423090922047942963e-01,7.814940082634148313e-08
2.563611511528468156e+01,1.837860147179545128e-02,1.075354127710899952e-03,4.445616375065313333e-03,2.418908958816990140e-01,3.159360613398128106e-08
2.572483442447273561e+01,1.820902967595437044e-02,1.061757835375897992e-03,4.396996694681132301e-03,2.414734213151133735e-01,6.723652800885598075e-11
2.581386076597783585e+01,1.804100859858228170e-02,1.048332643582705268e-03,4.348905406771924435e-03,2.410566672593723592e-01,3.548139160026000368e-08
2.590319520235149398e+01,1.787452419692793851e-02,1.035076409915558753e-03,4.301336807866242874e-03,2.406406324709614020e-01,7.580801136112848669e-08
2.599283879982258583e+01,1.770956255403764376e-02,1.021987018641372326e-03,4.254285255603321506e-03,2.402253157085112167e-01,5.149271442749793023e-08
2.608279262830971845e+01,1.754610987764178634e-02,1.009062380379331138e-03,4.207745168083556336e-03,2.398107157327958872e-01,4.539787415537704061e-09
2.617305776143432183e+01,1.738415249905091511e-02,9.963004317745166247e-04,4.161711023225720188e-03,2.393968313067276477e-01,1.536402084798176400e-08
2.626363527653333207e+01,1.722367687206173906e-02,9.836991351755766666e-04,4.116177358131050366e-03,2.389836611953536083e-01,6.331415681842023100e-08
2.635452625467189591e+01,1.706466957187254344e-02,9.712564783163654507e-04,4.071138768454026294e-03,2.385712041658531457e-01,6.340540349421223601e-08
2.644573178065655483e+01,1.690711729400805330e-02,9.589704740014746423e-04,4.026589907779712200e-03,2.381594589875324908e-01,1.558113870409164748e-08
2.653725294304807392e+01,1.675100685325332447e-02,9.468391597956390612e-04,3.982525487007631051e-03,2.377484244318220363e-01,4.141621371218856957e-09
2.662909083417425293e+01,1.659632518259801862e-02,9.348605977170226095e-04,3.938940273742375271e-03,2.373380992722731453e-01,4.784603351105674409e-08
2.672124655014334849e+01,1.644305933218859900e-02,9.230328739341908109e-04,3.895829091690298975e-03,2.369284822845529048e-01,6.704293180993436137e-08
2.681372119085670747e+01,1.629119646829068485e-02,9.113540984668999602e-04,3.853186820062868504e-03,2.365195722464425720e-01,2.704960913574127004e-08
2.690651586002230289e+01,1.614072387226002034e-02,8.998224048905140117e-04,3.811008392986132195e-03,2.361113679378318841e-01,2.218877049405202943e-10
2.699963166516769775e+01,1.599162893952215184e-02,8.884359500440703510e-04,3.769288798916396559e-03,2.357038681407165881e-01,3.409907750950123114e-08
2.709306971765316518e+01,1.584389917856229846e-02,8.771929137420045319e-04,3.728023080062356064e-03,2.352970716391949990e-01,6.506979321756818455e-08
2.718683113268523144e+01,1.569752220992202962e-02,8.660914984893051038e-04,3.687206331812815669e-03,2.348909772194633649e-01,3.573159399988151619e-08
2.728091702932981732e+01,1.555248576520673089e-02,8.551299292003012751e-04,3.646833702170956728e-03,2.344855836698128693e-01,4.987770965571201394e-10
2.737532853052547566e+01,1.540877768610071294e-02,8.443064529208559477e-04,3.606900391194318382e-03,2.340808897806265221e-01,2.394907350267257773e-08
2.747006676309712603e+01,1.526638592339044954e-02,8.336193385539428713e-04,3.567401650440551672e-03,2.336768943443741919e-01,6.054754158345892229e-08
2.756513285776911104e+01,1.512529853599819084e-02,8.230668765887260959e-04,3.528332782419490218e-03,2.332735961556106075e-01,4.079935448904159307e-08
2.766052794917904833e+01,1.498550369000204233e-02,8.126473788317625097e-04,3.489689140045838453e-03,2.328709940109702781e-01,2.230910841996357520e-09
2.775625317589119234e+01,1.484698965640665613e-02,8.023591780735702056e-04,3.451466125805270537e-03,2.324690867091647184e-01,1.746110881172953847e-08
2.785230968040990973e+01,1.470974480947808381e-02,7.922006277898169420e-04,3.413659191058260670e-03,2.320678730509792287e-01,5.573177295110901622e-08
2.794869860919365578e+01,1.457375762776986702e-02,7.821701019905019821e-04,3.376263835972777121e-03,2.316673518392679820e-01,4.265193476459297999e-08
2.804542111266822957e+01,1.443901669338676710e-02,7.722659949754474710e-04,3.339275609048379494e-03,2.312675218789521647e-01,3.675960631400360017e-09
2.814247834524089953e+01,1.430551069106388712e-02,7.624867210824232003e-04,3.302690106600807661e-03,2.308683819770148693e-01,1.398951454316497001e-08
2.823987146531399972e+01,1.417322840725389853e-02,7.528307144383971283e-04,3.266502972252059364e-03,2.304699309424981801e-01,5.185710186355196396e-08
2.833760163529862197e+01,1.404215872922268127e-02,7.432964287138782607e-04,3.230709896425959082e-03,2.300721675865003146e-01,4.198918152160017687e-08
2.843567002162876989e+01,1.391229064415214212e-02,7.338823368802367512e-04,3.195306615848849535e-03,2.296750907221706828e-01,4.036204080039843385e-09
2.853407779477515760e+01,1.378361323825174484e-02,7.245869309700792840e-04,3.160288913055796581e-03,2.292786991647071393e-01,1.288533776612884589e-08
2.863282612925901205e+01,1.365611569587753434e-02,7.154087218405643777e-04,3.125652615901935820e-03,2.288829917313528750e-01,4.933354718178753912e-08
2.873191620366643306e+01,1.352978729865854726e-02,7.063462389396100169e-04,3.091393597078891976e-03,2.284879672413917262e-01,3.932240699890329784e-08
2.883134920066208551e+01,1.340461742463154408e-02,6.973980300750401212e-04,3.057507773636494817e-03,2.280936245161459541e-01,3.215923452839614324e-09
2.893112630700364463e+01,1.328059554738287087e-02,6.885626611865385558e-04,3.023991106509416483e-03,2.276999623789715266e-01,1.379087504214119349e-08
2.903124871355582215e+01,1.315771123519807878e-02,6.798387161204452701e-04,2.990839600048892429e-03,2.273069796552552035e-01,4.797184543249195361e-08
2.913171761530442438e+01,1.303595415021912597e-02,6.712247964073351494e-04,2.958049301559422754e-03,2.269146751724115119e-01,3.484422660440586203e-08
2.923253421137088992e+01,1.291531404760867807e-02,6.627195210423223338e-04,2.925616300840286517e-03,2.265230477598781933e-01,1.648195234613218334e-09
2.933369970502652180e+01,1.279578077472187311e-02,6.543215262680911973e-04,2.893536729731957958e-03,2.261320962491131237e-01,1.663278719614558231e-08
2.943521530370660599e+01,1.267734427028591182e-02,6.460294653606388085e-04,2.861806761667454960e-03,2.257418194735917316e-01,4.709348680639180978e-08
2.953708221902525466e+01,1.255999456358573158e-02,6.378420084175913949e-04,2.830422611228145327e-03,2.253522162688016972e-01,2.855295579083517311e-08
2.963930166678941092e+01,1.244372177365814409e-02,6.297578421492245910e-04,2.799380533704604133e-03,2.249632854722414810e-01,2.392787898318221996e-10
2.974187486701372762e+01,1.232851610849212617e-02,6.217756696719967590e-04,2.768676824661862098e-03,2.245750259234152724e-01,2.139131437038930352e-08
2.984480304393500560e+01,1.221436786423638586e-02,6.138942103046594575e-04,2.738307819509342052e-03,2.241874364638300199e-01,4.555768479153529750e-08
2.994808742602661411e+01,1.210126742441440702e-02,6.061121993669137250e-04,2.708269893075467439e-03,2.238005159369927388e-01,2.058376236203002885e-08
3.005172924601351880e+01,1.198920525914551165e-02,5.984283879804982303e-04,2.678559459186553426e-03,2.234142631884057095e-01,3.288303089087964947e-10
3.015572974088658853e+01,1.187817192437367990e-02,5.908415428727967818e-04,2.649172970250391734e-03,2.230286770655644513e-01,2.767592498240331574e-08
3.026009015191774409e+01,1.176815806110250232e-02,5.833504461828258785e-04,2.620106916844075137e-03,2.226437564179529482e-01,4.186952031505300763e-08
3.036481172467457412e+01,1.165915439463710221e-02,5.759538952696431754e-04,2.591357827306259385e-03,2.222595000970408741e-01,1.170850465863676408e-08
3.046989570903506817e+01,1.155115173383308887e-02,5.686507025231410861e-04,2.562922267333830884e-03,2.218759069562807051e-01,3.446894638650860424e-09
3.057534335920285073e+01,1.144414097035136892e-02,5.614396951771339055e-04,2.534796839582656187e-03,2.214929758511031688e-01,3.418956799331062847e-08
3.068115593372199967e+01,1.133811307792021404e-02,5.543197151247991703e-04,2.506978183272741151e-03,2.211107056389143011e-01,3.462769406995752894e-08
3.078733469549186452e+01,1.123305911160357023e-02,5.472896187363894462e-04,2.479462973797520470e-03,2.207290951790928379e-01,3.833769655096485553e-09
3.089388091178258477e+01,1.112897020707573348e-02,5.403482766791821261e-04,2.452247922337244621e-03,2.203481433329851080e-01,1.060229753114745796e-08
3.100079585424970929e+01,1.102583757990261218e-02,5.334945737396842597e-04,2.425329775476550535e-03,2.199678489639036449e-01,3.838532579364083785e-08
3.110808079894981404e+01,1.092365252482915133e-02,5.267274086480092576e-04,2.398705314826009120e-03,2.195882109371219970e-01,2.352514977393097153e-08
3.121573702635554071e+01,1.082240641507296007e-02,5.200456939044352262e-04,2.372371356647696040e-03,2.192092281198721182e-01,2.753781224172500941e-11
3.132376582137069931e+01,1.072209070162472196e-02,5.134483556081348519e-04,2.346324751484859476e-03,2.188308993813417314e-01,2.103348396867262135e-08
3.143216847334597830e+01,1.062269691255408877e-02,5.069343332879807729e-04,2.320562383795337497e-03,2.184532235926694155e-01,3.694951652361588379e-08
3.154094627609412527e+01,1.052421665232187997e-02,5.005025797354650374e-04,2.295081171588935365e-03,2.180761996269421910e-01,1.070405410829920414e-08
3.165010052790524497e+01,1.042664160109888112e-02,4.941520608397084692e-04,2.269878066068758884e-03,2.176998263591924665e-01,3.339420353820657646e-09
3.175963253156266930e+01,1.032996351408970587e-02,4.878817554244592740e-04,2.244950051276130808e-03,2.173241026663935427e-01,3.102343067312835876e-08
3.186954359435808826e+01,1.023417422086362639e-02,4.816906550871690308e-04,2.220294143739522282e-03,2.169490274274575858e-01,2.779162412677665295e-08
3.197983502810751233e+01,1.013926562469040157e-02,4.755777640400049599e-04,2.195907392126987111e-03,2.165745995232310761e-01,1.354940853449064952e-09
3.209050814916677297e+01,1.004522970188263288e-02,4.695420989528701337e-04,2.171786876902447126e-03,2.162008178364921152e-01,1.405559616214874019e-08
3.220156427844707281e+01,9.952058501143789399e-03,4.635826887983589880e-04,2.147929709985595299e-03,2.158276812519474286e-01,3.440176412119934723e-08
3.231300474143112922e+01,9.859744142921501170e-03,4.576985746986037364e-04,2.124333034415290880e-03,2.154551886562279805e-01,1.321360117874394675e-08
3.242483086818856464e+01,9.768278818767375110e-03,4.518888097740640544e-04,2.100994024016724932e-03,2.150833389378868921e-01,1.612946142448199085e-09
3.253704399339216025e+01,9.677654790701758353e-03,4.461524589941465711e-04,2.077909883071946909e-03,2.147121309873950279e-01,2.679340029087523566e-08
3.264964545633360871e+01,9.587864390584390981e-03,4.404885990296933634e-04,2.055077845993966926e-03,2.143415636971381655e-01,2.653511235077406333e-08
3.276263660093935925e+01,9.498900019490833652e-03,4.348963181073078475e-04,2.032495177004363471e-03,2.139716359614142471e-01,1.510718226858068496e-09
3.287601877578696730e+01,9.410754147093856534e-03,4.293747158654516059e-04,2.010159169814183192e-03,2.136023466764289114e-01,1.287841128878928567e-08
3.298979333412103188e+01,9.323419311050877220e-03,4.239229032123590962e-04,1.988067147308375179e-03,2.132336947402929395e-01,3.143442416728535915e-08
3.310396163386918289e+01,9.236888116396529957e-03,4.185400021856956494e-04,1.966216461233510817e-03,2.128656790530192022e-01,1.075443870030119376e-08
3.321852503765867226e+01,9.151153234940340164e-03,4.132251458139396191e-04,1.944604491888756023e-03,2.124982985165184690e-01,2.463715279105399941e-09
3.333348491283219062e+01,9.066207404670451400e-03,4.079774779795205066e-04,1.923228647820301443e-03,2.121315520345973260e-01,2.644405368123862454e-08
3.344884263146458636e+01,8.982043429161742920e-03,4.027961532836057219e-04,1.902086365518831229e-03,2.117654385129537353e-01,2.148174596329817008e-08
3.356459957037908026e+01,8.898654176989859166e-03,3.976803369125977831e-04,1.881175109120366510e-03,2.113999568591742040e-01,2.159762884393510786e-10
3.368075711116349424e+01,8.816032581150148525e-03,3.926292045062760878e-04,1.860492370110233742e-03,2.110351059827312858e-01,1.626059177041638971e-08
3.379731664018712678e+01,8.734171638481672689e-03,3.876419420275601627e-04,1.840035667030145376e-03,2.106708847949790020e-01,2.757211923181986993e-08
3.391427954861708116e+01,8.653064409096380277e-03,3.827177456338988373e-04,1.819802545188430997e-03,2.103072922091503150e-01,4.932311252175674317e-09
3.403164723243473588e+01,8.572704015813453413e-03,3.778558215502575857e-04,1.799790576373369502e-03,2.099443271403543809e-01,6.660830070077626087e-09
3.414942109245281188e+01,8.493083643598429988e-03,3.730553859436628369e-04,1.779997358569507162e-03,2.095819885055719423e-01,2.729108056583544079e-08
3.426760253433157288e+01,8.414196539007542247e-03,3.683156647993234196e-04,1.760420515677072395e-03,2.092202752236536900e-01,1.256048521287169675e-08
3.438619296859609165e+01,8.336036009636615951e-03,3.636358937982611629e-04,1.741057697234270601e-03,2.088591862153156287e-01,1.105637160981176707e-09
3.450519381065283397e+01,8.258595423506830818e-03,3.590153181935096444e-04,1.721906578128374211e-03,2.084987204031366059e-01,2.231209450090250721e-08
3.462460648080642045e+01,8.181868207357714459e-03,3.544531926403206496e-04,1.702964858081422277e-03,2.081388767115554261e-01,1.934394573614478044e-08
3.474443240427699209e+01,8.105847846322141934e-03,3.499487810883473125e-04,1.684230261427468534e-03,2.077796540668663816e-01,1.339971676768273293e-10
3.486467301121672335e+01,8.030527884469016234e-03,3.455013567122263915e-04,1.665700537071237953e-03,2.074210513972177261e-01,1.548292016317812264e-08
3.498532973672729440e+01,7.955901924311038764e-03,3.411102017980554711e-04,1.647373458232005228e-03,2.070630676326070674e-01,2.332030348384764964e-08
3.510640402087691569e+01,7.881963626280628563e-03,3.367746076297113288e-04,1.629246822182665909e-03,2.067057017048784806e-01,2.439557958991628588e-09
3.522789730871723179e+01,7.808706708210392568e-03,3.324938743765772759e-04,1.611318449991572038e-03,2.063489525477203712e-01,9.136695867067359043e-09
3.534981105030102100e+01,7.736124944817760092e-03,3.282673109826374615e-04,1.593586186267009113e-03,2.059928190966607009e-01,2.427716988169599107e-08
3.547214670069926257e+01,7.664212167194811923e-03,3.240942350569831864e-04,1.576047898904543373e-03,2.056373002890647672e-01,6.218906274839816097e-09
3.559490572001833897e+01,7.592962262302454038e-03,3.199739727656683444e-04,1.558701478837019958e-03,2.052823950641322892e-01,4.466935631530043482e-09
3.571808957341790602e+01,7.522369172468707822e-03,3.159058587248882405e-04,1.541544839787138427e-03,2.049281023628930498e-01,2.300815102792547697e-08
3.584169973112784646e+01,7.452426894892167156e-03,3.118892358955233654e-04,1.524575918022833768e-03,2.045744211282053138e-01,1.003225625728749583e-08
3.596573766846631059e+01,7.383129481149020359e-03,3.079234554789486516e-04,1.507792672115070183e-03,2.042213503047512202e-01,1.668897910296457697e-09
3.609020486585708198e+01,7.314471036705312741e-03,3.040078768141790612e-04,1.491193082698410869e-03,2.038688888390342291e-01,2.057223105788586570e-08
3.621510280884709232e+01,7.246445720432967419e-03,3.001418672762698144e-04,1.474775152234022915e-03,2.035170356793767066e-01,1.307914609822968239e-08
3.634043298812451184e+01,7.179047744130247904e-03,2.963248021759777606e-04,1.458536904775225521e-03,2.031657897759153730e-01,3.671972389988516649e-10
3.646619689953637078e+01,7.112271372046565301e-03,2.925560646606799363e-04,1.442476385735571784e-03,2.028151500805989715e-01,1.785335967736314537e-08
3.659239604410618796e+01,7.046110920411630986e-03,2.888350456165273555e-04,1.426591661659426958e-03,2.024651155471855757e-01,1.510563629311436456e-08
3.671903192805238092e+01,6.980560756968288635e-03,2.851611435717885481e-04,1.410880819994880797e-03,2.021156851312382596e-01,5.934252156258459533e-12
3.684610606280568135e+01,6.915615300510290220e-03,2.815337646014348357e-04,1.395341968869260674e-03,2.017668577901233218e-01,1.541668313454598555e-08
3.697361996502766601e+01,6.851269020423348885e-03,2.779523222328693323e-04,1.379973236866855390e-03,2.014186324830060382e-01,1.618398691802165032e-08
3.710157515662862693e+01,6.787516436230859110e-03,2.744162373528576202e-04,1.364772772809140456e-03,2.010710081708480534e-01,8.469723552489919558e-11
3.722997316478556940e+01,6.724352117143611932e-03,2.709249381156118006e-04,1.349738745537341564e-03,2.007239838164047718e-01,1.354208364309534885e-08
3.735881552196089217e+01,6.661770681613075895e-03,2.674778598519956087e-04,1.334869343697215899e-03,2.003775583842209995e-01,1.651128572201974461e-08
3.748810376592014393e+01,6.599766796889264611e-03,2.640744449798902217e-04,1.320162775526275952e-03,2.000317308406293626e-01,2.532904324378788646e-10
3.761783943975082423e+01,6.538335178582029526e-03,2.607141429156466001e-04,1.305617268643163723e-03,1.996865001537460604e-01,1.232019344849783349e-08
3.774802409188065155e+01,6.477470590226461385e-03,2.573964099866510335e-04,1.291231069839323883e-03,1.993418652934679791e-01,1.627834852239815393e-08
3.787865927609578875e+01,6.417167842852408190e-03,2.541207093449890375e-04,1.277002444872956137e-03,1.989978252314704987e-01,3.223541616575329467e-10
3.800974655155981452e+01,6.357421794557257047e-03,2.508865108821555596e-04,1.262929678265041879e-03,1.986543789412032746e-01,1.174150071602962688e-08
3.814128748283214065e+01,6.298227350083080572e-03,2.476932911448515018e-04,1.249011073097670886e-03,1.983115253978875447e-01,1.560598210920782071e-08
3.827328363988646487e+01,6.239579460397253613e-03,2.445405332518170655e-04,1.235244950814464631e-03,1.979692635785137711e-01,2.420518416996399895e-10
3.840573659812998386e+01,6.181473122276806564e-03,2.414277268116941672e-04,1.221629651023122031e-03,1.976275924618373647e-01,1.175011088809382525e-08
3.853864793842166847e+01,6.123903377896640181e-03,2.383543678419238604e-04,1.208163531300119947e-03,1.972865110283768819e-01,1.452896718601581367e-08
3.867201924709159044e+01,6.066865314421218507e-03,2.353199586886385944e-04,1.194844966997449156e-03,1.969460182604099718e-01,7.942286314640569557e-11
3.880585211595967365e+01,6.010354063599963707e-03,2.323240079475572244e-04,1.181672351051436982e-03,1.966061131419705732e-01,1.225732365475206157e-08
3.894014814235444533e+01,5.954364801366508926e-03,2.293660303858754826e-04,1.168644093793665692e-03,1.962667946588468049e-01,1.301234771476044178e-08
3.907490892913256175e+01,5.898892747441037213e-03,2.264455468651039053e-04,1.155758622763802335e-03,1.959280617985764972e-01,3.294144970119836315e-12
3.921013608469770162e+01,5.843933164936472406e-03,2.235620842648827354e-04,1.143014382524502881e-03,1.955899135504449715e-01,1.312074907284240475e-08
3.934583122301956593e+01,5.789481359968309468e-03,2.207151754077493777e-04,1.130409834478319098e-03,1.952523489054824035e-01,1.099542265269273437e-08
3.948199596365363817e+01,5.735532681267492723e-03,2.179043589848211101e-04,1.117943456686466353e-03,1.949153668564595487e-01,2.679063058502006758e-10
3.961863193175991427e+01,5.682082519797178148e-03,2.151291794824263643e-04,1.105613743689632528e-03,1.945789663978863548e-01,1.410162019730168970e-08
3.975574075812284036e+01,5.629126308372668468e-03,2.123891871096327216e-04,1.093419206330636375e-03,1.942431465260075762e-01,8.466329603976687690e-09
3.989332407917052592e+01,5.576659521284672849e-03,2.096839377266788366e-04,1.081358371578981271e-03,1.939079062388002761e-01,1.172523673224496657e-09
4.003138353699411311e+01,5.524677673926382121e-03,2.070129927743144603e-04,1.069429782357373109e-03,1.935732445359713838e-01,1.482447929561341640e-08
4.016992077936779282e+01,5.473176322423110515e-03,2.043759192039878764e-04,1.057631997369938440e-03,1.932391604189536705e-01,5.566109436066948415e-09
4.030893745976799636e+01,5.422151063266020081e-03,2.017722894089364778e-04,1.045963590932439714e-03,1.929056528909037782e-01,2.967296254926161149e-09
4.044843523739355362e+01,5.371597532948513103e-03,1.992016811561083843e-04,1.034423152804184046e-03,1.925727209566984732e-01,1.478223817861928644e-08
4.058841577718530402e+01,5.321511407606213662e-03,1.966636775189472468e-04,1.023009288021798757e-03,1.922403636229318979e-01,2.697857946658282345e-09
4.072888074984578566e+01,5.271888402660173181e-03,1.941578668110147349e-04,1.011720616734791516e-03,1.919085798979131563e-01,5.686659407650680857e-09
4.086983183185955681e+01,5.222724272462897499e-03,1.916838425204232203e-04,1.000555774042791645e-03,1.915773687916624834e-01,1.344678989173458676e-08
4.101127070551301301e+01,5.174014809947906704e-03,1.892412032451013990e-04,9.895134098346098500e-04,1.912467293159086368e-01,5.720342128934277140e-10
4.115319905891426799e+01,5.125755846282393190e-03,1.868295526288652050e-04,9.785921886290172705e-04,1.909166604840865089e-01,8.938578501988657480e-09
4.129561858601376656e+01,5.077943250522624040e-03,1.844484992982688067e-04,9.677907894171504117e-04,1.905871613113330754e-01,1.053323703751595301e-08
4.143853098662395951e+01,5.030572929272954241e-03,1.820976568002658012e-04,9.571079055067167104e-04,1.902582308144856182e-01,7.235746040038921793e-11
4.158193796644005857e+01,4.983640826347409888e-03,1.797766435406259616e-04,9.465422443677666683e-04,1.899298680120779514e-01,1.176998312971961515e-08
4.172584123706023718e+01,4.937142922434491904e-03,1.774850827231278666e-04,9.360925274801584241e-04,1.896020719243375063e-01,6.381426592108924129e-09
4.187024251600578850e+01,4.891075234765122209e-03,1.752226022895164075e-04,9.257574901826893946e-04,1.892748415731834166e-01,1.836842696178422333e-09
4.201514352674206521e+01,4.845433816783192849e-03,1.729888348601906140e-04,9.155358815237614120e-04,1.889481759822222162e-01,1.282871809107935148e-08
4.216054599869885777e+01,4.800214757819320881e-03,1.707834176756438350e-04,9.054264641137052321e-04,1.886220741767456743e-01,2.239856423816306462e-09
4.230645166729080842e+01,4.755414182767602610e-03,1.686059925386361349e-04,8.954280139786999042e-04,1.882965351837281864e-01,5.606194732353520988e-09
4.245286227393860656e+01,4.711028251764854541e-03,1.664562057570700396e-04,8.855393204161747869e-04,1.879715580318229440e-01,1.102650932342312533e-08
4.259977956608923222e+01,4.667053159873167656e-03,1.643337080875984706e-04,8.757591858518534809e-04,1.876471417513601303e-01,4.626536795570035567e-11
4.274720529723730067e+01,4.623485136764974440e-03,1.622381546799195762e-04,8.660864256982585057e-04,1.873232853743429793e-01,9.733237050674801201e-09
4.289514122694575349e+01,4.580320446411071007e-03,1.601692050217735832e-04,8.565198682147637851e-04,1.869999879344453886e-01,6.594992985912727788e-09
4.304358912086668454e+01,4.537555386607391474e-03,1.581265228789090855e-04,8.470583543385253522e-04,1.866772484670095045e-01,1.358810983622531414e-09
4.319255075076289785e+01,4.495186287570802214e-03,1.561097762034141577e-04,8.377007373431958649e-04,1.863550660090416700e-01,1.157320130978962641e-08
4.334202789452844939e+01,4.453209512361107174e-03,1.541186371066160707e-04,8.284458828404617876e-04,1.860334395992109813e-01,1.791246840312405622e-09
4.349202233621041813e+01,4.411621457186824975e-03,1.521527818280071363e-04,8.192926687595232385e-04,1.857123682778450968e-01,5.732224595312707543e-09
4.364253586602997359e+01,4.370418551108689979e-03,1.502118906835965139e-04,8.102399852146898113e-04,1.853918510869279890e-01,9.240701449401398958e-09
4.379357028040348609e+01,4.329597255742423031e-03,1.482956480147888851e-04,8.012867343737660204e-04,1.850718870700975571e-01,4.478475706214189726e-11
4.394512738196445412e+01,4.289154064963892656e-03,1.464037421378897171e-04,7.924318303277924332e-04,1.847524752726417419e-01,9.949236876044448803e-09
4.409720897958477082e+01,4.249085504617196654e-03,1.445358652942531580e-04,7.836741989622439701e-04,1.844336147414961935e-01,3.914658731110304407e-09
4.424981688839609717e+01,4.209388132225321509e-03,1.426917136010513710e-04,7.750127778296047069e-04,1.841153045252419962e-01,3.104666997436413909e-09
4.440295292981205222e+01,4.170058536703194832e-03,1.408709870026490969e-04,7.664465160232654048e-04,1.837975436741015323e-01,9.927031235466215967e-09
4.455661893154933750e+01,4.131093338073675569e-03,1.390733892226019041e-04,7.579743740528554390e-04,1.834803312399370945e-01,1.359125011441387438e-10
4.471081672765009785e+01,4.092489187185722153e-03,1.372986277162381455e-04,7.495953237208343540e-04,1.831636662762468615e-01,8.243430790034782884e-09
4.486554815850358580e+01,4.054242765435357027e-03,1.355464136238443559e-04,7.413083480004656681e-04,1.828475478381625108e-01,5.027359315036125714e-09
4.502081507086787582e+01,4.016350784489074524e-03,1.338164617244339764e-04,7.331124409150908527e-04,1.825319749824469429e-01,1.933082570914165044e-09
4.517661931789238139e+01,3.978809986009692982e-03,1.321084903900899752e-04,7.250066074186879836e-04,1.822169467674905341e-01,9.632542692706272852e-09
4.533296275913974682e+01,3.941617141384628521e-03,1.304222215408790315e-04,7.169898632777121352e-04,1.819024622533087499e-01,3.362693075100920010e-10
4.548984726060778172e+01,3.904769051456865887e-03,1.287573806003375560e-04,7.090612349542532982e-04,1.815885205015398129e-01,7.332942249720058098e-09
4.564727469475231914e+01,3.868262546257941574e-03,1.271136964514984558e-04,7.012197594903701132e-04,1.812751205754408179e-01,4.991965871852133994e-09
4.580524694050889423e+01,3.832094484743743274e-03,1.254909013934846131e-04,6.934644843937527291e-04,1.809622615398862044e-01,1.755800877563969296e-09
4.596376588331576585e+01,3.796261754532367135e-03,1.238887310986313455e-04,6.857944675245483592e-04,1.806499424613638716e-01,8.997903333425021424e-09
4.612283341513614232e+01,3.760761271644535043e-03,1.223069245701533252e-04,6.782087769834463549e-04,1.803381624079727630e-01,2.074387848686483971e-10
4.628245143448052801e+01,3.725589980246244489e-03,1.207452241003380961e-04,6.707064910009497222e-04,1.800269204494207576e-01,7.295889241775711150e-09
4.644262184642997937e+01,3.690744852393766824e-03,1.192033752292606305e-04,6.632866978278369836e-04,1.797162156570206448e-01,3.978546488674272623e-09
4.660334656265817443e+01,3.656222887781013838e-03,1.176811267040197537e-04,6.559484956268246854e-04,1.794060471036885429e-01,2.391563509331221665e-09
4.676462750145475411e+01,3.622021113488946981e-03,1.161782304384742357e-04,6.486909923653464164e-04,1.790964138639403180e-01,8.007497894155767202e-09
4.692646658774806667e+01,3.588136583737528383e-03,1.146944414734929452e-04,6.415133057095409293e-04,1.787873150138889755e-01,2.988658626638672889e-13
4.708886575312781275e+01,3.554566379639752249e-03,1.132295179376977858e-04,6.344145629193553631e-04,1.784787496312424948e-01,7.772008610326542097e-09
4.725182693586862825e+01,3.521307608957888885e-03,1.117832210086954587e-04,6.273939007447719169e-04,1.781707167953002491e-01,2.226924126305671169e-09
4.741535208095296383e+01,3.488357405861909708e-03,1.103553148747956806e-04,6.204504653231525521e-04,1.778632155869505904e-01,3.915788563492466949e-09
4.757944314009407805e+01,3.455712930690245464e-03,1.089455666972128999e-04,6.135834120777184210e-04,1.775562450886685739e-01,6.189304150859579001e-09
4.774410207175985477e+01,3.423371369712397555e-03,1.075537465727296544e-04,6.067919056170621066e-04,1.772498043845122107e-01,4.959445530625817775e-10
4.790933084119554763e+01,3.391329934894082073e-03,1.061796274968423298e-04,6.000751196358203917e-04,1.769438925601209411e-01,7.879559337889837017e-09
4.807513142044784615e+01,3.359585863664055639e-03,1.048229853273511576e-04,5.934322368163307253e-04,1.766385087027117773e-01,4.447485723374509338e-10
4.824150578838810333e+01,3.328136418683410626e-03,1.034835987484195903e-04,5.868624487314180781e-04,1.763336519010771375e-01,6.034038753434958891e-09
4.840845593073574094e+01,3.296978887616702682e-03,1.021612492350752998e-04,5.803649557481837086e-04,1.760293212455824874e-01,3.269739055001789968e-09
4.857598384008245773e+01,3.266110582905298702e-03,1.008557210181588158e-04,5.739389669328550389e-04,1.757255158281627871e-01,2.553382193582606254e-09
4.874409151591570577e+01,3.235528841542640362e-03,9.956680104970846014e-05,5.675836999566405850e-04,1.754222347423202433e-01,6.279982836183356700e-09
4.891278096464240122e+01,3.205231024851643972e-03,9.829427896878152431e-05,5.612983810026187827e-04,1.751194770831218939e-01,2.249338555989223727e-10
4.908205419961333860e+01,3.175214518263980764e-03,9.703794706769814944e-05,5.550822446736041133e-04,1.748172419471961114e-01,7.189644123446582595e-09
4.925191324114666713e+01,3.145476731101519950e-03,9.579760025871497100e-05,5.489345339010408362e-04,1.745155284327309098e-01,4.421020344167743070e-10
4.942236011655249683e+01,3.116015096359480048e-03,9.457303604110562376e-05,5.428544998548269669e-04,1.742143356394703357e-01,5.639166661015538001e-09
4.959339686015690063e+01,3.086827070491851392e-03,9.336405446866435660e-05,5.368414018541684636e-04,1.739136626687120546e-01,2.616457917542073878e-09
4.976502551332591651e+01,3.057910133198503931e-03,9.217045811760913524e-05,5.308945072793514082e-04,1.736135086233053793e-01,2.914650805191546315e-09
4.993724812449050887e+01,3.029261787214267403e-03,9.099205205488604886e-05,5.250130914844674179e-04,1.733138726076472735e-01,5.095761319073904588e-09
5.011006674917033621e+01,3.000879558100056754e-03,8.982864380687764967e-05,5.191964377111137540e-04,1.730147537276810754e-01,6.998357569925310084e-10
5.028348344999888297e+01,2.972760994035641632e-03,8.868004332849299958e-05,5.134438370029721773e-04,1.727161510908926667e-01,6.440750278418421281e-09
5.045750029674784543e+01,2.944903665614468074e-03,8.754606297265214948e-05,5.077545881213466712e-04,1.724180638063083360e-01,6.723923509004492956e-12
5.063211936635150323e+01,2.917305165640279949e-03,8.642651746015083476e-05,5.021279974616012698e-04,1.721204909844925302e-01,6.145319519831669949e-09
5.080734274293212849e+01,2.889963108925544966e-03,8.532122384990025051e-05,4.965633789704896424e-04,1.718234317375442743e-01,8.496350135729121257e-10
5.098317251782452075e+01,2.862875132091671770e-03,8.423000150954019886e-05,4.910600540643746993e-04,1.715268851790950344e-01,4.602777313774566492e-09
5.115961078960072683e+01,2.836038893371170804e-03,8.315267208642415837e-05,4.856173515483545909e-04,1.712308504243064688e-01,2.551928519549301875e-09
5.133665966409572690e+01,2.809452072411364274e-03,8.208905947895933468e-05,4.802346075362145432e-04,1.709353265898667651e-01,2.635809869050494119e-09
5.151432125443182031e+01,2.783112370080150031e-03,8.103898980831618023e-05,4.749111653712975549e-04,1.706403127939892517e-01,4.271615612332207475e-09
5.169259768104451780e+01,2.757017508273213076e-03,8.000229139048086065e-05,4.696463755481682426e-04,1.703458081564085402e-01,1.003839110840384985e-09
5.187149107170752416e+01,2.731165229723235902e-03,7.897879470866722902e-05,4.644395956351712613e-04,1.700518117983786381e-01,5.400543388417912079e-09
5.205100356155792696e+01,2.705553297810687867e-03,7.796833238606941580e-05,4.592901901977985393e-04,1.697583228426704782e-01,1.281944985349638334e-10
5.223113729312215270e+01,2.680179496376333681e-03,7.697073915895553595e-05,4.541975307228822965e-04,1.694653404135686159e-01,5.709810385975076900e-09
5.241189441634132606e+01,2.655041629535450590e-03,7.598585185009962631e-05,4.491609955436111335e-04,1.691728636368689531e-01,6.203394294684552836e-11
5.259327708859662920e+01,2.630137521493762943e-03,7.501350934254773424e-05,4.441799697653618217e-04,1.688808916398766014e-01,5.290109123442133711e-09
5.277528747473569837e+01,2.605465016364960553e-03,7.405355255370902289e-05,4.392538451923135067e-04,1.685894235514022454e-01,6.096020501619933721e-10
5.295792774709770612e+01,2.581021977989898016e-03,7.310582440977445463e-05,4.343820202548653061e-04,1.682984585017607559e-01,4.402068979903198656e-09
5.314120008553997820e+01,2.556806289757446345e-03,7.217016982045446028e-05,4.295638999378334488e-04,1.680079956227674975e-01,1.481626187965117667e-09
5.332510667746367972e+01,2.532815854426878534e-03,7.124643565403217900e-05,4.247988957094134808e-04,1.677180340477362752e-01,3.333415517045253934e-09
5.350964971783967883e+01,2.509048593952015876e-03,7.033447071273351550e-05,4.200864254509341562e-04,1.674285729114770860e-01,2.414039597839943093e-09
5.369483140923539111e+01,2.485502449045287176e-03,6.943412570109455239e-05,4.154259133436295965e-04,1.671396113502925385e-01,2.309845420663355123e-09
5.388065396184034483e+01,2.462175378286921359e-03,6.854525318207989023e-05,4.108167896804612584e-04,1.668511485019764928e-01,3.226877124169171770e-09
5.406711959349311769e+01,2.439065358745978913e-03,6.766770757581238270e-05,4.062584909314719060e-04,1.665631835058104526e-01,1.463586952413051044e-09
5.425423052970766946e+01,2.416170386052364158e-03,6.680134514291995390e-05,4.017504597169567569e-04,1.662757155025613720e-01,3.833044522622010448e-09
5.444198900369951843e+01,2.393488474227418658e-03,6.594602396134276558e-05,3.972921447406166720e-04,1.659887436344795741e-01,8.416746218769851558e-10
5.463039725641297650e+01,2.371017655515968766e-03,6.510160390342864664e-05,3.928830007234172155e-04,1.657022670452953650e-01,4.218585722539998245e-09
5.481945753654764530e+01,2.348755980219986023e-03,6.426794661331948185e-05,3.885224883381822067e-04,1.654162848802168684e-01,4.321732307328098858e-10
5.500917210058494788e+01,2.326701516533788861e-03,6.344491548462279995e-05,3.842100741449005151e-04,1.651307962859278611e-01,4.414001622744986494e-09
5.519954321281572618e+01,2.304852350380599997e-03,6.263237563835892530e-05,3.799452305267065786e-04,1.648458004105843311e-01,1.923177607753806891e-10
5.539057314536652399e+01,2.283206585250761346e-03,6.183019390119148567e-05,3.757274356265880412e-04,1.645612964038128956e-01,4.468657775119974139e-09
5.558226417822731236e+01,2.261762342041292052e-03,6.103823878392676170e-05,3.715561732847535623e-04,1.642772834167075535e-01,7.041018583996847832e-11
5.577461859927852572e+01,2.240517758896951386e-03,6.025638046028522509e-05,3.674309329766892564e-04,1.639937606018272986e-01,4.433048243650581026e-09
5.596763870431794885e+01,2.219470991052804355e-03,5.948449074594165420e-05,3.633512097518962290e-04,1.637107271131941488e-01,1.942825100743392014e-11
5.616132679708881170e+01,2.198620210678106993e-03,5.872244307782472619e-05,3.593165041732708270e-04,1.634281821062897599e-01,4.348951218710502784e-09
5.635568518930690374e+01,2.177963606721686554e-03,5.797011249367987386e-05,3.553263222571568787e-04,1.631461247380533719e-01,3.655395784531187739e-12
5.655071620068793692e+01,2.157499384758742016e-03,5.722737561188913900e-05,3.513801754140495918e-04,1.628645541668796159e-01,4.245387044464367805e-09
5.674642215897590347e+01,2.137225766838935642e-03,5.649411061154130034e-05,3.474775803899224358e-04,1.625834695526150453e-01,7.574309511494576087e-13
5.694280539997002677e+01,2.117140991336029319e-03,5.577019721275825939e-05,3.436180592082216205e-04,1.623028700565568860e-01,4.137940829017816554e-09
5.713986826755338200e+01,2.097243312798725660e-03,5.505551665726282390e-05,3.398011391124569408e-04,1.620227548414493179e-01,1.537914753984078436e-12
5.733761311372056468e+01,2.077531001802965845e-03,5.434995168919468556e-05,3.360263525094355527e-04,1.617431230714815871e-01,4.029556004335928008e-09
5.753604229860545871e+01,2.058002344805554950e-03,5.365338653616699569e-05,3.322932369131073485e-04,1.614639739122858964e-01,8.859037549574825109e-12
5.773515819050998488e+01,2.038655643999084423e-03,5.296570689055930380e-05,3.286013348890109249e-04,1.611853065309339361e-01,3.911743506306960855e-09
5.793496316593208206e+01,2.019489217168186392e-03,5.228679989104717746e-05,3.249501939993273557e-04,1.609071200959351078e-01,3.635456897189223162e-11
5.813545960959378789e+01,2.000501397547171847e-03,5.161655410436557617e-05,3.213393667485397618e-04,1.606294137772341091e-01,3.765990750259225966e-09
5.833664991447038517e+01,1.981690533678800731e-03,5.095485950729688546e-05,3.177684105296552032e-04,1.603521867462077699e-01,1.067661046293226902e-10
5.853853648181816283e+01,1.963054989274543027e-03,5.030160746889171568e-05,3.142368875710448910e-04,1.600754381756634981e-01,3.565892061924985825e-09
5.874112172120375419e+01,1.944593143075897370e-03,4.965669073290675804e-05,3.107443648838236817e-04,1.597991672398360041e-01,2.490671705871460923e-10
5.894440805053264398e+01,1.926303388717142111e-03,4.902000340046851380e-05,3.072904142098290816e-04,1.595233731143851086e-01,3.281097375854960401e-09
5.914839789607769660e+01,1.908184134589276408e-03,4.839144091295362684e-05,3.038746119701554163e-04,1.592480549763937436e-01,4.930919581495285665e-10
5.935309369250880707e+01,1.890233803705142213e-03,4.777090003508232283e-05,3.004965392142341669e-04,1.589732120043646502e-01,2.884439667916570262e-09
5.955849788292117353e+01,1.872450833565889169e-03,4.715827883822841781e-05,2.971557815694882837e-04,1.586988433782187957e-01,8.603870163012994499e-10
5.976461291886514715e+01,1.854833676028523268e-03,4.655347668393493223e-05,2.938519291915082173e-04,1.584249482792922104e-01,2.363229761996750805e-09
5.997144126037522227e+01,1.837380797174771076e-03,4.595639420764043991e-05,2.905845767147878316e-04,1.581515258903337384e-01,1.350869553045655204e-09
6.017898537599905495e+01,1.820090677181095606e-03,4.536693330260919965e-05,2.873533232039879987e-04,1.578785753955031512e-01,1.734220391390648926e-09
6.038724774282753316e+01,1.802961810189868813e-03,4.478499710406195908e-05,2.841577721057222906e-04,1.576060959803678718e-01,1.927093557520063253e-09
6.059623084652407954e+01,1.785992704181753191e-03,4.421048997350802030e-05,2.809975312008734967e-04,1.573340868319009211e-01,1.058737063932999318e-09
6.080593718135396841e+01,1.769181880849243684e-03,4.364331748327431862e-05,2.778722125574270888e-04,1.570625471384788918e-01,2.501671963813007889e-09
6.101636925021483648e+01,1.752527875471316570e-03,4.308338640122738768e-05,2.747814324838067260e-04,1.567914760898786453e-01,4.501839609332506043e-10
6.122752956466570140e+01,1.736029236789296765e-03,4.253060467569042669e-05,2.717248114827318026e-04,1.565208728772758962e-01,2.937818677679405183e-09
6.143942064495772826e+01,1.719684526883786136e-03,4.198488142054735870e-05,2.687019742055607734e-04,1.562507366932419095e-01,6.227357850416630482e-11
6.165204502006390896e+01,1.703492321052719376e-03,4.144612690053520800e-05,2.657125494071333198e-04,1.559810667317414468e-01,3.075305490413382034e-09
6.186540522770900452e+01,1.687451207690580848e-03,4.091425251672283154e-05,2.627561699011106530e-04,1.557118621881308229e-01,4.675972778496876457e-11
6.207950381440043230e+01,1.671559788168666596e-03,4.038917079217019035e-05,2.598324725157886918e-04,1.554431222591546591e-01,2.789549570551217957e-09
6.229434333545835756e+01,1.655816676716444441e-03,3.987079535776908931e-05,2.569410980503949028e-04,1.551748461429438841e-01,4.795028500723239446e-10
6.250992635504584172e+01,1.640220500304058558e-03,3.935904093826353531e-05,2.540816912318684243e-04,1.549070330390137362e-01,2.075113437787728099e-09
6.272625544620021287e+01,1.624769898525764292e-03,3.885382333844196180e-05,2.512539006720857426e-04,1.546396821482605433e-01,1.276561550674729843e-09
6.294333319086295120e+01,1.609463523484616111e-03,3.835505942950882780e-05,2.484573788255827159e-04,1.543727926729602518e-01,1.116956165611784451e-09
6.316116217991119441e+01,1.594300039677987993e-03,3.786266713562148325e-05,2.456917819476992209e-04,1.541063638167652072e-01,2.151771579037849890e-09
6.337974501318839060e+01,1.579278123884331761e-03,3.737656542060181444e-05,2.429567700532093044e-04,1.538403947847021280e-01,2.866440004868567308e-10
6.359908429953495812e+01,1.564396465050856347e-03,3.689667427481251884e-05,2.402520068753840406e-04,1.535748847831702180e-01,2.682210139141662584e-09
6.381918265682022451e+01,1.549653764182238767e-03,3.642291470219802279e-05,2.375771598254970674e-04,1.533098330199377801e-01,5.868816766458582456e-12
6.404004271197280218e+01,1.535048734230392209e-03,3.595520870749049604e-05,2.349318999527796610e-04,1.530452387041408568e-01,2.514145592264496726e-09
6.426166710101261970e+01,1.520580099985190808e-03,3.549347928357502721e-05,2.323159019048003288e-04,1.527811010462802321e-01,4.878206597002849813e-10
6.448405846908219985e+01,1.506246597966206429e-03,3.503765039901446154e-05,2.297288438882780573e-04,1.525174192582190724e-01,1.639790649460088648e-09
6.470721947047776723e+01,1.492046976315471304e-03,3.458764698573257965e-05,2.271704076303276401e-04,1.522541925531812612e-01,1.493662687583261744e-09
6.493115276868167030e+01,1.477979994691117809e-03,3.414339492684920679e-05,2.246402783401083036e-04,1.519914201457481517e-01,5.453712577609463430e-10
6.515586103639380156e+01,1.464044424162102209e-03,3.370482104467173196e-05,2.221381446709077201e-04,1.517291012518566240e-01,2.341389495069008620e-09
6.538134695556315990e+01,1.450239047103826350e-03,3.327185308883641619e-05,2.196636986826285313e-04,1.514672350887972252e-01,1.248589209606574708e-12
6.560761321742069185e+01,1.436562657094667692e-03,3.284441972459728796e-05,2.172166358046730996e-04,1.512058208752107280e-01,2.324570562157097593e-09
6.583466252251045603e+01,1.423014058813578580e-03,3.242245052126642023e-05,2.147966547992536724e-04,1.509448578310869926e-01,4.788720401312087439e-10
6.606249758072266332e+01,1.409592067938473300e-03,3.200587594079545883e-05,2.124034577250758925e-04,1.506843451777617471e-01,1.355864458615301852e-09
6.629112111132570817e+01,1.396295511045637320e-03,3.159462732650368061e-05,2.100367499014325152e-04,1.504242821379145334e-01,1.600823807891110550e-09
6.652053584299819988e+01,1.383123225510031430e-03,3.118863689194745881e-05,2.076962398726840784e-04,1.501646679355669034e-01,2.484357101549471515e-10
6.675074451386234387e+01,1.370074059403431164e-03,3.078783770986038442e-05,2.053816393726626472e-04,1.499055017960792546e-01,2.275734891129213646e-09
6.698174987151617188e+01,1.357146871025107990e-03,3.039216369298448369e-05,2.030926632343393694e-04,1.496467829461488319e-01,1.020190476694030446e-10
6.721355467306602804e+01,1.344340528467628240e-03,3.000154957597419268e-05,2.008290293055585473e-04,1.493885106138080066e-01,1.718507826280221874e-09
6.744616168516029120e+01,1.331653910190343584e-03,2.961593091998009642e-05,1.985904585158073342e-04,1.491306840284209179e-01,1.104633749561738511e-09
6.767957368402143459e+01,1.319085905009725369e-03,2.923524410411180237e-05,1.963766748553721377e-04,1.488733024206822242e-01,4.738743352511358750e-10
6.791379345548004665e+01,1.306635412003923817e-03,2.885942631507847680e-05,1.941874053418486982e-04,1.486163650226139388e-01,2.070474483079935343e-09
6.814882379500761544e+01,1.294301340418266581e-03,2.848841553696228055e-05,1.920223799870287391e-04,1.483598710675635701e-01,3.343895702518010345e-11
6.838466750774966840e+01,1.282082609571618586e-03,2.812215054112078767e-05,1.898813317641469506e-04,1.481038197902020404e-01,1.705027408601501141e-09
6.862132740855999202e+01,1.269978148763552857e-03,2.776057087621564912e-05,1.877639965754770328e-04,1.478482104265207431e-01,9.870641994651874051e-10
6.885880632203331686e+01,1.257986897182460052e-03,2.740361685836975830e-05,1.856701132202959615e-04,1.475930422138301001e-01,4.290691634402920707e-10
6.909710708253982148e+01,1.246107803814433404e-03,2.705122956144671105e-05,1.835994233631860900e-04,1.473383143907564807e-01,1.967468424750615741e-09
6.933623253425867006e+01,1.234339827353012151e-03,2.670335080745405112e-05,1.815516715026875040e-04,1.470840261972402863e-01,7.864756806763082925e-11
6.957618553121155003e+01,1.222681936109807493e-03,2.635992315706898645e-05,1.795266049403008708e-04,1.468301768745341185e-01,1.422820756173468616e-09
6.981696893729747444e+01,1.211133107925858442e-03,2.602088990028144657e-05,1.775239737498134356e-04,1.465767656651995876e-01,1.193973619680354208e-09
7.005858562632657538e+01,1.199692330083866956e-03,2.568619504715736787e-05,1.755435307469714471e-04,1.463237918131057025e-01,1.706042202672943586e-10
7.030103848205406791e+01,1.188358599221250563e-03,2.535578331871881865e-05,1.735850314594845662e-04,1.460712545634267889e-01,1.873715829968860633e-09
7.054433039821554985e+01,1.177130921243946769e-03,2.502960013793799920e-05,1.716482340973497344e-04,1.458191531626392701e-01,3.377511036708769973e-10
7.078846427856046830e+01,1.166008311241052090e-03,2.470759162084685854e-05,1.697328995235078658e-04,1.455674868585207782e-01,8.482575216208785467e-10
7.103344303688773209e+01,1.154989793400213512e-03,2.438970456775746575e-05,1.678387912248132221e-04,1.453162549001467130e-01,1.586583119635110735e-09
7.127926959708004517e+01,1.144074400923841351e-03,2.407588645459495885e-05,1.659656752833282660e-04,1.450654565378884375e-01,2.424252320371462843e-12
7.152594689313851006e+01,1.133261175946063916e-03,2.376608542433943558e-05,1.641133203479276474e-04,1.448150910234115296e-01,1.444441839893447303e-09
7.177347786921831130e+01,1.122549169450436785e-03,2.346025027857541058e-05,1.622814976062095878e-04,1.445651576096727009e-01,9.807614699600434186e-10
7.202186547966354624e+01,1.111937441188437254e-03,2.315833046914918128e-05,1.604699807567196233e-04,1.443156555509179650e-01,1.555586203893934205e-10
7.227111268904204167e+01,1.101425059598715563e-03,2.286027608993178482e-05,1.586785459814785755e-04,1.440665841026808058e-01,1.673115828797562639e-09
7.252122247218169093e+01,1.091011101727024177e-03,2.256603786868437484e-05,1.569069719187999765e-04,1.438179425217790408e-01,4.540215310420446452e-10
7.277219781420491529e+01,1.080694653146999909e-03,2.227556715902948077e-05,1.551550396364232407e-04,1.435697300663136555e-01,5.057928884859952142e-10
7.302404171056512894e+01,1.070474807881545594e-03,2.198881593252052975e-05,1.534225326049194868e-04,1.433219459956656949e-01,1.599022590264759922e-09
7.327675716708223774e+01,1.060350668325022545e-03,2.170573677081384255e-05,1.517092366714020474e-04,1.430745895704944037e-01,1.487173932395875835e-10
7.353034719997798163e+01,1.050321345166150113e-03,2.142628285793946808e-05,1.500149400335226658e-04,1.428276600527354223e-01,8.248242311621661945e-10
7.378481483591295387e+01,1.040385957311561627e-03,2.115040797266822735e-05,1.483394332137429994e-04,1.425811567055976503e-01,1.395797978068084706e-09
7.404016311202158818e+01,1.030543631810147687e-03,2.087806648097772802e-05,1.466825090339011605e-04,1.423350787935622475e-01,2.715509917144277319e-11
7.429639507594941961e+01,1.020793503778011585e-03,2.060921332861115633e-05,1.450439625900419094e-04,1.420894255823792196e-01,1.024860958948979404e-09
7.455351378588898115e+01,1.011134716324165253e-03,2.034380403373180053e-05,1.434235912275306634e-04,1.418441963390659755e-01,1.196621558508783680e-09
7.481152231061598457e+01,1.001566420476917999e-03,2.008179467967047361e-05,1.418211945164402099e-04,1.415993903319052172e-01,6.230775742742593978e-13
7.507042372952665232e+01,9.920877751108888882e-04,1.982314190776336522e-05,1.402365742271978726e-04,1.413550068304421647e-01,1.106793416096915808e-09
7.533022113267415421e+01,9.826979468747507399e-04,1.956780291028197287e-05,1.386695343065082544e-04,1.411110451054827519e-01,1.065250706722696843e-09
7.559091762080504395e+01,9.733961101196134764e-04,1.931573542345192411e-05,1.371198808535353483e-04,1.408675044290917666e-01,1.090951352708013108e-12
7.585251630539723067e+01,9.641814468280429260e-04,1.906689772055928032e-05,1.355874220963403304e-04,1.406243840745897422e-01,1.096377543997889315e-09
7.611502030869600333e+01,9.550531465437924871e-04,1.882124860514579928e-05,1.340719683685872329e-04,1.403816833165520417e-01,1.018655139999763569e-09
7.637843276375227219e+01,9.460104063021093114e-04,1.857874740428820646e-05,1.325733320864907181e-04,1.401394014308054992e-01,1.570323218064747362e-13
7.664275681445953126e+01,9.370524305607442431e-04,1.833935396196419230e-05,1.310913277260260408e-04,1.398975376944268656e-01,1.009442630535169635e-09
7.690799561559101960e+01,9.281784311315685859e-04,1.810302863250161528e-05,1.296257718003839584e-04,1.396560913857408937e-01,1.049690975080911521e-09
7.717415233283811915e+01,9.193876271128068045e-04,1.786973227411014833e-05,1.281764828376690446e-04,1.394150617843175344e-01,6.840254267226073101e-12
7.744123014284781448e+01,9.106792448219270131e-04,1.763942624249559236e-05,1.267432813588474508e-04,1.391744481709700776e-01,8.450488578117531237e-10
7.770923223326009577e+01,9.020525177291299421e-04,1.741207238455468493e-05,1.253259898559329485e-04,1.389342498277534588e-01,1.131901545165103333e-09
7.797816180274709552e+01,8.935066863914318310e-04,1.718763303214890326e-05,1.239244327704076463e-04,1.386944660379611505e-01,6.115560330191840343e-11
7.824802206104999414e+01,8.850409983874089025e-04,1.696607099595865410e-05,1.225384364718879002e-04,1.384550960861241076e-01,6.000278577617637497e-10
7.851881622901849767e+01,8.766547082524659383e-04,1.674734955941319838e-05,1.211678292370109265e-04,1.382161392580076864e-01,1.208721862295511557e-09
7.879054753864863869e+01,8.683470774147690387e-04,1.653143247269903837e-05,1.198124412285628119e-04,1.379775948406100072e-01,2.194027609066201467e-10
7.906321923312117406e+01,8.601173741317469368e-04,1.631828394684363306e-05,1.184721044748314825e-04,1.377394621221600113e-01,3.027304788348509315e-10
7.933683456684104840e+01,8.519648734271391844e-04,1.610786864787303925e-05,1.171466528491793454e-04,1.375017403921146852e-01,1.184714228466858744e-09
7.961139680547526609e+01,8.438888570286914989e-04,1.590015169104506387e-05,1.158359220498496171e-04,1.372644289411577012e-01,5.133002940471087655e-10
7.988690922599276689e+01,8.358886133063558052e-04,1.569509863515378402e-05,1.145397495799828233e-04,1.370275270611966689e-01,5.412124634201695761e-11
8.016337511670320737e+01,8.279634372111118520e-04,1.549267547690729119e-05,1.132579747278594919e-04,1.367910340453612206e-01,9.554082242346211167e-10
8.044079777729565706e+01,8.201126302143346139e-04,1.529284864537626781e-05,1.119904385473565953e-04,1.365549491880013455e-01,8.754072216849947241e-10
8.071918051887894308e+01,8.123355002476963151e-04,1.509558499651214591e-05,1.107369838386133387e-04,1.363192717846844759e-01,2.763032190402254785e-11
8.099852666402065893e+01,8.046313616436561985e-04,1.490085180773550001e-05,1.094974551289140744e-04,1.360840011321939602e-01,5.128224559009136004e-10
8.127883954678648593e+01,7.969995350764882752e-04,1.470861677259267694e-05,1.082716986537784061e-04,1.358491365285270092e-01,1.084996608643914801e-09
8.156012251278089309e+01,7.894393475038254809e-04,1.451884799547934309e-05,1.070595623382537408e-04,1.356146772728920036e-01,3.455592357077789503e-10
8.184237891918596119e+01,7.819501321087908184e-04,1.433151398643206350e-05,1.058608957784201694e-04,1.353806226657072731e-01,8.208018364148229850e-11
8.212561213480246636e+01,7.745312282426127046e-04,1.414658365598450121e-05,1.046755502230895668e-04,1.351469720085982096e-01,8.802759233941252360e-10
8.240982554008965622e+01,7.671819813677932618e-04,1.396402631008940897e-05,1.035033785557089303e-04,1.349137246043954907e-01,8.366815809242216750e-10
8.269502252720513980e+01,7.599017430018064571e-04,1.378381164510498704e-05,1.023442352764623289e-04,1.346808797571333316e-01,6.580465249748088823e-11
8.298120650004624110e+01,7.526898706612880369e-04,1.360590974284403828e-05,1.011979764845643507e-04,1.344484367720469031e-01,3.178608546681768695e-10
8.326838087429024426e+01,7.455457277872396720e-04,1.343029106533461196e-05,1.000644598581302224e-04,1.342163949555702507e-01,9.796804051564460310e-10
8.355654907743463866e+01,7.384686832192976971e-04,1.325692644154560670e-05,9.894354457377841012e-05,1.339847536153349061e-01,5.703168133408975094e-10
8.384571454883914043e+01,7.314581111376619420e-04,1.308578706270544631e-05,9.783509128955816207e-05,1.337535120601668903e-01,1.341467571805657031e-12
8.413588073976549708e+01,7.245133915177161222e-04,1.291684448681274204e-05,9.673896219645739230e-05,1.335226696000854918e-01,4.770695876081787431e-10
8.442705111341973634e+01,7.176339101010873389e-04,1.275007063441693683e-05,9.565502100486769058e-05,1.332922255463005190e-01,9.456136475020991460e-10
8.471922914499305080e+01,7.108190583419498818e-04,1.258543778400206726e-05,9.458313292784050028e-05,1.330621792112106072e-01,4.265866259395184417e-10
8.501241832170286727e+01,7.040682333538676643e-04,1.242291856742991094e-05,9.352316466453290981e-05,1.328325299084013311e-01,2.684923140902399471e-12
8.530662214283543676e+01,6.973808378570538593e-04,1.226248596543962591e-05,9.247498438382485632e-05,1.326032769526425958e-01,5.063608641291831529e-10
8.560184411978646324e+01,6.907562801262145946e-04,1.210411330320656376e-05,9.143846170813019832e-05,1.323744196598873046e-01,8.959133962786754235e-10
8.589808777610406310e+01,6.841939739388016098e-04,1.194777424595598240e-05,9.041346769737510782e-05,1.321459573472686388e-01,4.103380268943784256e-10
8.619535664753033188e+01,6.776933385238024599e-04,1.179344279463375899e-05,8.939987483316089883e-05,1.319178893330983093e-01,2.044317809178813918e-13
8.649365428204311002e+01,6.712537985110029982e-04,1.164109328163213465e-05,8.839755700310097865e-05,1.316902149368648911e-01,4.190749755140142876e-10
8.679298423989924061e+01,6.648747838806876595e-04,1.149070036656904584e-05,8.740638948532499679e-05,1.314629334792311033e-01,8.503013095087326718e-10
8.709335009367661939e+01,6.585557299138531133e-04,1.134223903212216559e-05,8.642624893316039640e-05,1.312360442820320883e-01,5.045182126235906889e-10
8.739475542831631572e+01,6.522960771428770645e-04,1.119568457991582333e-05,8.545701335998170532e-05,1.310095466682738297e-01,1.982884922254258355e-11
8.769720384116651246e+01,6.460952713026211700e-04,1.105101262645959373e-05,8.449856212422257953e-05,1.307834399621302102e-01,2.365088813639241718e-10
8.800069894202420073e+01,6.399527632820432030e-04,1.090819909913983861e-05,8.355077591456129169e-05,1.305577234889419014e-01,7.431916200183541807e-10
8.830524435317923349e+01,6.338680090762017008e-04,1.076722023226099851e-05,8.261353673526074574e-05,1.303323965752138103e-01,6.691562674958259044e-10
8.861084370945725652e+01,6.278404697387534889e-04,1.062805256313813998e-05,8.168672789167658336e-05,1.301074585486129975e-01,1.548299553783448414e-10
8.891750065826251159e+01,6.218696113348896578e-04,1.049067292823929807e-05,8.077023397592469542e-05,1.298829087379673453e-01,4.022924787890354856e-11
8.922521885962235899e+01,6.159549048946842947e-04,1.035505845937621005e-05,7.986394085270254086e-05,1.296587464732627537e-01,4.783734620316349732e-10
8.953400198623043593e+01,6.100958263669114829e-04,1.022118657994432589e-05,7.896773564527172727e-05,1.294349710856414759e-01,7.584426567108715757e-10
8.984385372349012755e+01,6.042918565732852479e-04,1.008903500121049500e-05,7.808150672159411439e-05,1.292115819074004246e-01,4.581673532978608076e-10
9.015477776955950162e+01,5.985424811631046699e-04,9.958581718647432809e-06,7.720514368061734780e-05,1.289885782719885354e-01,4.316520877909361558e-11
9.046677783539432482e+01,5.928471905683609751e-04,9.829805008315685636e-06,7.633853733871745289e-05,1.287659595140054625e-01,1.114088982706330011e-10
9.077985764479336694e+01,5.872054799592343974e-04,9.702683423290982904e-06,7.548157971628633237e-05,1.285437249691990247e-01,5.345521164704225114e-10
9.109402093444242610e+01,5.816168492000161564e-04,9.577195790137335961e-06,7.463416402446895151e-05,1.283218739744634018e-01,7.041996547372624378e-10
9.140927145395843922e+01,5.760808028054520804e-04,9.453321205425251547e-06,7.379618465204812396e-05,1.281004058678375801e-01,3.996074298004993971e-10
9.172561296593532632e+01,5.705968498974765433e-04,9.331039032293777526e-06,7.296753715247094848e-05,1.278793199885025211e-01,4.053847053224442653e-11
9.204304924598761772e+01,5.651645041623678308e-04,9.210328897056907740e-06,7.214811823102176217e-05,1.276586156767802183e-01,8.379764776115421875e-11
9.236158408279669629e+01,5.597832838082916502e-04,9.091170685852663759e-06,7.133782573213373601e-05,1.274382922741307267e-01,4.470486025576284337e-10
9.268122127815547628e+01,5.544527115232374473e-04,8.973544541335028038e-06,7.053655862684082031e-05,1.272183491231507757e-01,6.650993785880448160e-10
9.300196464701328125e+01,5.491723144333774537e-04,8.857430859408416758e-06,6.974421700037172073e-05,1.269987855675719923e-01,4.833287022025074755e-10
9.332381801752242723e+01,5.439416240617647638e-04,8.742810286002784839e-06,6.896070203987381586e-05,1.267796009522582645e-01,1.297507586778169995e-10
9.364678523108332797e+01,5.387601762874701886e-04,8.629663713890806464e-06,6.818591602227981011e-05,1.265607946232042147e-01,5.669700361554682983e-12
9.397087014238996971e+01,5.336275113050650788e-04,8.517972279544967806e-06,6.741976230230356916e-05,1.263423659275335342e-01,2.273491568400416679e-10
9.429607661947692065e+01,5.285431735844871954e-04,8.407717360034619363e-06,6.666214530056833662e-05,1.261243142134962081e-01,5.347568955314729990e-10
9.462240854376430832e+01,5.235067118313060019e-04,8.298880569963131937e-06,6.591297049186990665e-05,1.259066388304675710e-01,6.033099061100219420e-10
9.494986981010521276e+01,5.185176789473164684e-04,8.191443758443133500e-06,6.517214439356293495e-05,1.256893391289454764e-01,3.763397649891409308e-10
9.527846432683173816e+01,5.135756319915437892e-04,8.085389006111117860e-06,6.443957455408127056e-05,1.254724144605487979e-01,8.791663198655403648e-11
9.560819601580107019e+01,5.086801321415909249e-04,7.980698622179659889e-06,6.371516954158218502e-05,1.252558641780156801e-01,7.258766233586325013e-12
9.593906881244335239e+01,5.038307446553354739e-04,7.877355141526893423e-06,6.299883893271391580e-05,1.250396876352010966e-01,1.894065193867718527e-10
9.627108666580814145e+01,4.990270388330150146e-04,7.775341321823634703e-06,6.229049330151134904e-05,1.248238841870751986e-01,4.540652142542745500e-10
9.660425353861101883e+01,4.942685879796397674e-04,7.674640140696640226e-06,6.159004420841076113e-05,1.246084531897216630e-01,5.695277624520105037e-10
9.693857340728204974e+01,4.895549693677684645e-04,7.575234792928047324e-06,6.089740418938679735e-05,1.243933940003350835e-01,4.497888491115620622e-10
9.727405026201195426e+01,4.848857642006301348e-04,7.477108687690637437e-06,6.021248674520962753e-05,1.241787059772199026e-01,2.029592497439365571e-10
9.761068810680085051e+01,4.802605575755835091e-04,7.380245445817970057e-06,5.953520633081907360e-05,1.239643884797876766e-01,2.183311440015316914e-11
9.794849095950559104e+01,4.756789384479246166e-04,7.284628897109539781e-06,5.886547834481719297e-05,1.237504408685555918e-01,3.008792072203706218e-11
9.828746285188715603e+01,4.711404995950356348e-04,7.190243077670250058e-06,5.820321911907714939e-05,1.235368625051448122e-01,2.047179158384658216e-10
9.862760782965997919e+01,4.666448375808530903e-04,7.097072227283409112e-06,5.754834590846421064e-05,1.233236527522778292e-01,4.133397119315672763e-10
9.896892995253891456e+01,4.621915527206882086e-04,7.005100786817659703e-06,5.690077688067333181e-05,1.231108109737774348e-01,5.172060582092668229e-10
9.931143329428881827e+01,4.577802490463505161e-04,6.914313395666344315e-06,5.626043110617493523e-05,1.228983365345640705e-01,4.591642574908495596e-10
9.965512194277268065e+01,4.534105342716185480e-04,6.824694889219910560e-06,5.562722854827466712e-05,1.226862288006542318e-01,2.851000793337083663e-10
9.999999999999995737e+01,4.490820197580305600e-04,6.736230296370460636e-06,5.500109005328242826e-05,1.224744871391589274e-01,1.008892617800801536e-10
